[09-Sep-2025 18:38:13 UTC] PHP Fatal error:  Uncaught Error: Call to undefined function downloadTelegramFile() in /home/edep2025/public_html/actions/telegram_webhook.php:77
Stack trace:
#0 {main}
  thrown in /home/edep2025/public_html/actions/telegram_webhook.php on line 77
[09-Sep-2025 18:38:13 UTC] PHP Fatal error:  Uncaught Error: Call to undefined function downloadTelegramFile() in /home/edep2025/public_html/actions/telegram_webhook.php:77
Stack trace:
#0 {main}
  thrown in /home/edep2025/public_html/actions/telegram_webhook.php on line 77
[09-Sep-2025 18:38:15 UTC] PHP Fatal error:  Uncaught Error: Call to undefined function downloadTelegramFile() in /home/edep2025/public_html/actions/telegram_webhook.php:77
Stack trace:
#0 {main}
  thrown in /home/edep2025/public_html/actions/telegram_webhook.php on line 77
[09-Sep-2025 18:38:19 UTC] PHP Fatal error:  Uncaught Error: Call to undefined function downloadTelegramFile() in /home/edep2025/public_html/actions/telegram_webhook.php:77
Stack trace:
#0 {main}
  thrown in /home/edep2025/public_html/actions/telegram_webhook.php on line 77
[09-Sep-2025 18:38:27 UTC] PHP Fatal error:  Uncaught Error: Call to undefined function downloadTelegramFile() in /home/edep2025/public_html/actions/telegram_webhook.php:77
Stack trace:
#0 {main}
  thrown in /home/edep2025/public_html/actions/telegram_webhook.php on line 77
[09-Sep-2025 18:38:43 UTC] PHP Fatal error:  Uncaught Error: Call to undefined function downloadTelegramFile() in /home/edep2025/public_html/actions/telegram_webhook.php:77
Stack trace:
#0 {main}
  thrown in /home/edep2025/public_html/actions/telegram_webhook.php on line 77
[09-Sep-2025 18:39:15 UTC] PHP Fatal error:  Uncaught Error: Call to undefined function downloadTelegramFile() in /home/edep2025/public_html/actions/telegram_webhook.php:77
Stack trace:
#0 {main}
  thrown in /home/edep2025/public_html/actions/telegram_webhook.php on line 77
[09-Sep-2025 18:40:19 UTC] PHP Fatal error:  Uncaught Error: Call to undefined function downloadTelegramFile() in /home/edep2025/public_html/actions/telegram_webhook.php:77
Stack trace:
#0 {main}
  thrown in /home/edep2025/public_html/actions/telegram_webhook.php on line 77
[09-Sep-2025 18:42:09 UTC] PHP Fatal error:  Uncaught Error: Call to undefined function downloadTelegramFile() in /home/edep2025/public_html/actions/telegram_webhook.php:77
Stack trace:
#0 {main}
  thrown in /home/edep2025/public_html/actions/telegram_webhook.php on line 77
[09-Sep-2025 18:43:58 UTC] PHP Fatal error:  Uncaught Error: Call to undefined function downloadTelegramFile() in /home/edep2025/public_html/actions/telegram_webhook.php:77
Stack trace:
#0 {main}
  thrown in /home/edep2025/public_html/actions/telegram_webhook.php on line 77
[09-Sep-2025 18:45:31 UTC] PHP Fatal error:  Uncaught Error: Call to undefined function downloadTelegramFile() in /home/edep2025/public_html/actions/telegram_webhook.php:77
Stack trace:
#0 {main}
  thrown in /home/edep2025/public_html/actions/telegram_webhook.php on line 77
[09-Sep-2025 18:46:57 UTC] PHP Fatal error:  Uncaught Error: Call to undefined function downloadTelegramFile() in /home/edep2025/public_html/actions/telegram_webhook.php:77
Stack trace:
#0 {main}
  thrown in /home/edep2025/public_html/actions/telegram_webhook.php on line 77
[09-Sep-2025 18:48:44 UTC] PHP Fatal error:  Uncaught Error: Call to undefined function downloadTelegramFile() in /home/edep2025/public_html/actions/telegram_webhook.php:77
Stack trace:
#0 {main}
  thrown in /home/edep2025/public_html/actions/telegram_webhook.php on line 77
[09-Sep-2025 18:50:44 UTC] PHP Fatal error:  Uncaught Error: Call to undefined function downloadTelegramFile() in /home/edep2025/public_html/actions/telegram_webhook.php:77
Stack trace:
#0 {main}
  thrown in /home/edep2025/public_html/actions/telegram_webhook.php on line 77
[09-Sep-2025 18:52:01 UTC] PHP Fatal error:  Uncaught Error: Call to undefined function downloadTelegramFile() in /home/edep2025/public_html/actions/telegram_webhook.php:77
Stack trace:
#0 {main}
  thrown in /home/edep2025/public_html/actions/telegram_webhook.php on line 77
[09-Sep-2025 18:53:35 UTC] PHP Fatal error:  Uncaught Error: Call to undefined function downloadTelegramFile() in /home/edep2025/public_html/actions/telegram_webhook.php:77
Stack trace:
#0 {main}
  thrown in /home/edep2025/public_html/actions/telegram_webhook.php on line 77
[09-Sep-2025 18:55:32 UTC] PHP Fatal error:  Uncaught Error: Call to undefined function downloadTelegramFile() in /home/edep2025/public_html/actions/telegram_webhook.php:77
Stack trace:
#0 {main}
  thrown in /home/edep2025/public_html/actions/telegram_webhook.php on line 77
[09-Sep-2025 18:57:09 UTC] PHP Fatal error:  Uncaught Error: Call to undefined function downloadTelegramFile() in /home/edep2025/public_html/actions/telegram_webhook.php:77
Stack trace:
#0 {main}
  thrown in /home/edep2025/public_html/actions/telegram_webhook.php on line 77
[09-Sep-2025 18:58:40 UTC] PHP Fatal error:  Uncaught Error: Call to undefined function downloadTelegramFile() in /home/edep2025/public_html/actions/telegram_webhook.php:77
Stack trace:
#0 {main}
  thrown in /home/edep2025/public_html/actions/telegram_webhook.php on line 77
[09-Sep-2025 19:00:38 UTC] PHP Fatal error:  Uncaught Error: Call to undefined function downloadTelegramFile() in /home/edep2025/public_html/actions/telegram_webhook.php:77
Stack trace:
#0 {main}
  thrown in /home/edep2025/public_html/actions/telegram_webhook.php on line 77
[09-Sep-2025 19:02:15 UTC] PHP Fatal error:  Uncaught Error: Call to undefined function downloadTelegramFile() in /home/edep2025/public_html/actions/telegram_webhook.php:77
Stack trace:
#0 {main}
  thrown in /home/edep2025/public_html/actions/telegram_webhook.php on line 77
[09-Sep-2025 19:03:29 UTC] PHP Fatal error:  Uncaught Error: Call to undefined function downloadTelegramFile() in /home/edep2025/public_html/actions/telegram_webhook.php:77
Stack trace:
#0 {main}
  thrown in /home/edep2025/public_html/actions/telegram_webhook.php on line 77
[09-Sep-2025 19:05:26 UTC] PHP Fatal error:  Uncaught Error: Call to undefined function downloadTelegramFile() in /home/edep2025/public_html/actions/telegram_webhook.php:77
Stack trace:
#0 {main}
  thrown in /home/edep2025/public_html/actions/telegram_webhook.php on line 77
[09-Sep-2025 19:06:34 UTC] PHP Fatal error:  Uncaught Error: Call to undefined function downloadTelegramFile() in /home/edep2025/public_html/actions/telegram_webhook.php:77
Stack trace:
#0 {main}
  thrown in /home/edep2025/public_html/actions/telegram_webhook.php on line 77
[09-Sep-2025 19:08:33 UTC] PHP Fatal error:  Uncaught Error: Call to undefined function downloadTelegramFile() in /home/edep2025/public_html/actions/telegram_webhook.php:77
Stack trace:
#0 {main}
  thrown in /home/edep2025/public_html/actions/telegram_webhook.php on line 77
[09-Sep-2025 19:10:31 UTC] PHP Fatal error:  Uncaught Error: Call to undefined function downloadTelegramFile() in /home/edep2025/public_html/actions/telegram_webhook.php:77
Stack trace:
#0 {main}
  thrown in /home/edep2025/public_html/actions/telegram_webhook.php on line 77
[09-Sep-2025 19:11:51 UTC] PHP Fatal error:  Uncaught Error: Call to undefined function downloadTelegramFile() in /home/edep2025/public_html/actions/telegram_webhook.php:77
Stack trace:
#0 {main}
  thrown in /home/edep2025/public_html/actions/telegram_webhook.php on line 77
[09-Sep-2025 19:13:49 UTC] PHP Fatal error:  Uncaught Error: Call to undefined function downloadTelegramFile() in /home/edep2025/public_html/actions/telegram_webhook.php:77
Stack trace:
#0 {main}
  thrown in /home/edep2025/public_html/actions/telegram_webhook.php on line 77
[09-Sep-2025 19:15:37 UTC] PHP Fatal error:  Uncaught Error: Call to undefined function downloadTelegramFile() in /home/edep2025/public_html/actions/telegram_webhook.php:77
Stack trace:
#0 {main}
  thrown in /home/edep2025/public_html/actions/telegram_webhook.php on line 77
[09-Sep-2025 19:17:19 UTC] PHP Fatal error:  Uncaught Error: Call to undefined function downloadTelegramFile() in /home/edep2025/public_html/actions/telegram_webhook.php:77
Stack trace:
#0 {main}
  thrown in /home/edep2025/public_html/actions/telegram_webhook.php on line 77
[09-Sep-2025 19:18:23 UTC] PHP Fatal error:  Uncaught Error: Call to undefined function downloadTelegramFile() in /home/edep2025/public_html/actions/telegram_webhook.php:77
Stack trace:
#0 {main}
  thrown in /home/edep2025/public_html/actions/telegram_webhook.php on line 77
[09-Sep-2025 19:19:58 UTC] PHP Fatal error:  Uncaught Error: Call to undefined function downloadTelegramFile() in /home/edep2025/public_html/actions/telegram_webhook.php:77
Stack trace:
#0 {main}
  thrown in /home/edep2025/public_html/actions/telegram_webhook.php on line 77
[09-Sep-2025 19:21:00 UTC] PHP Fatal error:  Uncaught Error: Call to undefined function downloadTelegramFile() in /home/edep2025/public_html/actions/telegram_webhook.php:77
Stack trace:
#0 {main}
  thrown in /home/edep2025/public_html/actions/telegram_webhook.php on line 77
[09-Sep-2025 19:22:52 UTC] PHP Fatal error:  Uncaught Error: Call to undefined function downloadTelegramFile() in /home/edep2025/public_html/actions/telegram_webhook.php:77
Stack trace:
#0 {main}
  thrown in /home/edep2025/public_html/actions/telegram_webhook.php on line 77
[09-Sep-2025 19:24:27 UTC] PHP Fatal error:  Uncaught Error: Call to undefined function downloadTelegramFile() in /home/edep2025/public_html/actions/telegram_webhook.php:77
Stack trace:
#0 {main}
  thrown in /home/edep2025/public_html/actions/telegram_webhook.php on line 77
[09-Sep-2025 19:26:09 UTC] PHP Fatal error:  Uncaught Error: Call to undefined function downloadTelegramFile() in /home/edep2025/public_html/actions/telegram_webhook.php:77
Stack trace:
#0 {main}
  thrown in /home/edep2025/public_html/actions/telegram_webhook.php on line 77
[09-Sep-2025 19:27:34 UTC] PHP Fatal error:  Uncaught Error: Call to undefined function downloadTelegramFile() in /home/edep2025/public_html/actions/telegram_webhook.php:77
Stack trace:
#0 {main}
  thrown in /home/edep2025/public_html/actions/telegram_webhook.php on line 77
[09-Sep-2025 19:28:59 UTC] PHP Fatal error:  Uncaught Error: Call to undefined function downloadTelegramFile() in /home/edep2025/public_html/actions/telegram_webhook.php:77
Stack trace:
#0 {main}
  thrown in /home/edep2025/public_html/actions/telegram_webhook.php on line 77
[09-Sep-2025 19:30:21 UTC] PHP Fatal error:  Uncaught Error: Call to undefined function downloadTelegramFile() in /home/edep2025/public_html/actions/telegram_webhook.php:77
Stack trace:
#0 {main}
  thrown in /home/edep2025/public_html/actions/telegram_webhook.php on line 77
[09-Sep-2025 19:31:24 UTC] PHP Fatal error:  Uncaught Error: Call to undefined function downloadTelegramFile() in /home/edep2025/public_html/actions/telegram_webhook.php:77
Stack trace:
#0 {main}
  thrown in /home/edep2025/public_html/actions/telegram_webhook.php on line 77
[09-Sep-2025 19:33:05 UTC] PHP Fatal error:  Uncaught Error: Call to undefined function downloadTelegramFile() in /home/edep2025/public_html/actions/telegram_webhook.php:77
Stack trace:
#0 {main}
  thrown in /home/edep2025/public_html/actions/telegram_webhook.php on line 77
[09-Sep-2025 19:34:38 UTC] PHP Fatal error:  Uncaught Error: Call to undefined function downloadTelegramFile() in /home/edep2025/public_html/actions/telegram_webhook.php:77
Stack trace:
#0 {main}
  thrown in /home/edep2025/public_html/actions/telegram_webhook.php on line 77
[09-Sep-2025 19:35:41 UTC] PHP Fatal error:  Uncaught Error: Call to undefined function downloadTelegramFile() in /home/edep2025/public_html/actions/telegram_webhook.php:77
Stack trace:
#0 {main}
  thrown in /home/edep2025/public_html/actions/telegram_webhook.php on line 77
[09-Sep-2025 19:37:15 UTC] PHP Fatal error:  Uncaught Error: Call to undefined function downloadTelegramFile() in /home/edep2025/public_html/actions/telegram_webhook.php:77
Stack trace:
#0 {main}
  thrown in /home/edep2025/public_html/actions/telegram_webhook.php on line 77
[09-Sep-2025 19:39:59 UTC] PHP Fatal error:  Uncaught Error: Call to undefined function downloadTelegramFile() in /home/edep2025/public_html/actions/telegram_webhook.php:77
Stack trace:
#0 {main}
  thrown in /home/edep2025/public_html/actions/telegram_webhook.php on line 77
[09-Sep-2025 19:41:33 UTC] PHP Fatal error:  Uncaught Error: Call to undefined function downloadTelegramFile() in /home/edep2025/public_html/actions/telegram_webhook.php:77
Stack trace:
#0 {main}
  thrown in /home/edep2025/public_html/actions/telegram_webhook.php on line 77
[09-Sep-2025 19:42:33 UTC] PHP Fatal error:  Uncaught Error: Call to undefined function downloadTelegramFile() in /home/edep2025/public_html/actions/telegram_webhook.php:77
Stack trace:
#0 {main}
  thrown in /home/edep2025/public_html/actions/telegram_webhook.php on line 77
[09-Sep-2025 19:43:54 UTC] PHP Fatal error:  Uncaught Error: Call to undefined function downloadTelegramFile() in /home/edep2025/public_html/actions/telegram_webhook.php:77
Stack trace:
#0 {main}
  thrown in /home/edep2025/public_html/actions/telegram_webhook.php on line 77
[09-Sep-2025 19:45:33 UTC] PHP Fatal error:  Uncaught Error: Call to undefined function downloadTelegramFile() in /home/edep2025/public_html/actions/telegram_webhook.php:77
Stack trace:
#0 {main}
  thrown in /home/edep2025/public_html/actions/telegram_webhook.php on line 77
[09-Sep-2025 19:47:30 UTC] PHP Fatal error:  Uncaught Error: Call to undefined function downloadTelegramFile() in /home/edep2025/public_html/actions/telegram_webhook.php:77
Stack trace:
#0 {main}
  thrown in /home/edep2025/public_html/actions/telegram_webhook.php on line 77
[09-Sep-2025 19:49:30 UTC] PHP Fatal error:  Uncaught Error: Call to undefined function downloadTelegramFile() in /home/edep2025/public_html/actions/telegram_webhook.php:77
Stack trace:
#0 {main}
  thrown in /home/edep2025/public_html/actions/telegram_webhook.php on line 77
[09-Sep-2025 19:50:37 UTC] PHP Fatal error:  Uncaught Error: Call to undefined function downloadTelegramFile() in /home/edep2025/public_html/actions/telegram_webhook.php:77
Stack trace:
#0 {main}
  thrown in /home/edep2025/public_html/actions/telegram_webhook.php on line 77
[09-Sep-2025 19:52:12 UTC] PHP Fatal error:  Uncaught Error: Call to undefined function downloadTelegramFile() in /home/edep2025/public_html/actions/telegram_webhook.php:77
Stack trace:
#0 {main}
  thrown in /home/edep2025/public_html/actions/telegram_webhook.php on line 77
[09-Sep-2025 19:54:01 UTC] PHP Fatal error:  Uncaught Error: Call to undefined function downloadTelegramFile() in /home/edep2025/public_html/actions/telegram_webhook.php:77
Stack trace:
#0 {main}
  thrown in /home/edep2025/public_html/actions/telegram_webhook.php on line 77
[09-Sep-2025 19:55:26 UTC] PHP Fatal error:  Uncaught Error: Call to undefined function downloadTelegramFile() in /home/edep2025/public_html/actions/telegram_webhook.php:77
Stack trace:
#0 {main}
  thrown in /home/edep2025/public_html/actions/telegram_webhook.php on line 77
[09-Sep-2025 19:56:56 UTC] PHP Fatal error:  Uncaught Error: Call to undefined function downloadTelegramFile() in /home/edep2025/public_html/actions/telegram_webhook.php:77
Stack trace:
#0 {main}
  thrown in /home/edep2025/public_html/actions/telegram_webhook.php on line 77
[09-Sep-2025 19:58:01 UTC] PHP Fatal error:  Uncaught Error: Call to undefined function downloadTelegramFile() in /home/edep2025/public_html/actions/telegram_webhook.php:77
Stack trace:
#0 {main}
  thrown in /home/edep2025/public_html/actions/telegram_webhook.php on line 77
[09-Sep-2025 19:59:13 UTC] PHP Fatal error:  Uncaught Error: Call to undefined function downloadTelegramFile() in /home/edep2025/public_html/actions/telegram_webhook.php:77
Stack trace:
#0 {main}
  thrown in /home/edep2025/public_html/actions/telegram_webhook.php on line 77
[09-Sep-2025 20:00:46 UTC] PHP Fatal error:  Uncaught Error: Call to undefined function downloadTelegramFile() in /home/edep2025/public_html/actions/telegram_webhook.php:77
Stack trace:
#0 {main}
  thrown in /home/edep2025/public_html/actions/telegram_webhook.php on line 77
[09-Sep-2025 20:01:09 UTC] PHP Fatal error:  Uncaught Error: Call to a member function bind_param() on bool in /home/edep2025/public_html/actions/telegram_webhook.php:34
Stack trace:
#0 {main}
  thrown in /home/edep2025/public_html/actions/telegram_webhook.php on line 34
[09-Sep-2025 20:01:09 UTC] PHP Fatal error:  Uncaught Error: Call to a member function bind_param() on bool in /home/edep2025/public_html/actions/telegram_webhook.php:34
Stack trace:
#0 {main}
  thrown in /home/edep2025/public_html/actions/telegram_webhook.php on line 34
[09-Sep-2025 20:01:11 UTC] PHP Fatal error:  Uncaught Error: Call to a member function bind_param() on bool in /home/edep2025/public_html/actions/telegram_webhook.php:34
Stack trace:
#0 {main}
  thrown in /home/edep2025/public_html/actions/telegram_webhook.php on line 34
[09-Sep-2025 20:01:16 UTC] PHP Fatal error:  Uncaught Error: Call to a member function bind_param() on bool in /home/edep2025/public_html/actions/telegram_webhook.php:34
Stack trace:
#0 {main}
  thrown in /home/edep2025/public_html/actions/telegram_webhook.php on line 34
[09-Sep-2025 20:01:24 UTC] PHP Fatal error:  Uncaught Error: Call to a member function bind_param() on bool in /home/edep2025/public_html/actions/telegram_webhook.php:34
Stack trace:
#0 {main}
  thrown in /home/edep2025/public_html/actions/telegram_webhook.php on line 34
[09-Sep-2025 20:01:40 UTC] PHP Fatal error:  Uncaught Error: Call to a member function bind_param() on bool in /home/edep2025/public_html/actions/telegram_webhook.php:34
Stack trace:
#0 {main}
  thrown in /home/edep2025/public_html/actions/telegram_webhook.php on line 34
[09-Sep-2025 20:02:02 UTC] PHP Fatal error:  Uncaught Error: Call to undefined function downloadTelegramFile() in /home/edep2025/public_html/actions/telegram_webhook.php:77
Stack trace:
#0 {main}
  thrown in /home/edep2025/public_html/actions/telegram_webhook.php on line 77
[09-Sep-2025 20:02:12 UTC] PHP Fatal error:  Uncaught Error: Call to a member function bind_param() on bool in /home/edep2025/public_html/actions/telegram_webhook.php:34
Stack trace:
#0 {main}
  thrown in /home/edep2025/public_html/actions/telegram_webhook.php on line 34
[09-Sep-2025 20:03:11 UTC] PHP Fatal error:  Uncaught Error: Call to undefined function downloadTelegramFile() in /home/edep2025/public_html/actions/telegram_webhook.php:77
Stack trace:
#0 {main}
  thrown in /home/edep2025/public_html/actions/telegram_webhook.php on line 77
[09-Sep-2025 20:03:16 UTC] PHP Fatal error:  Uncaught Error: Call to a member function bind_param() on bool in /home/edep2025/public_html/actions/telegram_webhook.php:34
Stack trace:
#0 {main}
  thrown in /home/edep2025/public_html/actions/telegram_webhook.php on line 34
[09-Sep-2025 20:04:54 UTC] PHP Fatal error:  Uncaught Error: Call to a member function bind_param() on bool in /home/edep2025/public_html/actions/telegram_webhook.php:34
Stack trace:
#0 {main}
  thrown in /home/edep2025/public_html/actions/telegram_webhook.php on line 34
[09-Sep-2025 20:04:59 UTC] PHP Fatal error:  Uncaught Error: Call to undefined function downloadTelegramFile() in /home/edep2025/public_html/actions/telegram_webhook.php:77
Stack trace:
#0 {main}
  thrown in /home/edep2025/public_html/actions/telegram_webhook.php on line 77
[09-Sep-2025 20:06:18 UTC] PHP Fatal error:  Uncaught Error: Call to a member function bind_param() on bool in /home/edep2025/public_html/actions/telegram_webhook.php:34
Stack trace:
#0 {main}
  thrown in /home/edep2025/public_html/actions/telegram_webhook.php on line 34
[09-Sep-2025 20:06:25 UTC] PHP Fatal error:  Uncaught Error: Call to undefined function downloadTelegramFile() in /home/edep2025/public_html/actions/telegram_webhook.php:77
Stack trace:
#0 {main}
  thrown in /home/edep2025/public_html/actions/telegram_webhook.php on line 77
[09-Sep-2025 20:07:34 UTC] PHP Fatal error:  Uncaught Error: Call to a member function bind_param() on bool in /home/edep2025/public_html/actions/telegram_webhook.php:34
Stack trace:
#0 {main}
  thrown in /home/edep2025/public_html/actions/telegram_webhook.php on line 34
[09-Sep-2025 20:07:39 UTC] PHP Fatal error:  Uncaught Error: Call to undefined function downloadTelegramFile() in /home/edep2025/public_html/actions/telegram_webhook.php:77
Stack trace:
#0 {main}
  thrown in /home/edep2025/public_html/actions/telegram_webhook.php on line 77
[09-Sep-2025 20:08:44 UTC] PHP Fatal error:  Uncaught Error: Call to a member function bind_param() on bool in /home/edep2025/public_html/actions/telegram_webhook.php:34
Stack trace:
#0 {main}
  thrown in /home/edep2025/public_html/actions/telegram_webhook.php on line 34
[09-Sep-2025 20:09:16 UTC] PHP Fatal error:  Uncaught Error: Call to undefined function downloadTelegramFile() in /home/edep2025/public_html/actions/telegram_webhook.php:77
Stack trace:
#0 {main}
  thrown in /home/edep2025/public_html/actions/telegram_webhook.php on line 77
[09-Sep-2025 20:10:03 UTC] PHP Fatal error:  Uncaught Error: Call to a member function bind_param() on bool in /home/edep2025/public_html/actions/telegram_webhook.php:34
Stack trace:
#0 {main}
  thrown in /home/edep2025/public_html/actions/telegram_webhook.php on line 34
[09-Sep-2025 20:10:43 UTC] PHP Fatal error:  Uncaught Error: Call to undefined function downloadTelegramFile() in /home/edep2025/public_html/actions/telegram_webhook.php:77
Stack trace:
#0 {main}
  thrown in /home/edep2025/public_html/actions/telegram_webhook.php on line 77
[09-Sep-2025 20:11:41 UTC] PHP Fatal error:  Uncaught Error: Call to a member function bind_param() on bool in /home/edep2025/public_html/actions/telegram_webhook.php:34
Stack trace:
#0 {main}
  thrown in /home/edep2025/public_html/actions/telegram_webhook.php on line 34
[09-Sep-2025 20:12:11 UTC] PHP Fatal error:  Uncaught Error: Call to undefined function downloadTelegramFile() in /home/edep2025/public_html/actions/telegram_webhook.php:77
Stack trace:
#0 {main}
  thrown in /home/edep2025/public_html/actions/telegram_webhook.php on line 77
[09-Sep-2025 20:12:52 UTC] PHP Fatal error:  Uncaught Error: Call to a member function bind_param() on bool in /home/edep2025/public_html/actions/telegram_webhook.php:34
Stack trace:
#0 {main}
  thrown in /home/edep2025/public_html/actions/telegram_webhook.php on line 34
[09-Sep-2025 20:13:22 UTC] PHP Fatal error:  Uncaught Error: Call to undefined function downloadTelegramFile() in /home/edep2025/public_html/actions/telegram_webhook.php:77
Stack trace:
#0 {main}
  thrown in /home/edep2025/public_html/actions/telegram_webhook.php on line 77
[09-Sep-2025 20:13:58 UTC] PHP Fatal error:  Uncaught Error: Call to a member function bind_param() on bool in /home/edep2025/public_html/actions/telegram_webhook.php:34
Stack trace:
#0 {main}
  thrown in /home/edep2025/public_html/actions/telegram_webhook.php on line 34
[09-Sep-2025 20:15:07 UTC] PHP Fatal error:  Uncaught Error: Call to a member function bind_param() on bool in /home/edep2025/public_html/actions/telegram_webhook.php:34
Stack trace:
#0 {main}
  thrown in /home/edep2025/public_html/actions/telegram_webhook.php on line 34
[09-Sep-2025 20:15:09 UTC] PHP Fatal error:  Uncaught Error: Call to undefined function downloadTelegramFile() in /home/edep2025/public_html/actions/telegram_webhook.php:77
Stack trace:
#0 {main}
  thrown in /home/edep2025/public_html/actions/telegram_webhook.php on line 77
[09-Sep-2025 20:16:25 UTC] PHP Fatal error:  Uncaught Error: Call to undefined function downloadTelegramFile() in /home/edep2025/public_html/actions/telegram_webhook.php:77
Stack trace:
#0 {main}
  thrown in /home/edep2025/public_html/actions/telegram_webhook.php on line 77
[09-Sep-2025 20:16:30 UTC] PHP Fatal error:  Uncaught Error: Call to a member function bind_param() on bool in /home/edep2025/public_html/actions/telegram_webhook.php:34
Stack trace:
#0 {main}
  thrown in /home/edep2025/public_html/actions/telegram_webhook.php on line 34
[09-Sep-2025 20:17:35 UTC] PHP Fatal error:  Uncaught Error: Call to undefined function downloadTelegramFile() in /home/edep2025/public_html/actions/telegram_webhook.php:77
Stack trace:
#0 {main}
  thrown in /home/edep2025/public_html/actions/telegram_webhook.php on line 77
[09-Sep-2025 20:17:53 UTC] PHP Fatal error:  Uncaught Error: Call to a member function bind_param() on bool in /home/edep2025/public_html/actions/telegram_webhook.php:34
Stack trace:
#0 {main}
  thrown in /home/edep2025/public_html/actions/telegram_webhook.php on line 34
[09-Sep-2025 20:19:31 UTC] PHP Fatal error:  Uncaught Error: Call to undefined function downloadTelegramFile() in /home/edep2025/public_html/actions/telegram_webhook.php:77
Stack trace:
#0 {main}
  thrown in /home/edep2025/public_html/actions/telegram_webhook.php on line 77
[09-Sep-2025 20:19:34 UTC] PHP Fatal error:  Uncaught Error: Call to a member function bind_param() on bool in /home/edep2025/public_html/actions/telegram_webhook.php:34
Stack trace:
#0 {main}
  thrown in /home/edep2025/public_html/actions/telegram_webhook.php on line 34
[09-Sep-2025 20:20:36 UTC] PHP Fatal error:  Uncaught Error: Call to undefined function downloadTelegramFile() in /home/edep2025/public_html/actions/telegram_webhook.php:77
Stack trace:
#0 {main}
  thrown in /home/edep2025/public_html/actions/telegram_webhook.php on line 77
[09-Sep-2025 20:20:48 UTC] PHP Fatal error:  Uncaught Error: Call to a member function bind_param() on bool in /home/edep2025/public_html/actions/telegram_webhook.php:34
Stack trace:
#0 {main}
  thrown in /home/edep2025/public_html/actions/telegram_webhook.php on line 34
[09-Sep-2025 20:21:48 UTC] PHP Fatal error:  Uncaught Error: Call to a member function bind_param() on bool in /home/edep2025/public_html/actions/telegram_webhook.php:34
Stack trace:
#0 {main}
  thrown in /home/edep2025/public_html/actions/telegram_webhook.php on line 34
[09-Sep-2025 20:21:58 UTC] PHP Fatal error:  Uncaught Error: Call to undefined function downloadTelegramFile() in /home/edep2025/public_html/actions/telegram_webhook.php:77
Stack trace:
#0 {main}
  thrown in /home/edep2025/public_html/actions/telegram_webhook.php on line 77
[09-Sep-2025 20:22:59 UTC] PHP Fatal error:  Uncaught Error: Call to undefined function downloadTelegramFile() in /home/edep2025/public_html/actions/telegram_webhook.php:77
Stack trace:
#0 {main}
  thrown in /home/edep2025/public_html/actions/telegram_webhook.php on line 77
[09-Sep-2025 20:23:24 UTC] PHP Fatal error:  Uncaught Error: Call to a member function bind_param() on bool in /home/edep2025/public_html/actions/telegram_webhook.php:34
Stack trace:
#0 {main}
  thrown in /home/edep2025/public_html/actions/telegram_webhook.php on line 34
[09-Sep-2025 20:24:40 UTC] PHP Fatal error:  Uncaught Error: Call to undefined function downloadTelegramFile() in /home/edep2025/public_html/actions/telegram_webhook.php:77
Stack trace:
#0 {main}
  thrown in /home/edep2025/public_html/actions/telegram_webhook.php on line 77
[09-Sep-2025 20:25:09 UTC] PHP Fatal error:  Uncaught Error: Call to a member function bind_param() on bool in /home/edep2025/public_html/actions/telegram_webhook.php:34
Stack trace:
#0 {main}
  thrown in /home/edep2025/public_html/actions/telegram_webhook.php on line 34
[09-Sep-2025 20:25:47 UTC] PHP Fatal error:  Uncaught Error: Call to undefined function downloadTelegramFile() in /home/edep2025/public_html/actions/telegram_webhook.php:77
Stack trace:
#0 {main}
  thrown in /home/edep2025/public_html/actions/telegram_webhook.php on line 77
[09-Sep-2025 20:27:03 UTC] PHP Fatal error:  Uncaught Error: Call to undefined function downloadTelegramFile() in /home/edep2025/public_html/actions/telegram_webhook.php:77
Stack trace:
#0 {main}
  thrown in /home/edep2025/public_html/actions/telegram_webhook.php on line 77
[09-Sep-2025 20:27:07 UTC] PHP Fatal error:  Uncaught Error: Call to a member function bind_param() on bool in /home/edep2025/public_html/actions/telegram_webhook.php:34
Stack trace:
#0 {main}
  thrown in /home/edep2025/public_html/actions/telegram_webhook.php on line 34
[09-Sep-2025 20:28:30 UTC] PHP Fatal error:  Uncaught Error: Call to undefined function downloadTelegramFile() in /home/edep2025/public_html/actions/telegram_webhook.php:77
Stack trace:
#0 {main}
  thrown in /home/edep2025/public_html/actions/telegram_webhook.php on line 77
[09-Sep-2025 20:28:51 UTC] PHP Fatal error:  Uncaught Error: Call to a member function bind_param() on bool in /home/edep2025/public_html/actions/telegram_webhook.php:34
Stack trace:
#0 {main}
  thrown in /home/edep2025/public_html/actions/telegram_webhook.php on line 34
[09-Sep-2025 20:29:42 UTC] PHP Fatal error:  Uncaught Error: Call to undefined function downloadTelegramFile() in /home/edep2025/public_html/actions/telegram_webhook.php:77
Stack trace:
#0 {main}
  thrown in /home/edep2025/public_html/actions/telegram_webhook.php on line 77
[09-Sep-2025 20:30:42 UTC] PHP Fatal error:  Uncaught Error: Call to a member function bind_param() on bool in /home/edep2025/public_html/actions/telegram_webhook.php:34
Stack trace:
#0 {main}
  thrown in /home/edep2025/public_html/actions/telegram_webhook.php on line 34
[09-Sep-2025 20:31:20 UTC] PHP Fatal error:  Uncaught Error: Call to undefined function downloadTelegramFile() in /home/edep2025/public_html/actions/telegram_webhook.php:77
Stack trace:
#0 {main}
  thrown in /home/edep2025/public_html/actions/telegram_webhook.php on line 77
[09-Sep-2025 20:31:59 UTC] PHP Fatal error:  Uncaught Error: Call to a member function bind_param() on bool in /home/edep2025/public_html/actions/telegram_webhook.php:34
Stack trace:
#0 {main}
  thrown in /home/edep2025/public_html/actions/telegram_webhook.php on line 34
[09-Sep-2025 20:33:10 UTC] PHP Fatal error:  Uncaught Error: Call to undefined function downloadTelegramFile() in /home/edep2025/public_html/actions/telegram_webhook.php:77
Stack trace:
#0 {main}
  thrown in /home/edep2025/public_html/actions/telegram_webhook.php on line 77
[09-Sep-2025 20:33:52 UTC] PHP Fatal error:  Uncaught Error: Call to a member function bind_param() on bool in /home/edep2025/public_html/actions/telegram_webhook.php:34
Stack trace:
#0 {main}
  thrown in /home/edep2025/public_html/actions/telegram_webhook.php on line 34
[09-Sep-2025 20:34:15 UTC] PHP Fatal error:  Uncaught Error: Call to undefined function downloadTelegramFile() in /home/edep2025/public_html/actions/telegram_webhook.php:77
Stack trace:
#0 {main}
  thrown in /home/edep2025/public_html/actions/telegram_webhook.php on line 77
[09-Sep-2025 20:35:17 UTC] PHP Fatal error:  Uncaught Error: Call to a member function bind_param() on bool in /home/edep2025/public_html/actions/telegram_webhook.php:34
Stack trace:
#0 {main}
  thrown in /home/edep2025/public_html/actions/telegram_webhook.php on line 34
[09-Sep-2025 20:35:35 UTC] PHP Fatal error:  Uncaught Error: Call to undefined function downloadTelegramFile() in /home/edep2025/public_html/actions/telegram_webhook.php:77
Stack trace:
#0 {main}
  thrown in /home/edep2025/public_html/actions/telegram_webhook.php on line 77
[09-Sep-2025 20:36:44 UTC] PHP Fatal error:  Uncaught Error: Call to undefined function downloadTelegramFile() in /home/edep2025/public_html/actions/telegram_webhook.php:77
Stack trace:
#0 {main}
  thrown in /home/edep2025/public_html/actions/telegram_webhook.php on line 77
[09-Sep-2025 20:37:09 UTC] PHP Fatal error:  Uncaught Error: Call to a member function bind_param() on bool in /home/edep2025/public_html/actions/telegram_webhook.php:34
Stack trace:
#0 {main}
  thrown in /home/edep2025/public_html/actions/telegram_webhook.php on line 34
[09-Sep-2025 20:37:50 UTC] PHP Fatal error:  Uncaught Error: Call to undefined function downloadTelegramFile() in /home/edep2025/public_html/actions/telegram_webhook.php:77
Stack trace:
#0 {main}
  thrown in /home/edep2025/public_html/actions/telegram_webhook.php on line 77
[09-Sep-2025 20:39:06 UTC] PHP Fatal error:  Uncaught Error: Call to a member function bind_param() on bool in /home/edep2025/public_html/actions/telegram_webhook.php:34
Stack trace:
#0 {main}
  thrown in /home/edep2025/public_html/actions/telegram_webhook.php on line 34
[09-Sep-2025 20:39:06 UTC] PHP Fatal error:  Uncaught Error: Call to undefined function downloadTelegramFile() in /home/edep2025/public_html/actions/telegram_webhook.php:77
Stack trace:
#0 {main}
  thrown in /home/edep2025/public_html/actions/telegram_webhook.php on line 77
[09-Sep-2025 20:40:36 UTC] PHP Fatal error:  Uncaught Error: Call to a member function bind_param() on bool in /home/edep2025/public_html/actions/telegram_webhook.php:34
Stack trace:
#0 {main}
  thrown in /home/edep2025/public_html/actions/telegram_webhook.php on line 34
[09-Sep-2025 20:40:37 UTC] PHP Fatal error:  Uncaught Error: Call to undefined function downloadTelegramFile() in /home/edep2025/public_html/actions/telegram_webhook.php:77
Stack trace:
#0 {main}
  thrown in /home/edep2025/public_html/actions/telegram_webhook.php on line 77
[09-Sep-2025 20:41:58 UTC] PHP Fatal error:  Uncaught Error: Call to a member function bind_param() on bool in /home/edep2025/public_html/actions/telegram_webhook.php:34
Stack trace:
#0 {main}
  thrown in /home/edep2025/public_html/actions/telegram_webhook.php on line 34
[09-Sep-2025 20:42:12 UTC] PHP Fatal error:  Uncaught Error: Call to undefined function downloadTelegramFile() in /home/edep2025/public_html/actions/telegram_webhook.php:77
Stack trace:
#0 {main}
  thrown in /home/edep2025/public_html/actions/telegram_webhook.php on line 77
[09-Sep-2025 20:43:28 UTC] PHP Fatal error:  Uncaught Error: Call to a member function bind_param() on bool in /home/edep2025/public_html/actions/telegram_webhook.php:34
Stack trace:
#0 {main}
  thrown in /home/edep2025/public_html/actions/telegram_webhook.php on line 34
[09-Sep-2025 20:43:32 UTC] PHP Fatal error:  Uncaught Error: Call to undefined function downloadTelegramFile() in /home/edep2025/public_html/actions/telegram_webhook.php:77
Stack trace:
#0 {main}
  thrown in /home/edep2025/public_html/actions/telegram_webhook.php on line 77
[09-Sep-2025 20:45:17 UTC] PHP Fatal error:  Uncaught Error: Call to undefined function downloadTelegramFile() in /home/edep2025/public_html/actions/telegram_webhook.php:77
Stack trace:
#0 {main}
  thrown in /home/edep2025/public_html/actions/telegram_webhook.php on line 77
[09-Sep-2025 20:45:20 UTC] PHP Fatal error:  Uncaught Error: Call to a member function bind_param() on bool in /home/edep2025/public_html/actions/telegram_webhook.php:34
Stack trace:
#0 {main}
  thrown in /home/edep2025/public_html/actions/telegram_webhook.php on line 34
[09-Sep-2025 20:46:39 UTC] PHP Fatal error:  Uncaught Error: Call to a member function bind_param() on bool in /home/edep2025/public_html/actions/telegram_webhook.php:34
Stack trace:
#0 {main}
  thrown in /home/edep2025/public_html/actions/telegram_webhook.php on line 34
[09-Sep-2025 20:47:09 UTC] PHP Fatal error:  Uncaught Error: Call to undefined function downloadTelegramFile() in /home/edep2025/public_html/actions/telegram_webhook.php:77
Stack trace:
#0 {main}
  thrown in /home/edep2025/public_html/actions/telegram_webhook.php on line 77
[09-Sep-2025 20:48:34 UTC] PHP Fatal error:  Uncaught Error: Call to a member function bind_param() on bool in /home/edep2025/public_html/actions/telegram_webhook.php:34
Stack trace:
#0 {main}
  thrown in /home/edep2025/public_html/actions/telegram_webhook.php on line 34
[09-Sep-2025 20:48:47 UTC] PHP Fatal error:  Uncaught Error: Call to undefined function downloadTelegramFile() in /home/edep2025/public_html/actions/telegram_webhook.php:77
Stack trace:
#0 {main}
  thrown in /home/edep2025/public_html/actions/telegram_webhook.php on line 77
[09-Sep-2025 20:49:48 UTC] PHP Fatal error:  Uncaught Error: Call to undefined function downloadTelegramFile() in /home/edep2025/public_html/actions/telegram_webhook.php:77
Stack trace:
#0 {main}
  thrown in /home/edep2025/public_html/actions/telegram_webhook.php on line 77
[09-Sep-2025 20:50:11 UTC] PHP Fatal error:  Uncaught Error: Call to a member function bind_param() on bool in /home/edep2025/public_html/actions/telegram_webhook.php:34
Stack trace:
#0 {main}
  thrown in /home/edep2025/public_html/actions/telegram_webhook.php on line 34
[09-Sep-2025 20:51:43 UTC] PHP Fatal error:  Uncaught Error: Call to undefined function downloadTelegramFile() in /home/edep2025/public_html/actions/telegram_webhook.php:77
Stack trace:
#0 {main}
  thrown in /home/edep2025/public_html/actions/telegram_webhook.php on line 77
[09-Sep-2025 20:51:58 UTC] PHP Fatal error:  Uncaught Error: Call to a member function bind_param() on bool in /home/edep2025/public_html/actions/telegram_webhook.php:34
Stack trace:
#0 {main}
  thrown in /home/edep2025/public_html/actions/telegram_webhook.php on line 34
[09-Sep-2025 20:53:30 UTC] PHP Fatal error:  Uncaught Error: Call to a member function bind_param() on bool in /home/edep2025/public_html/actions/telegram_webhook.php:34
Stack trace:
#0 {main}
  thrown in /home/edep2025/public_html/actions/telegram_webhook.php on line 34
[09-Sep-2025 20:53:33 UTC] PHP Fatal error:  Uncaught Error: Call to undefined function downloadTelegramFile() in /home/edep2025/public_html/actions/telegram_webhook.php:77
Stack trace:
#0 {main}
  thrown in /home/edep2025/public_html/actions/telegram_webhook.php on line 77
[09-Sep-2025 20:55:17 UTC] PHP Fatal error:  Uncaught Error: Call to a member function bind_param() on bool in /home/edep2025/public_html/actions/telegram_webhook.php:34
Stack trace:
#0 {main}
  thrown in /home/edep2025/public_html/actions/telegram_webhook.php on line 34
[09-Sep-2025 20:55:28 UTC] PHP Fatal error:  Uncaught Error: Call to undefined function downloadTelegramFile() in /home/edep2025/public_html/actions/telegram_webhook.php:77
Stack trace:
#0 {main}
  thrown in /home/edep2025/public_html/actions/telegram_webhook.php on line 77
[09-Sep-2025 20:56:30 UTC] PHP Fatal error:  Uncaught Error: Call to a member function bind_param() on bool in /home/edep2025/public_html/actions/telegram_webhook.php:34
Stack trace:
#0 {main}
  thrown in /home/edep2025/public_html/actions/telegram_webhook.php on line 34
[09-Sep-2025 20:56:44 UTC] PHP Fatal error:  Uncaught Error: Call to undefined function downloadTelegramFile() in /home/edep2025/public_html/actions/telegram_webhook.php:77
Stack trace:
#0 {main}
  thrown in /home/edep2025/public_html/actions/telegram_webhook.php on line 77
[09-Sep-2025 20:57:51 UTC] PHP Fatal error:  Uncaught Error: Call to undefined function downloadTelegramFile() in /home/edep2025/public_html/actions/telegram_webhook.php:77
Stack trace:
#0 {main}
  thrown in /home/edep2025/public_html/actions/telegram_webhook.php on line 77
[09-Sep-2025 20:58:16 UTC] PHP Fatal error:  Uncaught Error: Call to a member function bind_param() on bool in /home/edep2025/public_html/actions/telegram_webhook.php:34
Stack trace:
#0 {main}
  thrown in /home/edep2025/public_html/actions/telegram_webhook.php on line 34
[09-Sep-2025 20:59:49 UTC] PHP Fatal error:  Uncaught Error: Call to a member function bind_param() on bool in /home/edep2025/public_html/actions/telegram_webhook.php:34
Stack trace:
#0 {main}
  thrown in /home/edep2025/public_html/actions/telegram_webhook.php on line 34
[09-Sep-2025 20:59:50 UTC] PHP Fatal error:  Uncaught Error: Call to undefined function downloadTelegramFile() in /home/edep2025/public_html/actions/telegram_webhook.php:77
Stack trace:
#0 {main}
  thrown in /home/edep2025/public_html/actions/telegram_webhook.php on line 77
[09-Sep-2025 21:01:01 UTC] PHP Fatal error:  Uncaught Error: Call to undefined function downloadTelegramFile() in /home/edep2025/public_html/actions/telegram_webhook.php:77
Stack trace:
#0 {main}
  thrown in /home/edep2025/public_html/actions/telegram_webhook.php on line 77
[09-Sep-2025 21:01:10 UTC] PHP Fatal error:  Uncaught Error: Call to a member function bind_param() on bool in /home/edep2025/public_html/actions/telegram_webhook.php:34
Stack trace:
#0 {main}
  thrown in /home/edep2025/public_html/actions/telegram_webhook.php on line 34
[09-Sep-2025 21:02:41 UTC] PHP Fatal error:  Uncaught Error: Call to undefined function downloadTelegramFile() in /home/edep2025/public_html/actions/telegram_webhook.php:77
Stack trace:
#0 {main}
  thrown in /home/edep2025/public_html/actions/telegram_webhook.php on line 77
[09-Sep-2025 21:03:06 UTC] PHP Fatal error:  Uncaught Error: Call to a member function bind_param() on bool in /home/edep2025/public_html/actions/telegram_webhook.php:34
Stack trace:
#0 {main}
  thrown in /home/edep2025/public_html/actions/telegram_webhook.php on line 34
[09-Sep-2025 21:04:03 UTC] PHP Fatal error:  Uncaught Error: Call to undefined function downloadTelegramFile() in /home/edep2025/public_html/actions/telegram_webhook.php:77
Stack trace:
#0 {main}
  thrown in /home/edep2025/public_html/actions/telegram_webhook.php on line 77
[09-Sep-2025 21:04:20 UTC] PHP Fatal error:  Uncaught Error: Call to a member function bind_param() on bool in /home/edep2025/public_html/actions/telegram_webhook.php:34
Stack trace:
#0 {main}
  thrown in /home/edep2025/public_html/actions/telegram_webhook.php on line 34
[09-Sep-2025 21:05:13 UTC] PHP Fatal error:  Uncaught Error: Call to undefined function downloadTelegramFile() in /home/edep2025/public_html/actions/telegram_webhook.php:77
Stack trace:
#0 {main}
  thrown in /home/edep2025/public_html/actions/telegram_webhook.php on line 77
[09-Sep-2025 21:05:26 UTC] PHP Fatal error:  Uncaught Error: Call to a member function bind_param() on bool in /home/edep2025/public_html/actions/telegram_webhook.php:34
Stack trace:
#0 {main}
  thrown in /home/edep2025/public_html/actions/telegram_webhook.php on line 34
[09-Sep-2025 21:07:07 UTC] PHP Fatal error:  Uncaught Error: Call to undefined function downloadTelegramFile() in /home/edep2025/public_html/actions/telegram_webhook.php:77
Stack trace:
#0 {main}
  thrown in /home/edep2025/public_html/actions/telegram_webhook.php on line 77
[09-Sep-2025 21:07:23 UTC] PHP Fatal error:  Uncaught Error: Call to a member function bind_param() on bool in /home/edep2025/public_html/actions/telegram_webhook.php:34
Stack trace:
#0 {main}
  thrown in /home/edep2025/public_html/actions/telegram_webhook.php on line 34
[09-Sep-2025 21:08:19 UTC] PHP Fatal error:  Uncaught Error: Call to undefined function downloadTelegramFile() in /home/edep2025/public_html/actions/telegram_webhook.php:77
Stack trace:
#0 {main}
  thrown in /home/edep2025/public_html/actions/telegram_webhook.php on line 77
[09-Sep-2025 21:08:25 UTC] PHP Fatal error:  Uncaught Error: Call to a member function bind_param() on bool in /home/edep2025/public_html/actions/telegram_webhook.php:34
Stack trace:
#0 {main}
  thrown in /home/edep2025/public_html/actions/telegram_webhook.php on line 34
[09-Sep-2025 21:09:44 UTC] PHP Fatal error:  Uncaught Error: Call to a member function bind_param() on bool in /home/edep2025/public_html/actions/telegram_webhook.php:34
Stack trace:
#0 {main}
  thrown in /home/edep2025/public_html/actions/telegram_webhook.php on line 34
[09-Sep-2025 21:10:07 UTC] PHP Fatal error:  Uncaught Error: Call to undefined function downloadTelegramFile() in /home/edep2025/public_html/actions/telegram_webhook.php:77
Stack trace:
#0 {main}
  thrown in /home/edep2025/public_html/actions/telegram_webhook.php on line 77
[09-Sep-2025 21:11:06 UTC] PHP Fatal error:  Uncaught Error: Call to a member function bind_param() on bool in /home/edep2025/public_html/actions/telegram_webhook.php:34
Stack trace:
#0 {main}
  thrown in /home/edep2025/public_html/actions/telegram_webhook.php on line 34
[09-Sep-2025 21:12:26 UTC] PHP Fatal error:  Uncaught Error: Call to a member function bind_param() on bool in /home/edep2025/public_html/actions/telegram_webhook.php:34
Stack trace:
#0 {main}
  thrown in /home/edep2025/public_html/actions/telegram_webhook.php on line 34
[09-Sep-2025 21:12:39 UTC] PHP Fatal error:  Uncaught Error: Call to undefined function downloadTelegramFile() in /home/edep2025/public_html/actions/telegram_webhook.php:77
Stack trace:
#0 {main}
  thrown in /home/edep2025/public_html/actions/telegram_webhook.php on line 77
[09-Sep-2025 21:13:58 UTC] PHP Fatal error:  Uncaught Error: Call to undefined function downloadTelegramFile() in /home/edep2025/public_html/actions/telegram_webhook.php:77
Stack trace:
#0 {main}
  thrown in /home/edep2025/public_html/actions/telegram_webhook.php on line 77
[09-Sep-2025 21:14:02 UTC] PHP Fatal error:  Uncaught Error: Call to a member function bind_param() on bool in /home/edep2025/public_html/actions/telegram_webhook.php:34
Stack trace:
#0 {main}
  thrown in /home/edep2025/public_html/actions/telegram_webhook.php on line 34
[09-Sep-2025 21:15:26 UTC] PHP Fatal error:  Uncaught Error: Call to a member function bind_param() on bool in /home/edep2025/public_html/actions/telegram_webhook.php:34
Stack trace:
#0 {main}
  thrown in /home/edep2025/public_html/actions/telegram_webhook.php on line 34
[09-Sep-2025 21:15:35 UTC] PHP Fatal error:  Uncaught Error: Call to undefined function downloadTelegramFile() in /home/edep2025/public_html/actions/telegram_webhook.php:77
Stack trace:
#0 {main}
  thrown in /home/edep2025/public_html/actions/telegram_webhook.php on line 77
[09-Sep-2025 21:16:46 UTC] PHP Fatal error:  Uncaught Error: Call to undefined function downloadTelegramFile() in /home/edep2025/public_html/actions/telegram_webhook.php:77
Stack trace:
#0 {main}
  thrown in /home/edep2025/public_html/actions/telegram_webhook.php on line 77
[09-Sep-2025 21:16:55 UTC] PHP Fatal error:  Uncaught Error: Call to a member function bind_param() on bool in /home/edep2025/public_html/actions/telegram_webhook.php:34
Stack trace:
#0 {main}
  thrown in /home/edep2025/public_html/actions/telegram_webhook.php on line 34
[09-Sep-2025 21:18:07 UTC] PHP Fatal error:  Uncaught Error: Call to undefined function downloadTelegramFile() in /home/edep2025/public_html/actions/telegram_webhook.php:77
Stack trace:
#0 {main}
  thrown in /home/edep2025/public_html/actions/telegram_webhook.php on line 77
[09-Sep-2025 21:18:16 UTC] PHP Fatal error:  Uncaught Error: Call to a member function bind_param() on bool in /home/edep2025/public_html/actions/telegram_webhook.php:34
Stack trace:
#0 {main}
  thrown in /home/edep2025/public_html/actions/telegram_webhook.php on line 34
[09-Sep-2025 21:19:29 UTC] PHP Fatal error:  Uncaught Error: Call to undefined function downloadTelegramFile() in /home/edep2025/public_html/actions/telegram_webhook.php:77
Stack trace:
#0 {main}
  thrown in /home/edep2025/public_html/actions/telegram_webhook.php on line 77
[09-Sep-2025 21:19:58 UTC] PHP Fatal error:  Uncaught Error: Call to a member function bind_param() on bool in /home/edep2025/public_html/actions/telegram_webhook.php:34
Stack trace:
#0 {main}
  thrown in /home/edep2025/public_html/actions/telegram_webhook.php on line 34
[09-Sep-2025 21:20:53 UTC] PHP Fatal error:  Uncaught Error: Call to undefined function downloadTelegramFile() in /home/edep2025/public_html/actions/telegram_webhook.php:77
Stack trace:
#0 {main}
  thrown in /home/edep2025/public_html/actions/telegram_webhook.php on line 77
[09-Sep-2025 21:21:30 UTC] PHP Fatal error:  Uncaught Error: Call to a member function bind_param() on bool in /home/edep2025/public_html/actions/telegram_webhook.php:34
Stack trace:
#0 {main}
  thrown in /home/edep2025/public_html/actions/telegram_webhook.php on line 34
[09-Sep-2025 21:22:03 UTC] PHP Fatal error:  Uncaught Error: Call to undefined function downloadTelegramFile() in /home/edep2025/public_html/actions/telegram_webhook.php:77
Stack trace:
#0 {main}
  thrown in /home/edep2025/public_html/actions/telegram_webhook.php on line 77
[09-Sep-2025 21:23:13 UTC] PHP Fatal error:  Uncaught Error: Call to a member function bind_param() on bool in /home/edep2025/public_html/actions/telegram_webhook.php:34
Stack trace:
#0 {main}
  thrown in /home/edep2025/public_html/actions/telegram_webhook.php on line 34
[09-Sep-2025 21:23:59 UTC] PHP Fatal error:  Uncaught Error: Call to undefined function downloadTelegramFile() in /home/edep2025/public_html/actions/telegram_webhook.php:77
Stack trace:
#0 {main}
  thrown in /home/edep2025/public_html/actions/telegram_webhook.php on line 77
[09-Sep-2025 21:24:14 UTC] PHP Fatal error:  Uncaught Error: Call to a member function bind_param() on bool in /home/edep2025/public_html/actions/telegram_webhook.php:34
Stack trace:
#0 {main}
  thrown in /home/edep2025/public_html/actions/telegram_webhook.php on line 34
[09-Sep-2025 21:25:12 UTC] PHP Fatal error:  Uncaught Error: Call to undefined function downloadTelegramFile() in /home/edep2025/public_html/actions/telegram_webhook.php:77
Stack trace:
#0 {main}
  thrown in /home/edep2025/public_html/actions/telegram_webhook.php on line 77
[09-Sep-2025 21:25:46 UTC] PHP Fatal error:  Uncaught Error: Call to a member function bind_param() on bool in /home/edep2025/public_html/actions/telegram_webhook.php:34
Stack trace:
#0 {main}
  thrown in /home/edep2025/public_html/actions/telegram_webhook.php on line 34
[09-Sep-2025 21:26:52 UTC] PHP Fatal error:  Uncaught Error: Call to a member function bind_param() on bool in /home/edep2025/public_html/actions/telegram_webhook.php:34
Stack trace:
#0 {main}
  thrown in /home/edep2025/public_html/actions/telegram_webhook.php on line 34
[09-Sep-2025 21:27:10 UTC] PHP Fatal error:  Uncaught Error: Call to undefined function downloadTelegramFile() in /home/edep2025/public_html/actions/telegram_webhook.php:77
Stack trace:
#0 {main}
  thrown in /home/edep2025/public_html/actions/telegram_webhook.php on line 77
[09-Sep-2025 21:28:41 UTC] PHP Fatal error:  Uncaught Error: Call to a member function bind_param() on bool in /home/edep2025/public_html/actions/telegram_webhook.php:34
Stack trace:
#0 {main}
  thrown in /home/edep2025/public_html/actions/telegram_webhook.php on line 34
[09-Sep-2025 21:29:08 UTC] PHP Fatal error:  Uncaught Error: Call to undefined function downloadTelegramFile() in /home/edep2025/public_html/actions/telegram_webhook.php:77
Stack trace:
#0 {main}
  thrown in /home/edep2025/public_html/actions/telegram_webhook.php on line 77
[09-Sep-2025 21:29:43 UTC] PHP Fatal error:  Uncaught Error: Call to a member function bind_param() on bool in /home/edep2025/public_html/actions/telegram_webhook.php:34
Stack trace:
#0 {main}
  thrown in /home/edep2025/public_html/actions/telegram_webhook.php on line 34
[09-Sep-2025 21:30:36 UTC] PHP Fatal error:  Uncaught Error: Call to undefined function downloadTelegramFile() in /home/edep2025/public_html/actions/telegram_webhook.php:77
Stack trace:
#0 {main}
  thrown in /home/edep2025/public_html/actions/telegram_webhook.php on line 77
[09-Sep-2025 21:31:13 UTC] PHP Fatal error:  Uncaught Error: Call to a member function bind_param() on bool in /home/edep2025/public_html/actions/telegram_webhook.php:34
Stack trace:
#0 {main}
  thrown in /home/edep2025/public_html/actions/telegram_webhook.php on line 34
[09-Sep-2025 21:31:55 UTC] PHP Fatal error:  Uncaught Error: Call to undefined function downloadTelegramFile() in /home/edep2025/public_html/actions/telegram_webhook.php:77
Stack trace:
#0 {main}
  thrown in /home/edep2025/public_html/actions/telegram_webhook.php on line 77
[09-Sep-2025 21:32:44 UTC] PHP Fatal error:  Uncaught Error: Call to a member function bind_param() on bool in /home/edep2025/public_html/actions/telegram_webhook.php:34
Stack trace:
#0 {main}
  thrown in /home/edep2025/public_html/actions/telegram_webhook.php on line 34
[09-Sep-2025 21:33:02 UTC] PHP Fatal error:  Uncaught Error: Call to undefined function downloadTelegramFile() in /home/edep2025/public_html/actions/telegram_webhook.php:77
Stack trace:
#0 {main}
  thrown in /home/edep2025/public_html/actions/telegram_webhook.php on line 77
[09-Sep-2025 21:34:13 UTC] PHP Fatal error:  Uncaught Error: Call to a member function bind_param() on bool in /home/edep2025/public_html/actions/telegram_webhook.php:34
Stack trace:
#0 {main}
  thrown in /home/edep2025/public_html/actions/telegram_webhook.php on line 34
[09-Sep-2025 21:34:59 UTC] PHP Fatal error:  Uncaught Error: Call to undefined function downloadTelegramFile() in /home/edep2025/public_html/actions/telegram_webhook.php:77
Stack trace:
#0 {main}
  thrown in /home/edep2025/public_html/actions/telegram_webhook.php on line 77
[09-Sep-2025 21:35:49 UTC] PHP Fatal error:  Uncaught Error: Call to a member function bind_param() on bool in /home/edep2025/public_html/actions/telegram_webhook.php:34
Stack trace:
#0 {main}
  thrown in /home/edep2025/public_html/actions/telegram_webhook.php on line 34
[09-Sep-2025 21:36:02 UTC] PHP Fatal error:  Uncaught Error: Call to undefined function downloadTelegramFile() in /home/edep2025/public_html/actions/telegram_webhook.php:77
Stack trace:
#0 {main}
  thrown in /home/edep2025/public_html/actions/telegram_webhook.php on line 77
[09-Sep-2025 21:37:27 UTC] PHP Fatal error:  Uncaught Error: Call to undefined function downloadTelegramFile() in /home/edep2025/public_html/actions/telegram_webhook.php:77
Stack trace:
#0 {main}
  thrown in /home/edep2025/public_html/actions/telegram_webhook.php on line 77
[09-Sep-2025 21:37:43 UTC] PHP Fatal error:  Uncaught Error: Call to a member function bind_param() on bool in /home/edep2025/public_html/actions/telegram_webhook.php:34
Stack trace:
#0 {main}
  thrown in /home/edep2025/public_html/actions/telegram_webhook.php on line 34
[09-Sep-2025 21:39:11 UTC] PHP Fatal error:  Uncaught Error: Call to undefined function downloadTelegramFile() in /home/edep2025/public_html/actions/telegram_webhook.php:77
Stack trace:
#0 {main}
  thrown in /home/edep2025/public_html/actions/telegram_webhook.php on line 77
[09-Sep-2025 21:39:30 UTC] PHP Fatal error:  Uncaught Error: Call to a member function bind_param() on bool in /home/edep2025/public_html/actions/telegram_webhook.php:34
Stack trace:
#0 {main}
  thrown in /home/edep2025/public_html/actions/telegram_webhook.php on line 34
[09-Sep-2025 21:40:47 UTC] PHP Fatal error:  Uncaught Error: Call to a member function bind_param() on bool in /home/edep2025/public_html/actions/telegram_webhook.php:34
Stack trace:
#0 {main}
  thrown in /home/edep2025/public_html/actions/telegram_webhook.php on line 34
[09-Sep-2025 21:41:00 UTC] PHP Fatal error:  Uncaught Error: Call to undefined function downloadTelegramFile() in /home/edep2025/public_html/actions/telegram_webhook.php:77
Stack trace:
#0 {main}
  thrown in /home/edep2025/public_html/actions/telegram_webhook.php on line 77
[09-Sep-2025 21:42:09 UTC] PHP Fatal error:  Uncaught Error: Call to undefined function downloadTelegramFile() in /home/edep2025/public_html/actions/telegram_webhook.php:77
Stack trace:
#0 {main}
  thrown in /home/edep2025/public_html/actions/telegram_webhook.php on line 77
[09-Sep-2025 21:42:18 UTC] PHP Fatal error:  Uncaught Error: Call to a member function bind_param() on bool in /home/edep2025/public_html/actions/telegram_webhook.php:34
Stack trace:
#0 {main}
  thrown in /home/edep2025/public_html/actions/telegram_webhook.php on line 34
[09-Sep-2025 21:43:38 UTC] PHP Fatal error:  Uncaught Error: Call to undefined function downloadTelegramFile() in /home/edep2025/public_html/actions/telegram_webhook.php:77
Stack trace:
#0 {main}
  thrown in /home/edep2025/public_html/actions/telegram_webhook.php on line 77
[09-Sep-2025 21:44:15 UTC] PHP Fatal error:  Uncaught Error: Call to a member function bind_param() on bool in /home/edep2025/public_html/actions/telegram_webhook.php:34
Stack trace:
#0 {main}
  thrown in /home/edep2025/public_html/actions/telegram_webhook.php on line 34
[09-Sep-2025 21:45:25 UTC] PHP Fatal error:  Uncaught Error: Call to undefined function downloadTelegramFile() in /home/edep2025/public_html/actions/telegram_webhook.php:77
Stack trace:
#0 {main}
  thrown in /home/edep2025/public_html/actions/telegram_webhook.php on line 77
[09-Sep-2025 21:46:10 UTC] PHP Fatal error:  Uncaught Error: Call to a member function bind_param() on bool in /home/edep2025/public_html/actions/telegram_webhook.php:34
Stack trace:
#0 {main}
  thrown in /home/edep2025/public_html/actions/telegram_webhook.php on line 34
[09-Sep-2025 21:46:48 UTC] PHP Fatal error:  Uncaught Error: Call to undefined function downloadTelegramFile() in /home/edep2025/public_html/actions/telegram_webhook.php:77
Stack trace:
#0 {main}
  thrown in /home/edep2025/public_html/actions/telegram_webhook.php on line 77
[09-Sep-2025 21:47:28 UTC] PHP Fatal error:  Uncaught Error: Call to a member function bind_param() on bool in /home/edep2025/public_html/actions/telegram_webhook.php:34
Stack trace:
#0 {main}
  thrown in /home/edep2025/public_html/actions/telegram_webhook.php on line 34
[09-Sep-2025 21:47:51 UTC] PHP Fatal error:  Uncaught Error: Call to undefined function downloadTelegramFile() in /home/edep2025/public_html/actions/telegram_webhook.php:77
Stack trace:
#0 {main}
  thrown in /home/edep2025/public_html/actions/telegram_webhook.php on line 77
[09-Sep-2025 21:49:23 UTC] PHP Fatal error:  Uncaught Error: Call to a member function bind_param() on bool in /home/edep2025/public_html/actions/telegram_webhook.php:34
Stack trace:
#0 {main}
  thrown in /home/edep2025/public_html/actions/telegram_webhook.php on line 34
[09-Sep-2025 21:49:31 UTC] PHP Fatal error:  Uncaught Error: Call to undefined function downloadTelegramFile() in /home/edep2025/public_html/actions/telegram_webhook.php:77
Stack trace:
#0 {main}
  thrown in /home/edep2025/public_html/actions/telegram_webhook.php on line 77
[09-Sep-2025 21:50:37 UTC] PHP Fatal error:  Uncaught Error: Call to a member function bind_param() on bool in /home/edep2025/public_html/actions/telegram_webhook.php:34
Stack trace:
#0 {main}
  thrown in /home/edep2025/public_html/actions/telegram_webhook.php on line 34
[09-Sep-2025 21:51:22 UTC] PHP Fatal error:  Uncaught Error: Call to undefined function downloadTelegramFile() in /home/edep2025/public_html/actions/telegram_webhook.php:77
Stack trace:
#0 {main}
  thrown in /home/edep2025/public_html/actions/telegram_webhook.php on line 77
[09-Sep-2025 21:51:50 UTC] PHP Fatal error:  Uncaught Error: Call to a member function bind_param() on bool in /home/edep2025/public_html/actions/telegram_webhook.php:34
Stack trace:
#0 {main}
  thrown in /home/edep2025/public_html/actions/telegram_webhook.php on line 34
[09-Sep-2025 21:52:25 UTC] PHP Fatal error:  Uncaught Error: Call to undefined function downloadTelegramFile() in /home/edep2025/public_html/actions/telegram_webhook.php:77
Stack trace:
#0 {main}
  thrown in /home/edep2025/public_html/actions/telegram_webhook.php on line 77
[09-Sep-2025 21:52:59 UTC] PHP Fatal error:  Uncaught Error: Call to a member function bind_param() on bool in /home/edep2025/public_html/actions/telegram_webhook.php:34
Stack trace:
#0 {main}
  thrown in /home/edep2025/public_html/actions/telegram_webhook.php on line 34
[09-Sep-2025 21:54:11 UTC] PHP Fatal error:  Uncaught Error: Call to undefined function downloadTelegramFile() in /home/edep2025/public_html/actions/telegram_webhook.php:77
Stack trace:
#0 {main}
  thrown in /home/edep2025/public_html/actions/telegram_webhook.php on line 77
[09-Sep-2025 21:54:52 UTC] PHP Fatal error:  Uncaught Error: Call to a member function bind_param() on bool in /home/edep2025/public_html/actions/telegram_webhook.php:34
Stack trace:
#0 {main}
  thrown in /home/edep2025/public_html/actions/telegram_webhook.php on line 34
[09-Sep-2025 21:55:49 UTC] PHP Fatal error:  Uncaught Error: Call to undefined function downloadTelegramFile() in /home/edep2025/public_html/actions/telegram_webhook.php:77
Stack trace:
#0 {main}
  thrown in /home/edep2025/public_html/actions/telegram_webhook.php on line 77
[09-Sep-2025 21:56:49 UTC] PHP Fatal error:  Uncaught Error: Call to a member function bind_param() on bool in /home/edep2025/public_html/actions/telegram_webhook.php:34
Stack trace:
#0 {main}
  thrown in /home/edep2025/public_html/actions/telegram_webhook.php on line 34
[09-Sep-2025 21:56:57 UTC] PHP Fatal error:  Uncaught Error: Call to undefined function downloadTelegramFile() in /home/edep2025/public_html/actions/telegram_webhook.php:77
Stack trace:
#0 {main}
  thrown in /home/edep2025/public_html/actions/telegram_webhook.php on line 77
[09-Sep-2025 21:58:02 UTC] PHP Fatal error:  Uncaught Error: Call to a member function bind_param() on bool in /home/edep2025/public_html/actions/telegram_webhook.php:34
Stack trace:
#0 {main}
  thrown in /home/edep2025/public_html/actions/telegram_webhook.php on line 34
[09-Sep-2025 21:58:33 UTC] PHP Fatal error:  Uncaught Error: Call to undefined function downloadTelegramFile() in /home/edep2025/public_html/actions/telegram_webhook.php:77
Stack trace:
#0 {main}
  thrown in /home/edep2025/public_html/actions/telegram_webhook.php on line 77
[09-Sep-2025 21:59:47 UTC] PHP Fatal error:  Uncaught Error: Call to a member function bind_param() on bool in /home/edep2025/public_html/actions/telegram_webhook.php:34
Stack trace:
#0 {main}
  thrown in /home/edep2025/public_html/actions/telegram_webhook.php on line 34
[09-Sep-2025 22:00:30 UTC] PHP Fatal error:  Uncaught Error: Call to undefined function downloadTelegramFile() in /home/edep2025/public_html/actions/telegram_webhook.php:77
Stack trace:
#0 {main}
  thrown in /home/edep2025/public_html/actions/telegram_webhook.php on line 77
[09-Sep-2025 22:01:32 UTC] PHP Fatal error:  Uncaught Error: Call to a member function bind_param() on bool in /home/edep2025/public_html/actions/telegram_webhook.php:34
Stack trace:
#0 {main}
  thrown in /home/edep2025/public_html/actions/telegram_webhook.php on line 34
[09-Sep-2025 22:02:28 UTC] PHP Fatal error:  Uncaught Error: Call to undefined function downloadTelegramFile() in /home/edep2025/public_html/actions/telegram_webhook.php:77
Stack trace:
#0 {main}
  thrown in /home/edep2025/public_html/actions/telegram_webhook.php on line 77
[09-Sep-2025 22:02:56 UTC] PHP Fatal error:  Uncaught Error: Call to a member function bind_param() on bool in /home/edep2025/public_html/actions/telegram_webhook.php:34
Stack trace:
#0 {main}
  thrown in /home/edep2025/public_html/actions/telegram_webhook.php on line 34
[09-Sep-2025 22:04:16 UTC] PHP Fatal error:  Uncaught Error: Call to undefined function downloadTelegramFile() in /home/edep2025/public_html/actions/telegram_webhook.php:77
Stack trace:
#0 {main}
  thrown in /home/edep2025/public_html/actions/telegram_webhook.php on line 77
[09-Sep-2025 22:04:53 UTC] PHP Fatal error:  Uncaught Error: Call to a member function bind_param() on bool in /home/edep2025/public_html/actions/telegram_webhook.php:34
Stack trace:
#0 {main}
  thrown in /home/edep2025/public_html/actions/telegram_webhook.php on line 34
[09-Sep-2025 22:06:11 UTC] PHP Fatal error:  Uncaught Error: Call to undefined function downloadTelegramFile() in /home/edep2025/public_html/actions/telegram_webhook.php:77
Stack trace:
#0 {main}
  thrown in /home/edep2025/public_html/actions/telegram_webhook.php on line 77
[09-Sep-2025 22:06:15 UTC] PHP Fatal error:  Uncaught Error: Call to a member function bind_param() on bool in /home/edep2025/public_html/actions/telegram_webhook.php:34
Stack trace:
#0 {main}
  thrown in /home/edep2025/public_html/actions/telegram_webhook.php on line 34
[09-Sep-2025 22:07:39 UTC] PHP Fatal error:  Uncaught Error: Call to undefined function downloadTelegramFile() in /home/edep2025/public_html/actions/telegram_webhook.php:77
Stack trace:
#0 {main}
  thrown in /home/edep2025/public_html/actions/telegram_webhook.php on line 77
[09-Sep-2025 22:07:57 UTC] PHP Fatal error:  Uncaught Error: Call to a member function bind_param() on bool in /home/edep2025/public_html/actions/telegram_webhook.php:34
Stack trace:
#0 {main}
  thrown in /home/edep2025/public_html/actions/telegram_webhook.php on line 34
[09-Sep-2025 22:09:06 UTC] PHP Fatal error:  Uncaught Error: Call to undefined function downloadTelegramFile() in /home/edep2025/public_html/actions/telegram_webhook.php:77
Stack trace:
#0 {main}
  thrown in /home/edep2025/public_html/actions/telegram_webhook.php on line 77
[09-Sep-2025 22:09:53 UTC] PHP Fatal error:  Uncaught Error: Call to a member function bind_param() on bool in /home/edep2025/public_html/actions/telegram_webhook.php:34
Stack trace:
#0 {main}
  thrown in /home/edep2025/public_html/actions/telegram_webhook.php on line 34
[09-Sep-2025 22:10:30 UTC] PHP Fatal error:  Uncaught Error: Call to undefined function downloadTelegramFile() in /home/edep2025/public_html/actions/telegram_webhook.php:77
Stack trace:
#0 {main}
  thrown in /home/edep2025/public_html/actions/telegram_webhook.php on line 77
[09-Sep-2025 22:11:06 UTC] PHP Fatal error:  Uncaught Error: Call to a member function bind_param() on bool in /home/edep2025/public_html/actions/telegram_webhook.php:34
Stack trace:
#0 {main}
  thrown in /home/edep2025/public_html/actions/telegram_webhook.php on line 34
[09-Sep-2025 22:11:42 UTC] PHP Fatal error:  Uncaught Error: Call to undefined function downloadTelegramFile() in /home/edep2025/public_html/actions/telegram_webhook.php:77
Stack trace:
#0 {main}
  thrown in /home/edep2025/public_html/actions/telegram_webhook.php on line 77
[09-Sep-2025 22:12:34 UTC] PHP Fatal error:  Uncaught Error: Call to a member function bind_param() on bool in /home/edep2025/public_html/actions/telegram_webhook.php:34
Stack trace:
#0 {main}
  thrown in /home/edep2025/public_html/actions/telegram_webhook.php on line 34
[09-Sep-2025 22:13:18 UTC] PHP Fatal error:  Uncaught Error: Call to undefined function downloadTelegramFile() in /home/edep2025/public_html/actions/telegram_webhook.php:77
Stack trace:
#0 {main}
  thrown in /home/edep2025/public_html/actions/telegram_webhook.php on line 77
[09-Sep-2025 22:14:27 UTC] PHP Fatal error:  Uncaught Error: Call to undefined function downloadTelegramFile() in /home/edep2025/public_html/actions/telegram_webhook.php:77
Stack trace:
#0 {main}
  thrown in /home/edep2025/public_html/actions/telegram_webhook.php on line 77
[09-Sep-2025 22:14:34 UTC] PHP Fatal error:  Uncaught Error: Call to a member function bind_param() on bool in /home/edep2025/public_html/actions/telegram_webhook.php:34
Stack trace:
#0 {main}
  thrown in /home/edep2025/public_html/actions/telegram_webhook.php on line 34
[09-Sep-2025 22:15:55 UTC] PHP Fatal error:  Uncaught Error: Call to a member function bind_param() on bool in /home/edep2025/public_html/actions/telegram_webhook.php:34
Stack trace:
#0 {main}
  thrown in /home/edep2025/public_html/actions/telegram_webhook.php on line 34
[09-Sep-2025 22:16:18 UTC] PHP Fatal error:  Uncaught Error: Call to undefined function downloadTelegramFile() in /home/edep2025/public_html/actions/telegram_webhook.php:77
Stack trace:
#0 {main}
  thrown in /home/edep2025/public_html/actions/telegram_webhook.php on line 77
[09-Sep-2025 22:17:36 UTC] PHP Fatal error:  Uncaught Error: Call to a member function bind_param() on bool in /home/edep2025/public_html/actions/telegram_webhook.php:34
Stack trace:
#0 {main}
  thrown in /home/edep2025/public_html/actions/telegram_webhook.php on line 34
[09-Sep-2025 22:17:40 UTC] PHP Fatal error:  Uncaught Error: Call to undefined function downloadTelegramFile() in /home/edep2025/public_html/actions/telegram_webhook.php:77
Stack trace:
#0 {main}
  thrown in /home/edep2025/public_html/actions/telegram_webhook.php on line 77
[09-Sep-2025 22:18:51 UTC] PHP Fatal error:  Uncaught Error: Call to a member function bind_param() on bool in /home/edep2025/public_html/actions/telegram_webhook.php:34
Stack trace:
#0 {main}
  thrown in /home/edep2025/public_html/actions/telegram_webhook.php on line 34
[09-Sep-2025 22:19:07 UTC] PHP Fatal error:  Uncaught Error: Call to undefined function downloadTelegramFile() in /home/edep2025/public_html/actions/telegram_webhook.php:77
Stack trace:
#0 {main}
  thrown in /home/edep2025/public_html/actions/telegram_webhook.php on line 77
[09-Sep-2025 22:20:21 UTC] PHP Fatal error:  Uncaught Error: Call to undefined function downloadTelegramFile() in /home/edep2025/public_html/actions/telegram_webhook.php:77
Stack trace:
#0 {main}
  thrown in /home/edep2025/public_html/actions/telegram_webhook.php on line 77
[09-Sep-2025 22:20:43 UTC] PHP Fatal error:  Uncaught Error: Call to a member function bind_param() on bool in /home/edep2025/public_html/actions/telegram_webhook.php:34
Stack trace:
#0 {main}
  thrown in /home/edep2025/public_html/actions/telegram_webhook.php on line 34
[09-Sep-2025 22:21:42 UTC] PHP Fatal error:  Uncaught Error: Call to undefined function downloadTelegramFile() in /home/edep2025/public_html/actions/telegram_webhook.php:77
Stack trace:
#0 {main}
  thrown in /home/edep2025/public_html/actions/telegram_webhook.php on line 77
[09-Sep-2025 22:22:14 UTC] PHP Fatal error:  Uncaught Error: Call to a member function bind_param() on bool in /home/edep2025/public_html/actions/telegram_webhook.php:34
Stack trace:
#0 {main}
  thrown in /home/edep2025/public_html/actions/telegram_webhook.php on line 34
[09-Sep-2025 22:23:14 UTC] PHP Fatal error:  Uncaught Error: Call to a member function bind_param() on bool in /home/edep2025/public_html/actions/telegram_webhook.php:34
Stack trace:
#0 {main}
  thrown in /home/edep2025/public_html/actions/telegram_webhook.php on line 34
[09-Sep-2025 22:23:41 UTC] PHP Fatal error:  Uncaught Error: Call to undefined function downloadTelegramFile() in /home/edep2025/public_html/actions/telegram_webhook.php:77
Stack trace:
#0 {main}
  thrown in /home/edep2025/public_html/actions/telegram_webhook.php on line 77
[09-Sep-2025 22:24:14 UTC] PHP Fatal error:  Uncaught Error: Call to a member function bind_param() on bool in /home/edep2025/public_html/actions/telegram_webhook.php:34
Stack trace:
#0 {main}
  thrown in /home/edep2025/public_html/actions/telegram_webhook.php on line 34
[09-Sep-2025 22:25:27 UTC] PHP Fatal error:  Uncaught Error: Call to undefined function downloadTelegramFile() in /home/edep2025/public_html/actions/telegram_webhook.php:77
Stack trace:
#0 {main}
  thrown in /home/edep2025/public_html/actions/telegram_webhook.php on line 77
[09-Sep-2025 22:25:37 UTC] PHP Fatal error:  Uncaught Error: Call to a member function bind_param() on bool in /home/edep2025/public_html/actions/telegram_webhook.php:34
Stack trace:
#0 {main}
  thrown in /home/edep2025/public_html/actions/telegram_webhook.php on line 34
[09-Sep-2025 22:26:40 UTC] PHP Fatal error:  Uncaught Error: Call to a member function bind_param() on bool in /home/edep2025/public_html/actions/telegram_webhook.php:34
Stack trace:
#0 {main}
  thrown in /home/edep2025/public_html/actions/telegram_webhook.php on line 34
[09-Sep-2025 22:27:20 UTC] PHP Fatal error:  Uncaught Error: Call to undefined function downloadTelegramFile() in /home/edep2025/public_html/actions/telegram_webhook.php:77
Stack trace:
#0 {main}
  thrown in /home/edep2025/public_html/actions/telegram_webhook.php on line 77
[09-Sep-2025 22:27:51 UTC] PHP Fatal error:  Uncaught Error: Call to a member function bind_param() on bool in /home/edep2025/public_html/actions/telegram_webhook.php:34
Stack trace:
#0 {main}
  thrown in /home/edep2025/public_html/actions/telegram_webhook.php on line 34
[09-Sep-2025 22:28:58 UTC] PHP Fatal error:  Uncaught Error: Call to a member function bind_param() on bool in /home/edep2025/public_html/actions/telegram_webhook.php:34
Stack trace:
#0 {main}
  thrown in /home/edep2025/public_html/actions/telegram_webhook.php on line 34
[09-Sep-2025 22:29:13 UTC] PHP Fatal error:  Uncaught Error: Call to undefined function downloadTelegramFile() in /home/edep2025/public_html/actions/telegram_webhook.php:77
Stack trace:
#0 {main}
  thrown in /home/edep2025/public_html/actions/telegram_webhook.php on line 77
[09-Sep-2025 22:29:59 UTC] PHP Fatal error:  Uncaught Error: Call to a member function bind_param() on bool in /home/edep2025/public_html/actions/telegram_webhook.php:34
Stack trace:
#0 {main}
  thrown in /home/edep2025/public_html/actions/telegram_webhook.php on line 34
[09-Sep-2025 22:30:25 UTC] PHP Fatal error:  Uncaught Error: Call to undefined function downloadTelegramFile() in /home/edep2025/public_html/actions/telegram_webhook.php:77
Stack trace:
#0 {main}
  thrown in /home/edep2025/public_html/actions/telegram_webhook.php on line 77
[09-Sep-2025 22:31:25 UTC] PHP Fatal error:  Uncaught Error: Call to a member function bind_param() on bool in /home/edep2025/public_html/actions/telegram_webhook.php:34
Stack trace:
#0 {main}
  thrown in /home/edep2025/public_html/actions/telegram_webhook.php on line 34
[09-Sep-2025 22:31:31 UTC] PHP Fatal error:  Uncaught Error: Call to undefined function downloadTelegramFile() in /home/edep2025/public_html/actions/telegram_webhook.php:77
Stack trace:
#0 {main}
  thrown in /home/edep2025/public_html/actions/telegram_webhook.php on line 77
[09-Sep-2025 22:33:20 UTC] PHP Fatal error:  Uncaught Error: Call to a member function bind_param() on bool in /home/edep2025/public_html/actions/telegram_webhook.php:34
Stack trace:
#0 {main}
  thrown in /home/edep2025/public_html/actions/telegram_webhook.php on line 34
[09-Sep-2025 22:33:24 UTC] PHP Fatal error:  Uncaught Error: Call to undefined function downloadTelegramFile() in /home/edep2025/public_html/actions/telegram_webhook.php:77
Stack trace:
#0 {main}
  thrown in /home/edep2025/public_html/actions/telegram_webhook.php on line 77
[09-Sep-2025 22:35:06 UTC] PHP Fatal error:  Uncaught Error: Call to undefined function downloadTelegramFile() in /home/edep2025/public_html/actions/telegram_webhook.php:77
Stack trace:
#0 {main}
  thrown in /home/edep2025/public_html/actions/telegram_webhook.php on line 77
[09-Sep-2025 22:35:07 UTC] PHP Fatal error:  Uncaught Error: Call to a member function bind_param() on bool in /home/edep2025/public_html/actions/telegram_webhook.php:34
Stack trace:
#0 {main}
  thrown in /home/edep2025/public_html/actions/telegram_webhook.php on line 34
[09-Sep-2025 22:36:39 UTC] PHP Fatal error:  Uncaught Error: Call to a member function bind_param() on bool in /home/edep2025/public_html/actions/telegram_webhook.php:34
Stack trace:
#0 {main}
  thrown in /home/edep2025/public_html/actions/telegram_webhook.php on line 34
[09-Sep-2025 22:37:04 UTC] PHP Fatal error:  Uncaught Error: Call to undefined function downloadTelegramFile() in /home/edep2025/public_html/actions/telegram_webhook.php:77
Stack trace:
#0 {main}
  thrown in /home/edep2025/public_html/actions/telegram_webhook.php on line 77
[09-Sep-2025 22:38:18 UTC] PHP Fatal error:  Uncaught Error: Call to undefined function downloadTelegramFile() in /home/edep2025/public_html/actions/telegram_webhook.php:77
Stack trace:
#0 {main}
  thrown in /home/edep2025/public_html/actions/telegram_webhook.php on line 77
[09-Sep-2025 22:38:19 UTC] PHP Fatal error:  Uncaught Error: Call to a member function bind_param() on bool in /home/edep2025/public_html/actions/telegram_webhook.php:34
Stack trace:
#0 {main}
  thrown in /home/edep2025/public_html/actions/telegram_webhook.php on line 34
[09-Sep-2025 22:39:56 UTC] PHP Fatal error:  Uncaught Error: Call to a member function bind_param() on bool in /home/edep2025/public_html/actions/telegram_webhook.php:34
Stack trace:
#0 {main}
  thrown in /home/edep2025/public_html/actions/telegram_webhook.php on line 34
[09-Sep-2025 22:40:17 UTC] PHP Fatal error:  Uncaught Error: Call to undefined function downloadTelegramFile() in /home/edep2025/public_html/actions/telegram_webhook.php:77
Stack trace:
#0 {main}
  thrown in /home/edep2025/public_html/actions/telegram_webhook.php on line 77
[09-Sep-2025 22:41:22 UTC] PHP Fatal error:  Uncaught Error: Call to undefined function downloadTelegramFile() in /home/edep2025/public_html/actions/telegram_webhook.php:77
Stack trace:
#0 {main}
  thrown in /home/edep2025/public_html/actions/telegram_webhook.php on line 77
[09-Sep-2025 22:41:47 UTC] PHP Fatal error:  Uncaught Error: Call to a member function bind_param() on bool in /home/edep2025/public_html/actions/telegram_webhook.php:34
Stack trace:
#0 {main}
  thrown in /home/edep2025/public_html/actions/telegram_webhook.php on line 34
[09-Sep-2025 22:42:48 UTC] PHP Fatal error:  Uncaught Error: Call to undefined function downloadTelegramFile() in /home/edep2025/public_html/actions/telegram_webhook.php:77
Stack trace:
#0 {main}
  thrown in /home/edep2025/public_html/actions/telegram_webhook.php on line 77
[09-Sep-2025 22:43:14 UTC] PHP Fatal error:  Uncaught Error: Call to a member function bind_param() on bool in /home/edep2025/public_html/actions/telegram_webhook.php:34
Stack trace:
#0 {main}
  thrown in /home/edep2025/public_html/actions/telegram_webhook.php on line 34
[09-Sep-2025 22:43:57 UTC] PHP Fatal error:  Uncaught Error: Call to undefined function downloadTelegramFile() in /home/edep2025/public_html/actions/telegram_webhook.php:77
Stack trace:
#0 {main}
  thrown in /home/edep2025/public_html/actions/telegram_webhook.php on line 77
[09-Sep-2025 22:44:42 UTC] PHP Fatal error:  Uncaught Error: Call to a member function bind_param() on bool in /home/edep2025/public_html/actions/telegram_webhook.php:34
Stack trace:
#0 {main}
  thrown in /home/edep2025/public_html/actions/telegram_webhook.php on line 34
[09-Sep-2025 22:45:25 UTC] PHP Fatal error:  Uncaught Error: Call to undefined function downloadTelegramFile() in /home/edep2025/public_html/actions/telegram_webhook.php:77
Stack trace:
#0 {main}
  thrown in /home/edep2025/public_html/actions/telegram_webhook.php on line 77
[09-Sep-2025 22:46:26 UTC] PHP Fatal error:  Uncaught Error: Call to undefined function downloadTelegramFile() in /home/edep2025/public_html/actions/telegram_webhook.php:77
Stack trace:
#0 {main}
  thrown in /home/edep2025/public_html/actions/telegram_webhook.php on line 77
[09-Sep-2025 22:46:35 UTC] PHP Fatal error:  Uncaught Error: Call to a member function bind_param() on bool in /home/edep2025/public_html/actions/telegram_webhook.php:34
Stack trace:
#0 {main}
  thrown in /home/edep2025/public_html/actions/telegram_webhook.php on line 34
[09-Sep-2025 22:48:06 UTC] PHP Fatal error:  Uncaught Error: Call to undefined function downloadTelegramFile() in /home/edep2025/public_html/actions/telegram_webhook.php:77
Stack trace:
#0 {main}
  thrown in /home/edep2025/public_html/actions/telegram_webhook.php on line 77
[09-Sep-2025 22:48:31 UTC] PHP Fatal error:  Uncaught Error: Call to a member function bind_param() on bool in /home/edep2025/public_html/actions/telegram_webhook.php:34
Stack trace:
#0 {main}
  thrown in /home/edep2025/public_html/actions/telegram_webhook.php on line 34
[09-Sep-2025 22:49:59 UTC] PHP Fatal error:  Uncaught Error: Call to undefined function downloadTelegramFile() in /home/edep2025/public_html/actions/telegram_webhook.php:77
Stack trace:
#0 {main}
  thrown in /home/edep2025/public_html/actions/telegram_webhook.php on line 77
[09-Sep-2025 22:50:24 UTC] PHP Fatal error:  Uncaught Error: Call to a member function bind_param() on bool in /home/edep2025/public_html/actions/telegram_webhook.php:34
Stack trace:
#0 {main}
  thrown in /home/edep2025/public_html/actions/telegram_webhook.php on line 34
[09-Sep-2025 22:51:37 UTC] PHP Fatal error:  Uncaught Error: Call to undefined function downloadTelegramFile() in /home/edep2025/public_html/actions/telegram_webhook.php:77
Stack trace:
#0 {main}
  thrown in /home/edep2025/public_html/actions/telegram_webhook.php on line 77
[09-Sep-2025 22:51:55 UTC] PHP Fatal error:  Uncaught Error: Call to a member function bind_param() on bool in /home/edep2025/public_html/actions/telegram_webhook.php:34
Stack trace:
#0 {main}
  thrown in /home/edep2025/public_html/actions/telegram_webhook.php on line 34
[09-Sep-2025 22:53:12 UTC] PHP Fatal error:  Uncaught Error: Call to undefined function downloadTelegramFile() in /home/edep2025/public_html/actions/telegram_webhook.php:77
Stack trace:
#0 {main}
  thrown in /home/edep2025/public_html/actions/telegram_webhook.php on line 77
[09-Sep-2025 22:53:37 UTC] PHP Fatal error:  Uncaught Error: Call to a member function bind_param() on bool in /home/edep2025/public_html/actions/telegram_webhook.php:34
Stack trace:
#0 {main}
  thrown in /home/edep2025/public_html/actions/telegram_webhook.php on line 34
[09-Sep-2025 22:54:28 UTC] PHP Fatal error:  Uncaught Error: Call to undefined function downloadTelegramFile() in /home/edep2025/public_html/actions/telegram_webhook.php:77
Stack trace:
#0 {main}
  thrown in /home/edep2025/public_html/actions/telegram_webhook.php on line 77
[09-Sep-2025 22:55:22 UTC] PHP Fatal error:  Uncaught Error: Call to a member function bind_param() on bool in /home/edep2025/public_html/actions/telegram_webhook.php:34
Stack trace:
#0 {main}
  thrown in /home/edep2025/public_html/actions/telegram_webhook.php on line 34
[09-Sep-2025 22:56:22 UTC] PHP Fatal error:  Uncaught Error: Call to undefined function downloadTelegramFile() in /home/edep2025/public_html/actions/telegram_webhook.php:77
Stack trace:
#0 {main}
  thrown in /home/edep2025/public_html/actions/telegram_webhook.php on line 77
[09-Sep-2025 22:56:54 UTC] PHP Fatal error:  Uncaught Error: Call to a member function bind_param() on bool in /home/edep2025/public_html/actions/telegram_webhook.php:34
Stack trace:
#0 {main}
  thrown in /home/edep2025/public_html/actions/telegram_webhook.php on line 34
[09-Sep-2025 22:57:54 UTC] PHP Fatal error:  Uncaught Error: Call to undefined function downloadTelegramFile() in /home/edep2025/public_html/actions/telegram_webhook.php:77
Stack trace:
#0 {main}
  thrown in /home/edep2025/public_html/actions/telegram_webhook.php on line 77
[09-Sep-2025 22:58:02 UTC] PHP Fatal error:  Uncaught Error: Call to a member function bind_param() on bool in /home/edep2025/public_html/actions/telegram_webhook.php:34
Stack trace:
#0 {main}
  thrown in /home/edep2025/public_html/actions/telegram_webhook.php on line 34
[09-Sep-2025 22:59:37 UTC] PHP Fatal error:  Uncaught Error: Call to undefined function downloadTelegramFile() in /home/edep2025/public_html/actions/telegram_webhook.php:77
Stack trace:
#0 {main}
  thrown in /home/edep2025/public_html/actions/telegram_webhook.php on line 77
[09-Sep-2025 22:59:44 UTC] PHP Fatal error:  Uncaught Error: Call to a member function bind_param() on bool in /home/edep2025/public_html/actions/telegram_webhook.php:34
Stack trace:
#0 {main}
  thrown in /home/edep2025/public_html/actions/telegram_webhook.php on line 34
[09-Sep-2025 23:01:18 UTC] PHP Fatal error:  Uncaught Error: Call to a member function bind_param() on bool in /home/edep2025/public_html/actions/telegram_webhook.php:34
Stack trace:
#0 {main}
  thrown in /home/edep2025/public_html/actions/telegram_webhook.php on line 34
[09-Sep-2025 23:01:35 UTC] PHP Fatal error:  Uncaught Error: Call to undefined function downloadTelegramFile() in /home/edep2025/public_html/actions/telegram_webhook.php:77
Stack trace:
#0 {main}
  thrown in /home/edep2025/public_html/actions/telegram_webhook.php on line 77
[09-Sep-2025 23:02:57 UTC] PHP Fatal error:  Uncaught Error: Call to a member function bind_param() on bool in /home/edep2025/public_html/actions/telegram_webhook.php:34
Stack trace:
#0 {main}
  thrown in /home/edep2025/public_html/actions/telegram_webhook.php on line 34
[09-Sep-2025 23:03:35 UTC] PHP Fatal error:  Uncaught Error: Call to undefined function downloadTelegramFile() in /home/edep2025/public_html/actions/telegram_webhook.php:77
Stack trace:
#0 {main}
  thrown in /home/edep2025/public_html/actions/telegram_webhook.php on line 77
[09-Sep-2025 23:04:09 UTC] PHP Fatal error:  Uncaught Error: Call to a member function bind_param() on bool in /home/edep2025/public_html/actions/telegram_webhook.php:34
Stack trace:
#0 {main}
  thrown in /home/edep2025/public_html/actions/telegram_webhook.php on line 34
[09-Sep-2025 23:05:14 UTC] PHP Fatal error:  Uncaught Error: Call to a member function bind_param() on bool in /home/edep2025/public_html/actions/telegram_webhook.php:34
Stack trace:
#0 {main}
  thrown in /home/edep2025/public_html/actions/telegram_webhook.php on line 34
[09-Sep-2025 23:05:20 UTC] PHP Fatal error:  Uncaught Error: Call to undefined function downloadTelegramFile() in /home/edep2025/public_html/actions/telegram_webhook.php:77
Stack trace:
#0 {main}
  thrown in /home/edep2025/public_html/actions/telegram_webhook.php on line 77
[09-Sep-2025 23:06:29 UTC] PHP Fatal error:  Uncaught Error: Call to a member function bind_param() on bool in /home/edep2025/public_html/actions/telegram_webhook.php:34
Stack trace:
#0 {main}
  thrown in /home/edep2025/public_html/actions/telegram_webhook.php on line 34
[09-Sep-2025 23:06:54 UTC] PHP Fatal error:  Uncaught Error: Call to undefined function downloadTelegramFile() in /home/edep2025/public_html/actions/telegram_webhook.php:77
Stack trace:
#0 {main}
  thrown in /home/edep2025/public_html/actions/telegram_webhook.php on line 77
[09-Sep-2025 23:08:09 UTC] PHP Fatal error:  Uncaught Error: Call to a member function bind_param() on bool in /home/edep2025/public_html/actions/telegram_webhook.php:34
Stack trace:
#0 {main}
  thrown in /home/edep2025/public_html/actions/telegram_webhook.php on line 34
[09-Sep-2025 23:08:44 UTC] PHP Fatal error:  Uncaught Error: Call to undefined function downloadTelegramFile() in /home/edep2025/public_html/actions/telegram_webhook.php:77
Stack trace:
#0 {main}
  thrown in /home/edep2025/public_html/actions/telegram_webhook.php on line 77
[09-Sep-2025 23:09:35 UTC] PHP Fatal error:  Uncaught Error: Call to a member function bind_param() on bool in /home/edep2025/public_html/actions/telegram_webhook.php:34
Stack trace:
#0 {main}
  thrown in /home/edep2025/public_html/actions/telegram_webhook.php on line 34
[09-Sep-2025 23:10:41 UTC] PHP Fatal error:  Uncaught Error: Call to undefined function downloadTelegramFile() in /home/edep2025/public_html/actions/telegram_webhook.php:77
Stack trace:
#0 {main}
  thrown in /home/edep2025/public_html/actions/telegram_webhook.php on line 77
[09-Sep-2025 23:10:45 UTC] PHP Fatal error:  Uncaught Error: Call to a member function bind_param() on bool in /home/edep2025/public_html/actions/telegram_webhook.php:34
Stack trace:
#0 {main}
  thrown in /home/edep2025/public_html/actions/telegram_webhook.php on line 34
[09-Sep-2025 23:11:45 UTC] PHP Fatal error:  Uncaught Error: Call to undefined function downloadTelegramFile() in /home/edep2025/public_html/actions/telegram_webhook.php:77
Stack trace:
#0 {main}
  thrown in /home/edep2025/public_html/actions/telegram_webhook.php on line 77
[09-Sep-2025 23:11:51 UTC] PHP Fatal error:  Uncaught Error: Call to a member function bind_param() on bool in /home/edep2025/public_html/actions/telegram_webhook.php:34
Stack trace:
#0 {main}
  thrown in /home/edep2025/public_html/actions/telegram_webhook.php on line 34
[09-Sep-2025 23:13:13 UTC] PHP Fatal error:  Uncaught Error: Call to undefined function downloadTelegramFile() in /home/edep2025/public_html/actions/telegram_webhook.php:77
Stack trace:
#0 {main}
  thrown in /home/edep2025/public_html/actions/telegram_webhook.php on line 77
[09-Sep-2025 23:13:35 UTC] PHP Fatal error:  Uncaught Error: Call to a member function bind_param() on bool in /home/edep2025/public_html/actions/telegram_webhook.php:34
Stack trace:
#0 {main}
  thrown in /home/edep2025/public_html/actions/telegram_webhook.php on line 34
[09-Sep-2025 23:14:48 UTC] PHP Fatal error:  Uncaught Error: Call to undefined function downloadTelegramFile() in /home/edep2025/public_html/actions/telegram_webhook.php:77
Stack trace:
#0 {main}
  thrown in /home/edep2025/public_html/actions/telegram_webhook.php on line 77
[09-Sep-2025 23:14:56 UTC] PHP Fatal error:  Uncaught Error: Call to a member function bind_param() on bool in /home/edep2025/public_html/actions/telegram_webhook.php:34
Stack trace:
#0 {main}
  thrown in /home/edep2025/public_html/actions/telegram_webhook.php on line 34
[09-Sep-2025 23:16:03 UTC] PHP Fatal error:  Uncaught Error: Call to undefined function downloadTelegramFile() in /home/edep2025/public_html/actions/telegram_webhook.php:77
Stack trace:
#0 {main}
  thrown in /home/edep2025/public_html/actions/telegram_webhook.php on line 77
[09-Sep-2025 23:16:34 UTC] PHP Fatal error:  Uncaught Error: Call to a member function bind_param() on bool in /home/edep2025/public_html/actions/telegram_webhook.php:34
Stack trace:
#0 {main}
  thrown in /home/edep2025/public_html/actions/telegram_webhook.php on line 34
[09-Sep-2025 23:17:27 UTC] PHP Fatal error:  Uncaught Error: Call to undefined function downloadTelegramFile() in /home/edep2025/public_html/actions/telegram_webhook.php:77
Stack trace:
#0 {main}
  thrown in /home/edep2025/public_html/actions/telegram_webhook.php on line 77
[09-Sep-2025 23:18:27 UTC] PHP Fatal error:  Uncaught Error: Call to a member function bind_param() on bool in /home/edep2025/public_html/actions/telegram_webhook.php:34
Stack trace:
#0 {main}
  thrown in /home/edep2025/public_html/actions/telegram_webhook.php on line 34
[09-Sep-2025 23:19:24 UTC] PHP Fatal error:  Uncaught Error: Call to undefined function downloadTelegramFile() in /home/edep2025/public_html/actions/telegram_webhook.php:77
Stack trace:
#0 {main}
  thrown in /home/edep2025/public_html/actions/telegram_webhook.php on line 77
[09-Sep-2025 23:20:00 UTC] PHP Fatal error:  Uncaught Error: Call to a member function bind_param() on bool in /home/edep2025/public_html/actions/telegram_webhook.php:34
Stack trace:
#0 {main}
  thrown in /home/edep2025/public_html/actions/telegram_webhook.php on line 34
[09-Sep-2025 23:20:44 UTC] PHP Fatal error:  Uncaught Error: Call to undefined function downloadTelegramFile() in /home/edep2025/public_html/actions/telegram_webhook.php:77
Stack trace:
#0 {main}
  thrown in /home/edep2025/public_html/actions/telegram_webhook.php on line 77
[09-Sep-2025 23:21:44 UTC] PHP Fatal error:  Uncaught Error: Call to a member function bind_param() on bool in /home/edep2025/public_html/actions/telegram_webhook.php:34
Stack trace:
#0 {main}
  thrown in /home/edep2025/public_html/actions/telegram_webhook.php on line 34
[09-Sep-2025 23:21:49 UTC] PHP Fatal error:  Uncaught Error: Call to undefined function downloadTelegramFile() in /home/edep2025/public_html/actions/telegram_webhook.php:77
Stack trace:
#0 {main}
  thrown in /home/edep2025/public_html/actions/telegram_webhook.php on line 77
[09-Sep-2025 23:23:11 UTC] PHP Fatal error:  Uncaught Error: Call to a member function bind_param() on bool in /home/edep2025/public_html/actions/telegram_webhook.php:34
Stack trace:
#0 {main}
  thrown in /home/edep2025/public_html/actions/telegram_webhook.php on line 34
[09-Sep-2025 23:23:41 UTC] PHP Fatal error:  Uncaught Error: Call to undefined function downloadTelegramFile() in /home/edep2025/public_html/actions/telegram_webhook.php:77
Stack trace:
#0 {main}
  thrown in /home/edep2025/public_html/actions/telegram_webhook.php on line 77
[09-Sep-2025 23:24:44 UTC] PHP Fatal error:  Uncaught Error: Call to a member function bind_param() on bool in /home/edep2025/public_html/actions/telegram_webhook.php:34
Stack trace:
#0 {main}
  thrown in /home/edep2025/public_html/actions/telegram_webhook.php on line 34
[09-Sep-2025 23:24:56 UTC] PHP Fatal error:  Uncaught Error: Call to undefined function downloadTelegramFile() in /home/edep2025/public_html/actions/telegram_webhook.php:77
Stack trace:
#0 {main}
  thrown in /home/edep2025/public_html/actions/telegram_webhook.php on line 77
[09-Sep-2025 23:26:05 UTC] PHP Fatal error:  Uncaught Error: Call to undefined function downloadTelegramFile() in /home/edep2025/public_html/actions/telegram_webhook.php:77
Stack trace:
#0 {main}
  thrown in /home/edep2025/public_html/actions/telegram_webhook.php on line 77
[09-Sep-2025 23:26:36 UTC] PHP Fatal error:  Uncaught Error: Call to a member function bind_param() on bool in /home/edep2025/public_html/actions/telegram_webhook.php:34
Stack trace:
#0 {main}
  thrown in /home/edep2025/public_html/actions/telegram_webhook.php on line 34
[09-Sep-2025 23:27:46 UTC] PHP Fatal error:  Uncaught Error: Call to undefined function downloadTelegramFile() in /home/edep2025/public_html/actions/telegram_webhook.php:77
Stack trace:
#0 {main}
  thrown in /home/edep2025/public_html/actions/telegram_webhook.php on line 77
[09-Sep-2025 23:28:13 UTC] PHP Fatal error:  Uncaught Error: Call to a member function bind_param() on bool in /home/edep2025/public_html/actions/telegram_webhook.php:34
Stack trace:
#0 {main}
  thrown in /home/edep2025/public_html/actions/telegram_webhook.php on line 34
[09-Sep-2025 23:29:46 UTC] PHP Fatal error:  Uncaught Error: Call to undefined function downloadTelegramFile() in /home/edep2025/public_html/actions/telegram_webhook.php:77
Stack trace:
#0 {main}
  thrown in /home/edep2025/public_html/actions/telegram_webhook.php on line 77
[09-Sep-2025 23:30:11 UTC] PHP Fatal error:  Uncaught Error: Call to a member function bind_param() on bool in /home/edep2025/public_html/actions/telegram_webhook.php:34
Stack trace:
#0 {main}
  thrown in /home/edep2025/public_html/actions/telegram_webhook.php on line 34
[09-Sep-2025 23:31:19 UTC] PHP Fatal error:  Uncaught Error: Call to a member function bind_param() on bool in /home/edep2025/public_html/actions/telegram_webhook.php:34
Stack trace:
#0 {main}
  thrown in /home/edep2025/public_html/actions/telegram_webhook.php on line 34
[09-Sep-2025 23:31:33 UTC] PHP Fatal error:  Uncaught Error: Call to undefined function downloadTelegramFile() in /home/edep2025/public_html/actions/telegram_webhook.php:77
Stack trace:
#0 {main}
  thrown in /home/edep2025/public_html/actions/telegram_webhook.php on line 77
[09-Sep-2025 23:33:03 UTC] PHP Fatal error:  Uncaught Error: Call to a member function bind_param() on bool in /home/edep2025/public_html/actions/telegram_webhook.php:34
Stack trace:
#0 {main}
  thrown in /home/edep2025/public_html/actions/telegram_webhook.php on line 34
[09-Sep-2025 23:33:30 UTC] PHP Fatal error:  Uncaught Error: Call to undefined function downloadTelegramFile() in /home/edep2025/public_html/actions/telegram_webhook.php:77
Stack trace:
#0 {main}
  thrown in /home/edep2025/public_html/actions/telegram_webhook.php on line 77
[09-Sep-2025 23:34:18 UTC] PHP Fatal error:  Uncaught Error: Call to a member function bind_param() on bool in /home/edep2025/public_html/actions/telegram_webhook.php:34
Stack trace:
#0 {main}
  thrown in /home/edep2025/public_html/actions/telegram_webhook.php on line 34
[09-Sep-2025 23:35:02 UTC] PHP Fatal error:  Uncaught Error: Call to undefined function downloadTelegramFile() in /home/edep2025/public_html/actions/telegram_webhook.php:77
Stack trace:
#0 {main}
  thrown in /home/edep2025/public_html/actions/telegram_webhook.php on line 77
[09-Sep-2025 23:35:19 UTC] PHP Fatal error:  Uncaught Error: Call to a member function bind_param() on bool in /home/edep2025/public_html/actions/telegram_webhook.php:34
Stack trace:
#0 {main}
  thrown in /home/edep2025/public_html/actions/telegram_webhook.php on line 34
[09-Sep-2025 23:36:26 UTC] PHP Fatal error:  Uncaught Error: Call to undefined function downloadTelegramFile() in /home/edep2025/public_html/actions/telegram_webhook.php:77
Stack trace:
#0 {main}
  thrown in /home/edep2025/public_html/actions/telegram_webhook.php on line 77
[09-Sep-2025 23:36:41 UTC] PHP Fatal error:  Uncaught Error: Call to a member function bind_param() on bool in /home/edep2025/public_html/actions/telegram_webhook.php:34
Stack trace:
#0 {main}
  thrown in /home/edep2025/public_html/actions/telegram_webhook.php on line 34
[09-Sep-2025 23:37:30 UTC] PHP Fatal error:  Uncaught Error: Call to undefined function downloadTelegramFile() in /home/edep2025/public_html/actions/telegram_webhook.php:77
Stack trace:
#0 {main}
  thrown in /home/edep2025/public_html/actions/telegram_webhook.php on line 77
[09-Sep-2025 23:38:30 UTC] PHP Fatal error:  Uncaught Error: Call to a member function bind_param() on bool in /home/edep2025/public_html/actions/telegram_webhook.php:34
Stack trace:
#0 {main}
  thrown in /home/edep2025/public_html/actions/telegram_webhook.php on line 34
[09-Sep-2025 23:39:09 UTC] PHP Fatal error:  Uncaught Error: Call to undefined function downloadTelegramFile() in /home/edep2025/public_html/actions/telegram_webhook.php:77
Stack trace:
#0 {main}
  thrown in /home/edep2025/public_html/actions/telegram_webhook.php on line 77
[09-Sep-2025 23:40:14 UTC] PHP Fatal error:  Uncaught Error: Call to undefined function downloadTelegramFile() in /home/edep2025/public_html/actions/telegram_webhook.php:77
Stack trace:
#0 {main}
  thrown in /home/edep2025/public_html/actions/telegram_webhook.php on line 77
[09-Sep-2025 23:40:20 UTC] PHP Fatal error:  Uncaught Error: Call to a member function bind_param() on bool in /home/edep2025/public_html/actions/telegram_webhook.php:34
Stack trace:
#0 {main}
  thrown in /home/edep2025/public_html/actions/telegram_webhook.php on line 34
[09-Sep-2025 23:41:19 UTC] PHP Fatal error:  Uncaught Error: Call to undefined function downloadTelegramFile() in /home/edep2025/public_html/actions/telegram_webhook.php:77
Stack trace:
#0 {main}
  thrown in /home/edep2025/public_html/actions/telegram_webhook.php on line 77
[09-Sep-2025 23:42:08 UTC] PHP Fatal error:  Uncaught Error: Call to a member function bind_param() on bool in /home/edep2025/public_html/actions/telegram_webhook.php:34
Stack trace:
#0 {main}
  thrown in /home/edep2025/public_html/actions/telegram_webhook.php on line 34
[09-Sep-2025 23:42:42 UTC] PHP Fatal error:  Uncaught Error: Call to undefined function downloadTelegramFile() in /home/edep2025/public_html/actions/telegram_webhook.php:77
Stack trace:
#0 {main}
  thrown in /home/edep2025/public_html/actions/telegram_webhook.php on line 77
[09-Sep-2025 23:44:05 UTC] PHP Fatal error:  Uncaught Error: Call to a member function bind_param() on bool in /home/edep2025/public_html/actions/telegram_webhook.php:34
Stack trace:
#0 {main}
  thrown in /home/edep2025/public_html/actions/telegram_webhook.php on line 34
[09-Sep-2025 23:44:23 UTC] PHP Fatal error:  Uncaught Error: Call to undefined function downloadTelegramFile() in /home/edep2025/public_html/actions/telegram_webhook.php:77
Stack trace:
#0 {main}
  thrown in /home/edep2025/public_html/actions/telegram_webhook.php on line 77
[09-Sep-2025 23:45:27 UTC] PHP Fatal error:  Uncaught Error: Call to a member function bind_param() on bool in /home/edep2025/public_html/actions/telegram_webhook.php:34
Stack trace:
#0 {main}
  thrown in /home/edep2025/public_html/actions/telegram_webhook.php on line 34
[09-Sep-2025 23:46:01 UTC] PHP Fatal error:  Uncaught Error: Call to undefined function downloadTelegramFile() in /home/edep2025/public_html/actions/telegram_webhook.php:77
Stack trace:
#0 {main}
  thrown in /home/edep2025/public_html/actions/telegram_webhook.php on line 77
[09-Sep-2025 23:47:09 UTC] PHP Fatal error:  Uncaught Error: Call to a member function bind_param() on bool in /home/edep2025/public_html/actions/telegram_webhook.php:34
Stack trace:
#0 {main}
  thrown in /home/edep2025/public_html/actions/telegram_webhook.php on line 34
[09-Sep-2025 23:47:41 UTC] PHP Fatal error:  Uncaught Error: Call to undefined function downloadTelegramFile() in /home/edep2025/public_html/actions/telegram_webhook.php:77
Stack trace:
#0 {main}
  thrown in /home/edep2025/public_html/actions/telegram_webhook.php on line 77
[09-Sep-2025 23:48:56 UTC] PHP Fatal error:  Uncaught Error: Call to a member function bind_param() on bool in /home/edep2025/public_html/actions/telegram_webhook.php:34
Stack trace:
#0 {main}
  thrown in /home/edep2025/public_html/actions/telegram_webhook.php on line 34
[09-Sep-2025 23:49:14 UTC] PHP Fatal error:  Uncaught Error: Call to undefined function downloadTelegramFile() in /home/edep2025/public_html/actions/telegram_webhook.php:77
Stack trace:
#0 {main}
  thrown in /home/edep2025/public_html/actions/telegram_webhook.php on line 77
[09-Sep-2025 23:50:26 UTC] PHP Fatal error:  Uncaught Error: Call to a member function bind_param() on bool in /home/edep2025/public_html/actions/telegram_webhook.php:34
Stack trace:
#0 {main}
  thrown in /home/edep2025/public_html/actions/telegram_webhook.php on line 34
[09-Sep-2025 23:50:26 UTC] PHP Fatal error:  Uncaught Error: Call to undefined function downloadTelegramFile() in /home/edep2025/public_html/actions/telegram_webhook.php:77
Stack trace:
#0 {main}
  thrown in /home/edep2025/public_html/actions/telegram_webhook.php on line 77
[09-Sep-2025 23:51:29 UTC] PHP Fatal error:  Uncaught Error: Call to a member function bind_param() on bool in /home/edep2025/public_html/actions/telegram_webhook.php:34
Stack trace:
#0 {main}
  thrown in /home/edep2025/public_html/actions/telegram_webhook.php on line 34
[09-Sep-2025 23:52:01 UTC] PHP Fatal error:  Uncaught Error: Call to undefined function downloadTelegramFile() in /home/edep2025/public_html/actions/telegram_webhook.php:77
Stack trace:
#0 {main}
  thrown in /home/edep2025/public_html/actions/telegram_webhook.php on line 77
[09-Sep-2025 23:53:26 UTC] PHP Fatal error:  Uncaught Error: Call to a member function bind_param() on bool in /home/edep2025/public_html/actions/telegram_webhook.php:34
Stack trace:
#0 {main}
  thrown in /home/edep2025/public_html/actions/telegram_webhook.php on line 34
[09-Sep-2025 23:53:45 UTC] PHP Fatal error:  Uncaught Error: Call to undefined function downloadTelegramFile() in /home/edep2025/public_html/actions/telegram_webhook.php:77
Stack trace:
#0 {main}
  thrown in /home/edep2025/public_html/actions/telegram_webhook.php on line 77
[09-Sep-2025 23:55:18 UTC] PHP Fatal error:  Uncaught Error: Call to a member function bind_param() on bool in /home/edep2025/public_html/actions/telegram_webhook.php:34
Stack trace:
#0 {main}
  thrown in /home/edep2025/public_html/actions/telegram_webhook.php on line 34
[09-Sep-2025 23:55:39 UTC] PHP Fatal error:  Uncaught Error: Call to undefined function downloadTelegramFile() in /home/edep2025/public_html/actions/telegram_webhook.php:77
Stack trace:
#0 {main}
  thrown in /home/edep2025/public_html/actions/telegram_webhook.php on line 77
[09-Sep-2025 23:56:40 UTC] PHP Fatal error:  Uncaught Error: Call to a member function bind_param() on bool in /home/edep2025/public_html/actions/telegram_webhook.php:34
Stack trace:
#0 {main}
  thrown in /home/edep2025/public_html/actions/telegram_webhook.php on line 34
[09-Sep-2025 23:57:07 UTC] PHP Fatal error:  Uncaught Error: Call to undefined function downloadTelegramFile() in /home/edep2025/public_html/actions/telegram_webhook.php:77
Stack trace:
#0 {main}
  thrown in /home/edep2025/public_html/actions/telegram_webhook.php on line 77
[09-Sep-2025 23:57:50 UTC] PHP Fatal error:  Uncaught Error: Call to a member function bind_param() on bool in /home/edep2025/public_html/actions/telegram_webhook.php:34
Stack trace:
#0 {main}
  thrown in /home/edep2025/public_html/actions/telegram_webhook.php on line 34
[09-Sep-2025 23:58:16 UTC] PHP Fatal error:  Uncaught Error: Call to undefined function downloadTelegramFile() in /home/edep2025/public_html/actions/telegram_webhook.php:77
Stack trace:
#0 {main}
  thrown in /home/edep2025/public_html/actions/telegram_webhook.php on line 77
[09-Sep-2025 23:59:05 UTC] PHP Fatal error:  Uncaught Error: Call to a member function bind_param() on bool in /home/edep2025/public_html/actions/telegram_webhook.php:34
Stack trace:
#0 {main}
  thrown in /home/edep2025/public_html/actions/telegram_webhook.php on line 34
[09-Sep-2025 23:59:46 UTC] PHP Fatal error:  Uncaught Error: Call to undefined function downloadTelegramFile() in /home/edep2025/public_html/actions/telegram_webhook.php:77
Stack trace:
#0 {main}
  thrown in /home/edep2025/public_html/actions/telegram_webhook.php on line 77
[10-Sep-2025 00:00:21 UTC] PHP Fatal error:  Uncaught Error: Call to a member function bind_param() on bool in /home/edep2025/public_html/actions/telegram_webhook.php:34
Stack trace:
#0 {main}
  thrown in /home/edep2025/public_html/actions/telegram_webhook.php on line 34
[10-Sep-2025 00:01:33 UTC] PHP Fatal error:  Uncaught Error: Call to undefined function downloadTelegramFile() in /home/edep2025/public_html/actions/telegram_webhook.php:77
Stack trace:
#0 {main}
  thrown in /home/edep2025/public_html/actions/telegram_webhook.php on line 77
[10-Sep-2025 00:01:33 UTC] PHP Fatal error:  Uncaught Error: Call to a member function bind_param() on bool in /home/edep2025/public_html/actions/telegram_webhook.php:34
Stack trace:
#0 {main}
  thrown in /home/edep2025/public_html/actions/telegram_webhook.php on line 34
[10-Sep-2025 00:02:42 UTC] PHP Fatal error:  Uncaught Error: Call to undefined function downloadTelegramFile() in /home/edep2025/public_html/actions/telegram_webhook.php:77
Stack trace:
#0 {main}
  thrown in /home/edep2025/public_html/actions/telegram_webhook.php on line 77
[10-Sep-2025 00:02:55 UTC] PHP Fatal error:  Uncaught Error: Call to a member function bind_param() on bool in /home/edep2025/public_html/actions/telegram_webhook.php:34
Stack trace:
#0 {main}
  thrown in /home/edep2025/public_html/actions/telegram_webhook.php on line 34
[10-Sep-2025 00:03:56 UTC] PHP Fatal error:  Uncaught Error: Call to undefined function downloadTelegramFile() in /home/edep2025/public_html/actions/telegram_webhook.php:77
Stack trace:
#0 {main}
  thrown in /home/edep2025/public_html/actions/telegram_webhook.php on line 77
[10-Sep-2025 00:04:28 UTC] PHP Fatal error:  Uncaught Error: Call to a member function bind_param() on bool in /home/edep2025/public_html/actions/telegram_webhook.php:34
Stack trace:
#0 {main}
  thrown in /home/edep2025/public_html/actions/telegram_webhook.php on line 34
[10-Sep-2025 00:05:38 UTC] PHP Fatal error:  Uncaught Error: Call to undefined function downloadTelegramFile() in /home/edep2025/public_html/actions/telegram_webhook.php:77
Stack trace:
#0 {main}
  thrown in /home/edep2025/public_html/actions/telegram_webhook.php on line 77
[10-Sep-2025 00:06:10 UTC] PHP Fatal error:  Uncaught Error: Call to a member function bind_param() on bool in /home/edep2025/public_html/actions/telegram_webhook.php:34
Stack trace:
#0 {main}
  thrown in /home/edep2025/public_html/actions/telegram_webhook.php on line 34
[10-Sep-2025 00:07:33 UTC] PHP Fatal error:  Uncaught Error: Call to undefined function downloadTelegramFile() in /home/edep2025/public_html/actions/telegram_webhook.php:77
Stack trace:
#0 {main}
  thrown in /home/edep2025/public_html/actions/telegram_webhook.php on line 77
[10-Sep-2025 00:07:51 UTC] PHP Fatal error:  Uncaught Error: Call to a member function bind_param() on bool in /home/edep2025/public_html/actions/telegram_webhook.php:34
Stack trace:
#0 {main}
  thrown in /home/edep2025/public_html/actions/telegram_webhook.php on line 34
[10-Sep-2025 00:08:54 UTC] PHP Fatal error:  Uncaught Error: Call to a member function bind_param() on bool in /home/edep2025/public_html/actions/telegram_webhook.php:34
Stack trace:
#0 {main}
  thrown in /home/edep2025/public_html/actions/telegram_webhook.php on line 34
[10-Sep-2025 00:09:18 UTC] PHP Fatal error:  Uncaught Error: Call to undefined function downloadTelegramFile() in /home/edep2025/public_html/actions/telegram_webhook.php:77
Stack trace:
#0 {main}
  thrown in /home/edep2025/public_html/actions/telegram_webhook.php on line 77
[10-Sep-2025 00:10:38 UTC] PHP Fatal error:  Uncaught Error: Call to undefined function downloadTelegramFile() in /home/edep2025/public_html/actions/telegram_webhook.php:77
Stack trace:
#0 {main}
  thrown in /home/edep2025/public_html/actions/telegram_webhook.php on line 77
[10-Sep-2025 00:10:47 UTC] PHP Fatal error:  Uncaught Error: Call to a member function bind_param() on bool in /home/edep2025/public_html/actions/telegram_webhook.php:34
Stack trace:
#0 {main}
  thrown in /home/edep2025/public_html/actions/telegram_webhook.php on line 34
[10-Sep-2025 00:12:01 UTC] PHP Fatal error:  Uncaught Error: Call to a member function bind_param() on bool in /home/edep2025/public_html/actions/telegram_webhook.php:34
Stack trace:
#0 {main}
  thrown in /home/edep2025/public_html/actions/telegram_webhook.php on line 34
[10-Sep-2025 00:12:37 UTC] PHP Fatal error:  Uncaught Error: Call to undefined function downloadTelegramFile() in /home/edep2025/public_html/actions/telegram_webhook.php:77
Stack trace:
#0 {main}
  thrown in /home/edep2025/public_html/actions/telegram_webhook.php on line 77
[10-Sep-2025 00:13:20 UTC] PHP Fatal error:  Uncaught Error: Call to a member function bind_param() on bool in /home/edep2025/public_html/actions/telegram_webhook.php:34
Stack trace:
#0 {main}
  thrown in /home/edep2025/public_html/actions/telegram_webhook.php on line 34
[10-Sep-2025 00:14:36 UTC] PHP Fatal error:  Uncaught Error: Call to undefined function downloadTelegramFile() in /home/edep2025/public_html/actions/telegram_webhook.php:77
Stack trace:
#0 {main}
  thrown in /home/edep2025/public_html/actions/telegram_webhook.php on line 77
[10-Sep-2025 00:15:12 UTC] PHP Fatal error:  Uncaught Error: Call to a member function bind_param() on bool in /home/edep2025/public_html/actions/telegram_webhook.php:34
Stack trace:
#0 {main}
  thrown in /home/edep2025/public_html/actions/telegram_webhook.php on line 34
[10-Sep-2025 00:16:21 UTC] PHP Fatal error:  Uncaught Error: Call to undefined function downloadTelegramFile() in /home/edep2025/public_html/actions/telegram_webhook.php:77
Stack trace:
#0 {main}
  thrown in /home/edep2025/public_html/actions/telegram_webhook.php on line 77
[10-Sep-2025 00:16:51 UTC] PHP Fatal error:  Uncaught Error: Call to a member function bind_param() on bool in /home/edep2025/public_html/actions/telegram_webhook.php:34
Stack trace:
#0 {main}
  thrown in /home/edep2025/public_html/actions/telegram_webhook.php on line 34
[10-Sep-2025 00:18:12 UTC] PHP Fatal error:  Uncaught Error: Call to undefined function downloadTelegramFile() in /home/edep2025/public_html/actions/telegram_webhook.php:77
Stack trace:
#0 {main}
  thrown in /home/edep2025/public_html/actions/telegram_webhook.php on line 77
[10-Sep-2025 00:18:14 UTC] PHP Fatal error:  Uncaught Error: Call to a member function bind_param() on bool in /home/edep2025/public_html/actions/telegram_webhook.php:34
Stack trace:
#0 {main}
  thrown in /home/edep2025/public_html/actions/telegram_webhook.php on line 34
[10-Sep-2025 00:20:02 UTC] PHP Fatal error:  Uncaught Error: Call to undefined function downloadTelegramFile() in /home/edep2025/public_html/actions/telegram_webhook.php:77
Stack trace:
#0 {main}
  thrown in /home/edep2025/public_html/actions/telegram_webhook.php on line 77
[10-Sep-2025 00:20:12 UTC] PHP Fatal error:  Uncaught Error: Call to a member function bind_param() on bool in /home/edep2025/public_html/actions/telegram_webhook.php:34
Stack trace:
#0 {main}
  thrown in /home/edep2025/public_html/actions/telegram_webhook.php on line 34
[10-Sep-2025 00:21:15 UTC] PHP Fatal error:  Uncaught Error: Call to a member function bind_param() on bool in /home/edep2025/public_html/actions/telegram_webhook.php:34
Stack trace:
#0 {main}
  thrown in /home/edep2025/public_html/actions/telegram_webhook.php on line 34
[10-Sep-2025 00:21:32 UTC] PHP Fatal error:  Uncaught Error: Call to undefined function downloadTelegramFile() in /home/edep2025/public_html/actions/telegram_webhook.php:77
Stack trace:
#0 {main}
  thrown in /home/edep2025/public_html/actions/telegram_webhook.php on line 77
[10-Sep-2025 00:22:30 UTC] PHP Fatal error:  Uncaught Error: Call to a member function bind_param() on bool in /home/edep2025/public_html/actions/telegram_webhook.php:34
Stack trace:
#0 {main}
  thrown in /home/edep2025/public_html/actions/telegram_webhook.php on line 34
[10-Sep-2025 00:23:26 UTC] PHP Fatal error:  Uncaught Error: Call to undefined function downloadTelegramFile() in /home/edep2025/public_html/actions/telegram_webhook.php:77
Stack trace:
#0 {main}
  thrown in /home/edep2025/public_html/actions/telegram_webhook.php on line 77
[10-Sep-2025 00:24:09 UTC] PHP Fatal error:  Uncaught Error: Call to a member function bind_param() on bool in /home/edep2025/public_html/actions/telegram_webhook.php:34
Stack trace:
#0 {main}
  thrown in /home/edep2025/public_html/actions/telegram_webhook.php on line 34
[10-Sep-2025 00:24:38 UTC] PHP Fatal error:  Uncaught Error: Call to undefined function downloadTelegramFile() in /home/edep2025/public_html/actions/telegram_webhook.php:77
Stack trace:
#0 {main}
  thrown in /home/edep2025/public_html/actions/telegram_webhook.php on line 77
[10-Sep-2025 00:25:47 UTC] PHP Fatal error:  Uncaught Error: Call to a member function bind_param() on bool in /home/edep2025/public_html/actions/telegram_webhook.php:34
Stack trace:
#0 {main}
  thrown in /home/edep2025/public_html/actions/telegram_webhook.php on line 34
[10-Sep-2025 00:25:57 UTC] PHP Fatal error:  Uncaught Error: Call to undefined function downloadTelegramFile() in /home/edep2025/public_html/actions/telegram_webhook.php:77
Stack trace:
#0 {main}
  thrown in /home/edep2025/public_html/actions/telegram_webhook.php on line 77
[10-Sep-2025 00:27:03 UTC] PHP Fatal error:  Uncaught Error: Call to undefined function downloadTelegramFile() in /home/edep2025/public_html/actions/telegram_webhook.php:77
Stack trace:
#0 {main}
  thrown in /home/edep2025/public_html/actions/telegram_webhook.php on line 77
[10-Sep-2025 00:27:43 UTC] PHP Fatal error:  Uncaught Error: Call to a member function bind_param() on bool in /home/edep2025/public_html/actions/telegram_webhook.php:34
Stack trace:
#0 {main}
  thrown in /home/edep2025/public_html/actions/telegram_webhook.php on line 34
[10-Sep-2025 00:28:49 UTC] PHP Fatal error:  Uncaught Error: Call to undefined function downloadTelegramFile() in /home/edep2025/public_html/actions/telegram_webhook.php:77
Stack trace:
#0 {main}
  thrown in /home/edep2025/public_html/actions/telegram_webhook.php on line 77
[10-Sep-2025 00:29:00 UTC] PHP Fatal error:  Uncaught Error: Call to a member function bind_param() on bool in /home/edep2025/public_html/actions/telegram_webhook.php:34
Stack trace:
#0 {main}
  thrown in /home/edep2025/public_html/actions/telegram_webhook.php on line 34
[10-Sep-2025 00:30:10 UTC] PHP Fatal error:  Uncaught Error: Call to a member function bind_param() on bool in /home/edep2025/public_html/actions/telegram_webhook.php:34
Stack trace:
#0 {main}
  thrown in /home/edep2025/public_html/actions/telegram_webhook.php on line 34
[10-Sep-2025 00:30:40 UTC] PHP Fatal error:  Uncaught Error: Call to undefined function downloadTelegramFile() in /home/edep2025/public_html/actions/telegram_webhook.php:77
Stack trace:
#0 {main}
  thrown in /home/edep2025/public_html/actions/telegram_webhook.php on line 77
[10-Sep-2025 00:31:48 UTC] PHP Fatal error:  Uncaught Error: Call to a member function bind_param() on bool in /home/edep2025/public_html/actions/telegram_webhook.php:34
Stack trace:
#0 {main}
  thrown in /home/edep2025/public_html/actions/telegram_webhook.php on line 34
[10-Sep-2025 00:32:19 UTC] PHP Fatal error:  Uncaught Error: Call to undefined function downloadTelegramFile() in /home/edep2025/public_html/actions/telegram_webhook.php:77
Stack trace:
#0 {main}
  thrown in /home/edep2025/public_html/actions/telegram_webhook.php on line 77
[10-Sep-2025 00:32:57 UTC] PHP Fatal error:  Uncaught Error: Call to a member function bind_param() on bool in /home/edep2025/public_html/actions/telegram_webhook.php:34
Stack trace:
#0 {main}
  thrown in /home/edep2025/public_html/actions/telegram_webhook.php on line 34
[10-Sep-2025 00:33:32 UTC] PHP Fatal error:  Uncaught Error: Call to undefined function downloadTelegramFile() in /home/edep2025/public_html/actions/telegram_webhook.php:77
Stack trace:
#0 {main}
  thrown in /home/edep2025/public_html/actions/telegram_webhook.php on line 77
[10-Sep-2025 00:34:14 UTC] PHP Fatal error:  Uncaught Error: Call to a member function bind_param() on bool in /home/edep2025/public_html/actions/telegram_webhook.php:34
Stack trace:
#0 {main}
  thrown in /home/edep2025/public_html/actions/telegram_webhook.php on line 34
[10-Sep-2025 00:35:18 UTC] PHP Fatal error:  Uncaught Error: Call to undefined function downloadTelegramFile() in /home/edep2025/public_html/actions/telegram_webhook.php:77
Stack trace:
#0 {main}
  thrown in /home/edep2025/public_html/actions/telegram_webhook.php on line 77
[10-Sep-2025 00:35:20 UTC] PHP Fatal error:  Uncaught Error: Call to a member function bind_param() on bool in /home/edep2025/public_html/actions/telegram_webhook.php:34
Stack trace:
#0 {main}
  thrown in /home/edep2025/public_html/actions/telegram_webhook.php on line 34
[10-Sep-2025 00:36:24 UTC] PHP Fatal error:  Uncaught Error: Call to undefined function downloadTelegramFile() in /home/edep2025/public_html/actions/telegram_webhook.php:77
Stack trace:
#0 {main}
  thrown in /home/edep2025/public_html/actions/telegram_webhook.php on line 77
[10-Sep-2025 00:36:53 UTC] PHP Fatal error:  Uncaught Error: Call to a member function bind_param() on bool in /home/edep2025/public_html/actions/telegram_webhook.php:34
Stack trace:
#0 {main}
  thrown in /home/edep2025/public_html/actions/telegram_webhook.php on line 34
[10-Sep-2025 00:37:54 UTC] PHP Fatal error:  Uncaught Error: Call to undefined function downloadTelegramFile() in /home/edep2025/public_html/actions/telegram_webhook.php:77
Stack trace:
#0 {main}
  thrown in /home/edep2025/public_html/actions/telegram_webhook.php on line 77
[10-Sep-2025 00:38:37 UTC] PHP Fatal error:  Uncaught Error: Call to a member function bind_param() on bool in /home/edep2025/public_html/actions/telegram_webhook.php:34
Stack trace:
#0 {main}
  thrown in /home/edep2025/public_html/actions/telegram_webhook.php on line 34
[10-Sep-2025 00:39:13 UTC] PHP Fatal error:  Uncaught Error: Call to undefined function downloadTelegramFile() in /home/edep2025/public_html/actions/telegram_webhook.php:77
Stack trace:
#0 {main}
  thrown in /home/edep2025/public_html/actions/telegram_webhook.php on line 77
[10-Sep-2025 00:40:17 UTC] PHP Fatal error:  Uncaught Error: Call to undefined function downloadTelegramFile() in /home/edep2025/public_html/actions/telegram_webhook.php:77
Stack trace:
#0 {main}
  thrown in /home/edep2025/public_html/actions/telegram_webhook.php on line 77
[10-Sep-2025 00:40:25 UTC] PHP Fatal error:  Uncaught Error: Call to a member function bind_param() on bool in /home/edep2025/public_html/actions/telegram_webhook.php:34
Stack trace:
#0 {main}
  thrown in /home/edep2025/public_html/actions/telegram_webhook.php on line 34
[10-Sep-2025 00:41:49 UTC] PHP Fatal error:  Uncaught Error: Call to a member function bind_param() on bool in /home/edep2025/public_html/actions/telegram_webhook.php:34
Stack trace:
#0 {main}
  thrown in /home/edep2025/public_html/actions/telegram_webhook.php on line 34
[10-Sep-2025 00:42:00 UTC] PHP Fatal error:  Uncaught Error: Call to undefined function downloadTelegramFile() in /home/edep2025/public_html/actions/telegram_webhook.php:77
Stack trace:
#0 {main}
  thrown in /home/edep2025/public_html/actions/telegram_webhook.php on line 77
[10-Sep-2025 00:43:42 UTC] PHP Fatal error:  Uncaught Error: Call to a member function bind_param() on bool in /home/edep2025/public_html/actions/telegram_webhook.php:34
Stack trace:
#0 {main}
  thrown in /home/edep2025/public_html/actions/telegram_webhook.php on line 34
[10-Sep-2025 00:43:54 UTC] PHP Fatal error:  Uncaught Error: Call to undefined function downloadTelegramFile() in /home/edep2025/public_html/actions/telegram_webhook.php:77
Stack trace:
#0 {main}
  thrown in /home/edep2025/public_html/actions/telegram_webhook.php on line 77
[10-Sep-2025 00:44:54 UTC] PHP Fatal error:  Uncaught Error: Call to a member function bind_param() on bool in /home/edep2025/public_html/actions/telegram_webhook.php:34
Stack trace:
#0 {main}
  thrown in /home/edep2025/public_html/actions/telegram_webhook.php on line 34
[10-Sep-2025 00:44:57 UTC] PHP Fatal error:  Uncaught Error: Call to undefined function downloadTelegramFile() in /home/edep2025/public_html/actions/telegram_webhook.php:77
Stack trace:
#0 {main}
  thrown in /home/edep2025/public_html/actions/telegram_webhook.php on line 77
[10-Sep-2025 00:46:35 UTC] PHP Fatal error:  Uncaught Error: Call to a member function bind_param() on bool in /home/edep2025/public_html/actions/telegram_webhook.php:34
Stack trace:
#0 {main}
  thrown in /home/edep2025/public_html/actions/telegram_webhook.php on line 34
[10-Sep-2025 00:46:52 UTC] PHP Fatal error:  Uncaught Error: Call to undefined function downloadTelegramFile() in /home/edep2025/public_html/actions/telegram_webhook.php:77
Stack trace:
#0 {main}
  thrown in /home/edep2025/public_html/actions/telegram_webhook.php on line 77
[10-Sep-2025 00:48:02 UTC] PHP Fatal error:  Uncaught Error: Call to a member function bind_param() on bool in /home/edep2025/public_html/actions/telegram_webhook.php:34
Stack trace:
#0 {main}
  thrown in /home/edep2025/public_html/actions/telegram_webhook.php on line 34
[10-Sep-2025 00:48:20 UTC] PHP Fatal error:  Uncaught Error: Call to undefined function downloadTelegramFile() in /home/edep2025/public_html/actions/telegram_webhook.php:77
Stack trace:
#0 {main}
  thrown in /home/edep2025/public_html/actions/telegram_webhook.php on line 77
[10-Sep-2025 00:49:45 UTC] PHP Fatal error:  Uncaught Error: Call to undefined function downloadTelegramFile() in /home/edep2025/public_html/actions/telegram_webhook.php:77
Stack trace:
#0 {main}
  thrown in /home/edep2025/public_html/actions/telegram_webhook.php on line 77
[10-Sep-2025 00:49:53 UTC] PHP Fatal error:  Uncaught Error: Call to a member function bind_param() on bool in /home/edep2025/public_html/actions/telegram_webhook.php:34
Stack trace:
#0 {main}
  thrown in /home/edep2025/public_html/actions/telegram_webhook.php on line 34
[10-Sep-2025 00:51:16 UTC] PHP Fatal error:  Uncaught Error: Call to undefined function downloadTelegramFile() in /home/edep2025/public_html/actions/telegram_webhook.php:77
Stack trace:
#0 {main}
  thrown in /home/edep2025/public_html/actions/telegram_webhook.php on line 77
[10-Sep-2025 00:51:34 UTC] PHP Fatal error:  Uncaught Error: Call to a member function bind_param() on bool in /home/edep2025/public_html/actions/telegram_webhook.php:34
Stack trace:
#0 {main}
  thrown in /home/edep2025/public_html/actions/telegram_webhook.php on line 34
[10-Sep-2025 00:53:10 UTC] PHP Fatal error:  Uncaught Error: Call to a member function bind_param() on bool in /home/edep2025/public_html/actions/telegram_webhook.php:34
Stack trace:
#0 {main}
  thrown in /home/edep2025/public_html/actions/telegram_webhook.php on line 34
[10-Sep-2025 00:53:13 UTC] PHP Fatal error:  Uncaught Error: Call to undefined function downloadTelegramFile() in /home/edep2025/public_html/actions/telegram_webhook.php:77
Stack trace:
#0 {main}
  thrown in /home/edep2025/public_html/actions/telegram_webhook.php on line 77
[10-Sep-2025 00:54:13 UTC] PHP Fatal error:  Uncaught Error: Call to a member function bind_param() on bool in /home/edep2025/public_html/actions/telegram_webhook.php:34
Stack trace:
#0 {main}
  thrown in /home/edep2025/public_html/actions/telegram_webhook.php on line 34
[10-Sep-2025 00:54:28 UTC] PHP Fatal error:  Uncaught Error: Call to undefined function downloadTelegramFile() in /home/edep2025/public_html/actions/telegram_webhook.php:77
Stack trace:
#0 {main}
  thrown in /home/edep2025/public_html/actions/telegram_webhook.php on line 77
[10-Sep-2025 00:55:29 UTC] PHP Fatal error:  Uncaught Error: Call to undefined function downloadTelegramFile() in /home/edep2025/public_html/actions/telegram_webhook.php:77
Stack trace:
#0 {main}
  thrown in /home/edep2025/public_html/actions/telegram_webhook.php on line 77
[10-Sep-2025 00:55:44 UTC] PHP Fatal error:  Uncaught Error: Call to a member function bind_param() on bool in /home/edep2025/public_html/actions/telegram_webhook.php:34
Stack trace:
#0 {main}
  thrown in /home/edep2025/public_html/actions/telegram_webhook.php on line 34
[10-Sep-2025 00:56:55 UTC] PHP Fatal error:  Uncaught Error: Call to undefined function downloadTelegramFile() in /home/edep2025/public_html/actions/telegram_webhook.php:77
Stack trace:
#0 {main}
  thrown in /home/edep2025/public_html/actions/telegram_webhook.php on line 77
[10-Sep-2025 00:57:23 UTC] PHP Fatal error:  Uncaught Error: Call to a member function bind_param() on bool in /home/edep2025/public_html/actions/telegram_webhook.php:34
Stack trace:
#0 {main}
  thrown in /home/edep2025/public_html/actions/telegram_webhook.php on line 34
[10-Sep-2025 00:58:33 UTC] PHP Fatal error:  Uncaught Error: Call to undefined function downloadTelegramFile() in /home/edep2025/public_html/actions/telegram_webhook.php:77
Stack trace:
#0 {main}
  thrown in /home/edep2025/public_html/actions/telegram_webhook.php on line 77
[10-Sep-2025 00:59:13 UTC] PHP Fatal error:  Uncaught Error: Call to a member function bind_param() on bool in /home/edep2025/public_html/actions/telegram_webhook.php:34
Stack trace:
#0 {main}
  thrown in /home/edep2025/public_html/actions/telegram_webhook.php on line 34
[10-Sep-2025 00:59:54 UTC] PHP Fatal error:  Uncaught Error: Call to undefined function downloadTelegramFile() in /home/edep2025/public_html/actions/telegram_webhook.php:77
Stack trace:
#0 {main}
  thrown in /home/edep2025/public_html/actions/telegram_webhook.php on line 77
[10-Sep-2025 01:00:47 UTC] PHP Fatal error:  Uncaught Error: Call to a member function bind_param() on bool in /home/edep2025/public_html/actions/telegram_webhook.php:34
Stack trace:
#0 {main}
  thrown in /home/edep2025/public_html/actions/telegram_webhook.php on line 34
[10-Sep-2025 01:01:15 UTC] PHP Fatal error:  Uncaught Error: Call to undefined function downloadTelegramFile() in /home/edep2025/public_html/actions/telegram_webhook.php:77
Stack trace:
#0 {main}
  thrown in /home/edep2025/public_html/actions/telegram_webhook.php on line 77
[10-Sep-2025 01:01:55 UTC] PHP Fatal error:  Uncaught Error: Call to a member function bind_param() on bool in /home/edep2025/public_html/actions/telegram_webhook.php:34
Stack trace:
#0 {main}
  thrown in /home/edep2025/public_html/actions/telegram_webhook.php on line 34
[10-Sep-2025 01:03:02 UTC] PHP Fatal error:  Uncaught Error: Call to undefined function downloadTelegramFile() in /home/edep2025/public_html/actions/telegram_webhook.php:77
Stack trace:
#0 {main}
  thrown in /home/edep2025/public_html/actions/telegram_webhook.php on line 77
[10-Sep-2025 01:03:20 UTC] PHP Fatal error:  Uncaught Error: Call to a member function bind_param() on bool in /home/edep2025/public_html/actions/telegram_webhook.php:34
Stack trace:
#0 {main}
  thrown in /home/edep2025/public_html/actions/telegram_webhook.php on line 34
[10-Sep-2025 01:04:09 UTC] PHP Fatal error:  Uncaught Error: Call to undefined function downloadTelegramFile() in /home/edep2025/public_html/actions/telegram_webhook.php:77
Stack trace:
#0 {main}
  thrown in /home/edep2025/public_html/actions/telegram_webhook.php on line 77
[10-Sep-2025 01:04:49 UTC] PHP Fatal error:  Uncaught Error: Call to a member function bind_param() on bool in /home/edep2025/public_html/actions/telegram_webhook.php:34
Stack trace:
#0 {main}
  thrown in /home/edep2025/public_html/actions/telegram_webhook.php on line 34
[10-Sep-2025 01:05:21 UTC] PHP Fatal error:  Uncaught Error: Call to undefined function downloadTelegramFile() in /home/edep2025/public_html/actions/telegram_webhook.php:77
Stack trace:
#0 {main}
  thrown in /home/edep2025/public_html/actions/telegram_webhook.php on line 77
[10-Sep-2025 01:06:04 UTC] PHP Fatal error:  Uncaught Error: Call to a member function bind_param() on bool in /home/edep2025/public_html/actions/telegram_webhook.php:34
Stack trace:
#0 {main}
  thrown in /home/edep2025/public_html/actions/telegram_webhook.php on line 34
[10-Sep-2025 01:07:17 UTC] PHP Fatal error:  Uncaught Error: Call to undefined function downloadTelegramFile() in /home/edep2025/public_html/actions/telegram_webhook.php:77
Stack trace:
#0 {main}
  thrown in /home/edep2025/public_html/actions/telegram_webhook.php on line 77
[10-Sep-2025 01:07:38 UTC] PHP Fatal error:  Uncaught Error: Call to a member function bind_param() on bool in /home/edep2025/public_html/actions/telegram_webhook.php:34
Stack trace:
#0 {main}
  thrown in /home/edep2025/public_html/actions/telegram_webhook.php on line 34
[10-Sep-2025 01:08:20 UTC] PHP Fatal error:  Uncaught Error: Call to undefined function downloadTelegramFile() in /home/edep2025/public_html/actions/telegram_webhook.php:77
Stack trace:
#0 {main}
  thrown in /home/edep2025/public_html/actions/telegram_webhook.php on line 77
[10-Sep-2025 01:08:38 UTC] PHP Fatal error:  Uncaught Error: Call to a member function bind_param() on bool in /home/edep2025/public_html/actions/telegram_webhook.php:34
Stack trace:
#0 {main}
  thrown in /home/edep2025/public_html/actions/telegram_webhook.php on line 34
[10-Sep-2025 01:09:47 UTC] PHP Fatal error:  Uncaught Error: Call to a member function bind_param() on bool in /home/edep2025/public_html/actions/telegram_webhook.php:34
Stack trace:
#0 {main}
  thrown in /home/edep2025/public_html/actions/telegram_webhook.php on line 34
[10-Sep-2025 01:10:00 UTC] PHP Fatal error:  Uncaught Error: Call to undefined function downloadTelegramFile() in /home/edep2025/public_html/actions/telegram_webhook.php:77
Stack trace:
#0 {main}
  thrown in /home/edep2025/public_html/actions/telegram_webhook.php on line 77
[10-Sep-2025 01:11:35 UTC] PHP Fatal error:  Uncaught Error: Call to a member function bind_param() on bool in /home/edep2025/public_html/actions/telegram_webhook.php:34
Stack trace:
#0 {main}
  thrown in /home/edep2025/public_html/actions/telegram_webhook.php on line 34
[10-Sep-2025 01:11:35 UTC] PHP Fatal error:  Uncaught Error: Call to undefined function downloadTelegramFile() in /home/edep2025/public_html/actions/telegram_webhook.php:77
Stack trace:
#0 {main}
  thrown in /home/edep2025/public_html/actions/telegram_webhook.php on line 77
[10-Sep-2025 01:12:45 UTC] PHP Fatal error:  Uncaught Error: Call to undefined function downloadTelegramFile() in /home/edep2025/public_html/actions/telegram_webhook.php:77
Stack trace:
#0 {main}
  thrown in /home/edep2025/public_html/actions/telegram_webhook.php on line 77
[10-Sep-2025 01:13:28 UTC] PHP Fatal error:  Uncaught Error: Call to a member function bind_param() on bool in /home/edep2025/public_html/actions/telegram_webhook.php:34
Stack trace:
#0 {main}
  thrown in /home/edep2025/public_html/actions/telegram_webhook.php on line 34
[10-Sep-2025 01:14:07 UTC] PHP Fatal error:  Uncaught Error: Call to undefined function downloadTelegramFile() in /home/edep2025/public_html/actions/telegram_webhook.php:77
Stack trace:
#0 {main}
  thrown in /home/edep2025/public_html/actions/telegram_webhook.php on line 77
[10-Sep-2025 01:15:24 UTC] PHP Fatal error:  Uncaught Error: Call to a member function bind_param() on bool in /home/edep2025/public_html/actions/telegram_webhook.php:34
Stack trace:
#0 {main}
  thrown in /home/edep2025/public_html/actions/telegram_webhook.php on line 34
[10-Sep-2025 01:15:55 UTC] PHP Fatal error:  Uncaught Error: Call to undefined function downloadTelegramFile() in /home/edep2025/public_html/actions/telegram_webhook.php:77
Stack trace:
#0 {main}
  thrown in /home/edep2025/public_html/actions/telegram_webhook.php on line 77
[10-Sep-2025 01:16:59 UTC] PHP Fatal error:  Uncaught Error: Call to undefined function downloadTelegramFile() in /home/edep2025/public_html/actions/telegram_webhook.php:77
Stack trace:
#0 {main}
  thrown in /home/edep2025/public_html/actions/telegram_webhook.php on line 77
[10-Sep-2025 01:17:16 UTC] PHP Fatal error:  Uncaught Error: Call to a member function bind_param() on bool in /home/edep2025/public_html/actions/telegram_webhook.php:34
Stack trace:
#0 {main}
  thrown in /home/edep2025/public_html/actions/telegram_webhook.php on line 34
[10-Sep-2025 01:18:34 UTC] PHP Fatal error:  Uncaught Error: Call to a member function bind_param() on bool in /home/edep2025/public_html/actions/telegram_webhook.php:34
Stack trace:
#0 {main}
  thrown in /home/edep2025/public_html/actions/telegram_webhook.php on line 34
[10-Sep-2025 01:18:40 UTC] PHP Fatal error:  Uncaught Error: Call to undefined function downloadTelegramFile() in /home/edep2025/public_html/actions/telegram_webhook.php:77
Stack trace:
#0 {main}
  thrown in /home/edep2025/public_html/actions/telegram_webhook.php on line 77
[10-Sep-2025 01:20:10 UTC] PHP Fatal error:  Uncaught Error: Call to undefined function downloadTelegramFile() in /home/edep2025/public_html/actions/telegram_webhook.php:77
Stack trace:
#0 {main}
  thrown in /home/edep2025/public_html/actions/telegram_webhook.php on line 77
[10-Sep-2025 01:20:24 UTC] PHP Fatal error:  Uncaught Error: Call to a member function bind_param() on bool in /home/edep2025/public_html/actions/telegram_webhook.php:34
Stack trace:
#0 {main}
  thrown in /home/edep2025/public_html/actions/telegram_webhook.php on line 34
[10-Sep-2025 01:21:27 UTC] PHP Fatal error:  Uncaught Error: Call to undefined function downloadTelegramFile() in /home/edep2025/public_html/actions/telegram_webhook.php:77
Stack trace:
#0 {main}
  thrown in /home/edep2025/public_html/actions/telegram_webhook.php on line 77
[10-Sep-2025 01:22:05 UTC] PHP Fatal error:  Uncaught Error: Call to a member function bind_param() on bool in /home/edep2025/public_html/actions/telegram_webhook.php:34
Stack trace:
#0 {main}
  thrown in /home/edep2025/public_html/actions/telegram_webhook.php on line 34
[10-Sep-2025 01:22:36 UTC] PHP Fatal error:  Uncaught Error: Call to undefined function downloadTelegramFile() in /home/edep2025/public_html/actions/telegram_webhook.php:77
Stack trace:
#0 {main}
  thrown in /home/edep2025/public_html/actions/telegram_webhook.php on line 77
[10-Sep-2025 01:23:42 UTC] PHP Fatal error:  Uncaught Error: Call to a member function bind_param() on bool in /home/edep2025/public_html/actions/telegram_webhook.php:34
Stack trace:
#0 {main}
  thrown in /home/edep2025/public_html/actions/telegram_webhook.php on line 34
[10-Sep-2025 01:23:58 UTC] PHP Fatal error:  Uncaught Error: Call to undefined function downloadTelegramFile() in /home/edep2025/public_html/actions/telegram_webhook.php:77
Stack trace:
#0 {main}
  thrown in /home/edep2025/public_html/actions/telegram_webhook.php on line 77
[10-Sep-2025 01:25:03 UTC] PHP Fatal error:  Uncaught Error: Call to undefined function downloadTelegramFile() in /home/edep2025/public_html/actions/telegram_webhook.php:77
Stack trace:
#0 {main}
  thrown in /home/edep2025/public_html/actions/telegram_webhook.php on line 77
[10-Sep-2025 01:25:21 UTC] PHP Fatal error:  Uncaught Error: Call to a member function bind_param() on bool in /home/edep2025/public_html/actions/telegram_webhook.php:34
Stack trace:
#0 {main}
  thrown in /home/edep2025/public_html/actions/telegram_webhook.php on line 34
[10-Sep-2025 01:26:52 UTC] PHP Fatal error:  Uncaught Error: Call to undefined function downloadTelegramFile() in /home/edep2025/public_html/actions/telegram_webhook.php:77
Stack trace:
#0 {main}
  thrown in /home/edep2025/public_html/actions/telegram_webhook.php on line 77
[10-Sep-2025 01:27:14 UTC] PHP Fatal error:  Uncaught Error: Call to a member function bind_param() on bool in /home/edep2025/public_html/actions/telegram_webhook.php:34
Stack trace:
#0 {main}
  thrown in /home/edep2025/public_html/actions/telegram_webhook.php on line 34
[10-Sep-2025 01:28:39 UTC] PHP Fatal error:  Uncaught Error: Call to a member function bind_param() on bool in /home/edep2025/public_html/actions/telegram_webhook.php:34
Stack trace:
#0 {main}
  thrown in /home/edep2025/public_html/actions/telegram_webhook.php on line 34
[10-Sep-2025 01:28:52 UTC] PHP Fatal error:  Uncaught Error: Call to undefined function downloadTelegramFile() in /home/edep2025/public_html/actions/telegram_webhook.php:77
Stack trace:
#0 {main}
  thrown in /home/edep2025/public_html/actions/telegram_webhook.php on line 77
[10-Sep-2025 01:29:41 UTC] PHP Fatal error:  Uncaught Error: Call to a member function bind_param() on bool in /home/edep2025/public_html/actions/telegram_webhook.php:34
Stack trace:
#0 {main}
  thrown in /home/edep2025/public_html/actions/telegram_webhook.php on line 34
[10-Sep-2025 01:30:44 UTC] PHP Fatal error:  Uncaught Error: Call to undefined function downloadTelegramFile() in /home/edep2025/public_html/actions/telegram_webhook.php:77
Stack trace:
#0 {main}
  thrown in /home/edep2025/public_html/actions/telegram_webhook.php on line 77
[10-Sep-2025 01:31:38 UTC] PHP Fatal error:  Uncaught Error: Call to a member function bind_param() on bool in /home/edep2025/public_html/actions/telegram_webhook.php:34
Stack trace:
#0 {main}
  thrown in /home/edep2025/public_html/actions/telegram_webhook.php on line 34
[10-Sep-2025 01:32:04 UTC] PHP Fatal error:  Uncaught Error: Call to undefined function downloadTelegramFile() in /home/edep2025/public_html/actions/telegram_webhook.php:77
Stack trace:
#0 {main}
  thrown in /home/edep2025/public_html/actions/telegram_webhook.php on line 77
[10-Sep-2025 01:32:50 UTC] PHP Fatal error:  Uncaught Error: Call to a member function bind_param() on bool in /home/edep2025/public_html/actions/telegram_webhook.php:34
Stack trace:
#0 {main}
  thrown in /home/edep2025/public_html/actions/telegram_webhook.php on line 34
[10-Sep-2025 01:33:09 UTC] PHP Fatal error:  Uncaught Error: Call to undefined function downloadTelegramFile() in /home/edep2025/public_html/actions/telegram_webhook.php:77
Stack trace:
#0 {main}
  thrown in /home/edep2025/public_html/actions/telegram_webhook.php on line 77
[10-Sep-2025 01:34:03 UTC] PHP Fatal error:  Uncaught Error: Call to a member function bind_param() on bool in /home/edep2025/public_html/actions/telegram_webhook.php:34
Stack trace:
#0 {main}
  thrown in /home/edep2025/public_html/actions/telegram_webhook.php on line 34
[10-Sep-2025 01:34:33 UTC] PHP Fatal error:  Uncaught Error: Call to undefined function downloadTelegramFile() in /home/edep2025/public_html/actions/telegram_webhook.php:77
Stack trace:
#0 {main}
  thrown in /home/edep2025/public_html/actions/telegram_webhook.php on line 77
[10-Sep-2025 01:35:41 UTC] PHP Fatal error:  Uncaught Error: Call to undefined function downloadTelegramFile() in /home/edep2025/public_html/actions/telegram_webhook.php:77
Stack trace:
#0 {main}
  thrown in /home/edep2025/public_html/actions/telegram_webhook.php on line 77
[10-Sep-2025 01:35:44 UTC] PHP Fatal error:  Uncaught Error: Call to a member function bind_param() on bool in /home/edep2025/public_html/actions/telegram_webhook.php:34
Stack trace:
#0 {main}
  thrown in /home/edep2025/public_html/actions/telegram_webhook.php on line 34
[10-Sep-2025 01:36:46 UTC] PHP Fatal error:  Uncaught Error: Call to a member function bind_param() on bool in /home/edep2025/public_html/actions/telegram_webhook.php:34
Stack trace:
#0 {main}
  thrown in /home/edep2025/public_html/actions/telegram_webhook.php on line 34
[10-Sep-2025 01:36:51 UTC] PHP Fatal error:  Uncaught Error: Call to undefined function downloadTelegramFile() in /home/edep2025/public_html/actions/telegram_webhook.php:77
Stack trace:
#0 {main}
  thrown in /home/edep2025/public_html/actions/telegram_webhook.php on line 77
[10-Sep-2025 01:38:17 UTC] PHP Fatal error:  Uncaught Error: Call to a member function bind_param() on bool in /home/edep2025/public_html/actions/telegram_webhook.php:34
Stack trace:
#0 {main}
  thrown in /home/edep2025/public_html/actions/telegram_webhook.php on line 34
[10-Sep-2025 01:38:37 UTC] PHP Fatal error:  Uncaught Error: Call to undefined function downloadTelegramFile() in /home/edep2025/public_html/actions/telegram_webhook.php:77
Stack trace:
#0 {main}
  thrown in /home/edep2025/public_html/actions/telegram_webhook.php on line 77
[10-Sep-2025 01:39:43 UTC] PHP Fatal error:  Uncaught Error: Call to undefined function downloadTelegramFile() in /home/edep2025/public_html/actions/telegram_webhook.php:77
Stack trace:
#0 {main}
  thrown in /home/edep2025/public_html/actions/telegram_webhook.php on line 77
[10-Sep-2025 01:40:12 UTC] PHP Fatal error:  Uncaught Error: Call to a member function bind_param() on bool in /home/edep2025/public_html/actions/telegram_webhook.php:34
Stack trace:
#0 {main}
  thrown in /home/edep2025/public_html/actions/telegram_webhook.php on line 34
[10-Sep-2025 01:41:14 UTC] PHP Fatal error:  Uncaught Error: Call to undefined function downloadTelegramFile() in /home/edep2025/public_html/actions/telegram_webhook.php:77
Stack trace:
#0 {main}
  thrown in /home/edep2025/public_html/actions/telegram_webhook.php on line 77
[10-Sep-2025 01:41:30 UTC] PHP Fatal error:  Uncaught Error: Call to a member function bind_param() on bool in /home/edep2025/public_html/actions/telegram_webhook.php:34
Stack trace:
#0 {main}
  thrown in /home/edep2025/public_html/actions/telegram_webhook.php on line 34
[10-Sep-2025 01:42:37 UTC] PHP Fatal error:  Uncaught Error: Call to undefined function downloadTelegramFile() in /home/edep2025/public_html/actions/telegram_webhook.php:77
Stack trace:
#0 {main}
  thrown in /home/edep2025/public_html/actions/telegram_webhook.php on line 77
[10-Sep-2025 01:42:56 UTC] PHP Fatal error:  Uncaught Error: Call to a member function bind_param() on bool in /home/edep2025/public_html/actions/telegram_webhook.php:34
Stack trace:
#0 {main}
  thrown in /home/edep2025/public_html/actions/telegram_webhook.php on line 34
[10-Sep-2025 01:43:56 UTC] PHP Fatal error:  Uncaught Error: Call to a member function bind_param() on bool in /home/edep2025/public_html/actions/telegram_webhook.php:34
Stack trace:
#0 {main}
  thrown in /home/edep2025/public_html/actions/telegram_webhook.php on line 34
[10-Sep-2025 01:44:18 UTC] PHP Fatal error:  Uncaught Error: Call to undefined function downloadTelegramFile() in /home/edep2025/public_html/actions/telegram_webhook.php:77
Stack trace:
#0 {main}
  thrown in /home/edep2025/public_html/actions/telegram_webhook.php on line 77
[10-Sep-2025 01:45:33 UTC] PHP Fatal error:  Uncaught Error: Call to a member function bind_param() on bool in /home/edep2025/public_html/actions/telegram_webhook.php:34
Stack trace:
#0 {main}
  thrown in /home/edep2025/public_html/actions/telegram_webhook.php on line 34
[10-Sep-2025 01:45:59 UTC] PHP Fatal error:  Uncaught Error: Call to undefined function downloadTelegramFile() in /home/edep2025/public_html/actions/telegram_webhook.php:77
Stack trace:
#0 {main}
  thrown in /home/edep2025/public_html/actions/telegram_webhook.php on line 77
[10-Sep-2025 01:47:22 UTC] PHP Fatal error:  Uncaught Error: Call to undefined function downloadTelegramFile() in /home/edep2025/public_html/actions/telegram_webhook.php:77
Stack trace:
#0 {main}
  thrown in /home/edep2025/public_html/actions/telegram_webhook.php on line 77
[10-Sep-2025 01:47:24 UTC] PHP Fatal error:  Uncaught Error: Call to a member function bind_param() on bool in /home/edep2025/public_html/actions/telegram_webhook.php:34
Stack trace:
#0 {main}
  thrown in /home/edep2025/public_html/actions/telegram_webhook.php on line 34
[10-Sep-2025 01:48:50 UTC] PHP Fatal error:  Uncaught Error: Call to a member function bind_param() on bool in /home/edep2025/public_html/actions/telegram_webhook.php:34
Stack trace:
#0 {main}
  thrown in /home/edep2025/public_html/actions/telegram_webhook.php on line 34
[10-Sep-2025 01:50:03 UTC] PHP Fatal error:  Uncaught Error: Call to undefined function downloadTelegramFile() in /home/edep2025/public_html/actions/telegram_webhook.php:77
Stack trace:
#0 {main}
  thrown in /home/edep2025/public_html/actions/telegram_webhook.php on line 77
[10-Sep-2025 01:50:32 UTC] PHP Fatal error:  Uncaught Error: Call to a member function bind_param() on bool in /home/edep2025/public_html/actions/telegram_webhook.php:34
Stack trace:
#0 {main}
  thrown in /home/edep2025/public_html/actions/telegram_webhook.php on line 34
[10-Sep-2025 01:51:06 UTC] PHP Fatal error:  Uncaught Error: Call to undefined function downloadTelegramFile() in /home/edep2025/public_html/actions/telegram_webhook.php:77
Stack trace:
#0 {main}
  thrown in /home/edep2025/public_html/actions/telegram_webhook.php on line 77
[10-Sep-2025 01:52:24 UTC] PHP Fatal error:  Uncaught Error: Call to a member function bind_param() on bool in /home/edep2025/public_html/actions/telegram_webhook.php:34
Stack trace:
#0 {main}
  thrown in /home/edep2025/public_html/actions/telegram_webhook.php on line 34
[10-Sep-2025 01:53:03 UTC] PHP Fatal error:  Uncaught Error: Call to undefined function downloadTelegramFile() in /home/edep2025/public_html/actions/telegram_webhook.php:77
Stack trace:
#0 {main}
  thrown in /home/edep2025/public_html/actions/telegram_webhook.php on line 77
[10-Sep-2025 01:53:35 UTC] PHP Fatal error:  Uncaught Error: Call to a member function bind_param() on bool in /home/edep2025/public_html/actions/telegram_webhook.php:34
Stack trace:
#0 {main}
  thrown in /home/edep2025/public_html/actions/telegram_webhook.php on line 34
[10-Sep-2025 01:54:21 UTC] PHP Fatal error:  Uncaught Error: Call to undefined function downloadTelegramFile() in /home/edep2025/public_html/actions/telegram_webhook.php:77
Stack trace:
#0 {main}
  thrown in /home/edep2025/public_html/actions/telegram_webhook.php on line 77
[10-Sep-2025 01:55:14 UTC] PHP Fatal error:  Uncaught Error: Call to a member function bind_param() on bool in /home/edep2025/public_html/actions/telegram_webhook.php:34
Stack trace:
#0 {main}
  thrown in /home/edep2025/public_html/actions/telegram_webhook.php on line 34
[10-Sep-2025 01:55:45 UTC] PHP Fatal error:  Uncaught Error: Call to undefined function downloadTelegramFile() in /home/edep2025/public_html/actions/telegram_webhook.php:77
Stack trace:
#0 {main}
  thrown in /home/edep2025/public_html/actions/telegram_webhook.php on line 77
[10-Sep-2025 01:56:33 UTC] PHP Fatal error:  Uncaught Error: Call to a member function bind_param() on bool in /home/edep2025/public_html/actions/telegram_webhook.php:34
Stack trace:
#0 {main}
  thrown in /home/edep2025/public_html/actions/telegram_webhook.php on line 34
[10-Sep-2025 01:57:18 UTC] PHP Fatal error:  Uncaught Error: Call to undefined function downloadTelegramFile() in /home/edep2025/public_html/actions/telegram_webhook.php:77
Stack trace:
#0 {main}
  thrown in /home/edep2025/public_html/actions/telegram_webhook.php on line 77
[10-Sep-2025 01:58:23 UTC] PHP Fatal error:  Uncaught Error: Call to a member function bind_param() on bool in /home/edep2025/public_html/actions/telegram_webhook.php:34
Stack trace:
#0 {main}
  thrown in /home/edep2025/public_html/actions/telegram_webhook.php on line 34
[10-Sep-2025 01:58:27 UTC] PHP Fatal error:  Uncaught Error: Call to undefined function downloadTelegramFile() in /home/edep2025/public_html/actions/telegram_webhook.php:77
Stack trace:
#0 {main}
  thrown in /home/edep2025/public_html/actions/telegram_webhook.php on line 77
[10-Sep-2025 01:59:34 UTC] PHP Fatal error:  Uncaught Error: Call to undefined function downloadTelegramFile() in /home/edep2025/public_html/actions/telegram_webhook.php:77
Stack trace:
#0 {main}
  thrown in /home/edep2025/public_html/actions/telegram_webhook.php on line 77
[10-Sep-2025 01:59:47 UTC] PHP Fatal error:  Uncaught Error: Call to a member function bind_param() on bool in /home/edep2025/public_html/actions/telegram_webhook.php:34
Stack trace:
#0 {main}
  thrown in /home/edep2025/public_html/actions/telegram_webhook.php on line 34
[10-Sep-2025 02:01:01 UTC] PHP Fatal error:  Uncaught Error: Call to a member function bind_param() on bool in /home/edep2025/public_html/actions/telegram_webhook.php:34
Stack trace:
#0 {main}
  thrown in /home/edep2025/public_html/actions/telegram_webhook.php on line 34
[10-Sep-2025 02:01:24 UTC] PHP Fatal error:  Uncaught Error: Call to undefined function downloadTelegramFile() in /home/edep2025/public_html/actions/telegram_webhook.php:77
Stack trace:
#0 {main}
  thrown in /home/edep2025/public_html/actions/telegram_webhook.php on line 77
[10-Sep-2025 02:02:27 UTC] PHP Fatal error:  Uncaught Error: Call to a member function bind_param() on bool in /home/edep2025/public_html/actions/telegram_webhook.php:34
Stack trace:
#0 {main}
  thrown in /home/edep2025/public_html/actions/telegram_webhook.php on line 34
[10-Sep-2025 02:02:48 UTC] PHP Fatal error:  Uncaught Error: Call to undefined function downloadTelegramFile() in /home/edep2025/public_html/actions/telegram_webhook.php:77
Stack trace:
#0 {main}
  thrown in /home/edep2025/public_html/actions/telegram_webhook.php on line 77
[10-Sep-2025 02:03:47 UTC] PHP Fatal error:  Uncaught Error: Call to a member function bind_param() on bool in /home/edep2025/public_html/actions/telegram_webhook.php:34
Stack trace:
#0 {main}
  thrown in /home/edep2025/public_html/actions/telegram_webhook.php on line 34
[10-Sep-2025 02:03:56 UTC] PHP Fatal error:  Uncaught Error: Call to undefined function downloadTelegramFile() in /home/edep2025/public_html/actions/telegram_webhook.php:77
Stack trace:
#0 {main}
  thrown in /home/edep2025/public_html/actions/telegram_webhook.php on line 77
[10-Sep-2025 02:04:55 UTC] PHP Fatal error:  Uncaught Error: Call to a member function bind_param() on bool in /home/edep2025/public_html/actions/telegram_webhook.php:34
Stack trace:
#0 {main}
  thrown in /home/edep2025/public_html/actions/telegram_webhook.php on line 34
[10-Sep-2025 02:06:05 UTC] PHP Fatal error:  Uncaught Error: Call to a member function bind_param() on bool in /home/edep2025/public_html/actions/telegram_webhook.php:34
Stack trace:
#0 {main}
  thrown in /home/edep2025/public_html/actions/telegram_webhook.php on line 34
[10-Sep-2025 02:06:57 UTC] PHP Fatal error:  Uncaught Error: Call to undefined function downloadTelegramFile() in /home/edep2025/public_html/actions/telegram_webhook.php:77
Stack trace:
#0 {main}
  thrown in /home/edep2025/public_html/actions/telegram_webhook.php on line 77
[10-Sep-2025 02:07:25 UTC] PHP Fatal error:  Uncaught Error: Call to a member function bind_param() on bool in /home/edep2025/public_html/actions/telegram_webhook.php:34
Stack trace:
#0 {main}
  thrown in /home/edep2025/public_html/actions/telegram_webhook.php on line 34
[10-Sep-2025 02:08:26 UTC] PHP Fatal error:  Uncaught Error: Call to undefined function downloadTelegramFile() in /home/edep2025/public_html/actions/telegram_webhook.php:77
Stack trace:
#0 {main}
  thrown in /home/edep2025/public_html/actions/telegram_webhook.php on line 77
[10-Sep-2025 02:09:07 UTC] PHP Fatal error:  Uncaught Error: Call to a member function bind_param() on bool in /home/edep2025/public_html/actions/telegram_webhook.php:34
Stack trace:
#0 {main}
  thrown in /home/edep2025/public_html/actions/telegram_webhook.php on line 34
[10-Sep-2025 02:09:51 UTC] PHP Fatal error:  Uncaught Error: Call to undefined function downloadTelegramFile() in /home/edep2025/public_html/actions/telegram_webhook.php:77
Stack trace:
#0 {main}
  thrown in /home/edep2025/public_html/actions/telegram_webhook.php on line 77
[10-Sep-2025 02:10:51 UTC] PHP Fatal error:  Uncaught Error: Call to undefined function downloadTelegramFile() in /home/edep2025/public_html/actions/telegram_webhook.php:77
Stack trace:
#0 {main}
  thrown in /home/edep2025/public_html/actions/telegram_webhook.php on line 77
[10-Sep-2025 02:10:57 UTC] PHP Fatal error:  Uncaught Error: Call to a member function bind_param() on bool in /home/edep2025/public_html/actions/telegram_webhook.php:34
Stack trace:
#0 {main}
  thrown in /home/edep2025/public_html/actions/telegram_webhook.php on line 34
[10-Sep-2025 02:12:33 UTC] PHP Fatal error:  Uncaught Error: Call to undefined function downloadTelegramFile() in /home/edep2025/public_html/actions/telegram_webhook.php:77
Stack trace:
#0 {main}
  thrown in /home/edep2025/public_html/actions/telegram_webhook.php on line 77
[10-Sep-2025 02:12:52 UTC] PHP Fatal error:  Uncaught Error: Call to a member function bind_param() on bool in /home/edep2025/public_html/actions/telegram_webhook.php:34
Stack trace:
#0 {main}
  thrown in /home/edep2025/public_html/actions/telegram_webhook.php on line 34
[10-Sep-2025 02:13:41 UTC] PHP Fatal error:  Uncaught Error: Call to undefined function downloadTelegramFile() in /home/edep2025/public_html/actions/telegram_webhook.php:77
Stack trace:
#0 {main}
  thrown in /home/edep2025/public_html/actions/telegram_webhook.php on line 77
[10-Sep-2025 02:14:36 UTC] PHP Fatal error:  Uncaught Error: Call to a member function bind_param() on bool in /home/edep2025/public_html/actions/telegram_webhook.php:34
Stack trace:
#0 {main}
  thrown in /home/edep2025/public_html/actions/telegram_webhook.php on line 34
[10-Sep-2025 02:14:45 UTC] PHP Fatal error:  Uncaught Error: Call to undefined function downloadTelegramFile() in /home/edep2025/public_html/actions/telegram_webhook.php:77
Stack trace:
#0 {main}
  thrown in /home/edep2025/public_html/actions/telegram_webhook.php on line 77
[10-Sep-2025 02:16:07 UTC] PHP Fatal error:  Uncaught Error: Call to a member function bind_param() on bool in /home/edep2025/public_html/actions/telegram_webhook.php:34
Stack trace:
#0 {main}
  thrown in /home/edep2025/public_html/actions/telegram_webhook.php on line 34
[10-Sep-2025 02:16:10 UTC] PHP Fatal error:  Uncaught Error: Call to undefined function downloadTelegramFile() in /home/edep2025/public_html/actions/telegram_webhook.php:77
Stack trace:
#0 {main}
  thrown in /home/edep2025/public_html/actions/telegram_webhook.php on line 77
[10-Sep-2025 02:17:56 UTC] PHP Fatal error:  Uncaught Error: Call to undefined function downloadTelegramFile() in /home/edep2025/public_html/actions/telegram_webhook.php:77
Stack trace:
#0 {main}
  thrown in /home/edep2025/public_html/actions/telegram_webhook.php on line 77
[10-Sep-2025 02:18:00 UTC] PHP Fatal error:  Uncaught Error: Call to a member function bind_param() on bool in /home/edep2025/public_html/actions/telegram_webhook.php:34
Stack trace:
#0 {main}
  thrown in /home/edep2025/public_html/actions/telegram_webhook.php on line 34
[10-Sep-2025 02:19:26 UTC] PHP Fatal error:  Uncaught Error: Call to undefined function downloadTelegramFile() in /home/edep2025/public_html/actions/telegram_webhook.php:77
Stack trace:
#0 {main}
  thrown in /home/edep2025/public_html/actions/telegram_webhook.php on line 77
[10-Sep-2025 02:19:45 UTC] PHP Fatal error:  Uncaught Error: Call to a member function bind_param() on bool in /home/edep2025/public_html/actions/telegram_webhook.php:34
Stack trace:
#0 {main}
  thrown in /home/edep2025/public_html/actions/telegram_webhook.php on line 34
[10-Sep-2025 02:21:00 UTC] PHP Fatal error:  Uncaught Error: Call to undefined function downloadTelegramFile() in /home/edep2025/public_html/actions/telegram_webhook.php:77
Stack trace:
#0 {main}
  thrown in /home/edep2025/public_html/actions/telegram_webhook.php on line 77
[10-Sep-2025 02:21:16 UTC] PHP Fatal error:  Uncaught Error: Call to a member function bind_param() on bool in /home/edep2025/public_html/actions/telegram_webhook.php:34
Stack trace:
#0 {main}
  thrown in /home/edep2025/public_html/actions/telegram_webhook.php on line 34
[10-Sep-2025 02:22:20 UTC] PHP Fatal error:  Uncaught Error: Call to undefined function downloadTelegramFile() in /home/edep2025/public_html/actions/telegram_webhook.php:77
Stack trace:
#0 {main}
  thrown in /home/edep2025/public_html/actions/telegram_webhook.php on line 77
[10-Sep-2025 02:23:06 UTC] PHP Fatal error:  Uncaught Error: Call to a member function bind_param() on bool in /home/edep2025/public_html/actions/telegram_webhook.php:34
Stack trace:
#0 {main}
  thrown in /home/edep2025/public_html/actions/telegram_webhook.php on line 34
[10-Sep-2025 02:23:36 UTC] PHP Fatal error:  Uncaught Error: Call to undefined function downloadTelegramFile() in /home/edep2025/public_html/actions/telegram_webhook.php:77
Stack trace:
#0 {main}
  thrown in /home/edep2025/public_html/actions/telegram_webhook.php on line 77
[10-Sep-2025 02:24:58 UTC] PHP Fatal error:  Uncaught Error: Call to a member function bind_param() on bool in /home/edep2025/public_html/actions/telegram_webhook.php:34
Stack trace:
#0 {main}
  thrown in /home/edep2025/public_html/actions/telegram_webhook.php on line 34
[10-Sep-2025 02:25:30 UTC] PHP Fatal error:  Uncaught Error: Call to undefined function downloadTelegramFile() in /home/edep2025/public_html/actions/telegram_webhook.php:77
Stack trace:
#0 {main}
  thrown in /home/edep2025/public_html/actions/telegram_webhook.php on line 77
[10-Sep-2025 02:26:12 UTC] PHP Fatal error:  Uncaught Error: Call to a member function bind_param() on bool in /home/edep2025/public_html/actions/telegram_webhook.php:34
Stack trace:
#0 {main}
  thrown in /home/edep2025/public_html/actions/telegram_webhook.php on line 34
[10-Sep-2025 02:26:57 UTC] PHP Fatal error:  Uncaught Error: Call to undefined function downloadTelegramFile() in /home/edep2025/public_html/actions/telegram_webhook.php:77
Stack trace:
#0 {main}
  thrown in /home/edep2025/public_html/actions/telegram_webhook.php on line 77
[10-Sep-2025 02:28:09 UTC] PHP Fatal error:  Uncaught Error: Call to a member function bind_param() on bool in /home/edep2025/public_html/actions/telegram_webhook.php:34
Stack trace:
#0 {main}
  thrown in /home/edep2025/public_html/actions/telegram_webhook.php on line 34
[10-Sep-2025 02:28:20 UTC] PHP Fatal error:  Uncaught Error: Call to undefined function downloadTelegramFile() in /home/edep2025/public_html/actions/telegram_webhook.php:77
Stack trace:
#0 {main}
  thrown in /home/edep2025/public_html/actions/telegram_webhook.php on line 77
[10-Sep-2025 02:29:13 UTC] PHP Fatal error:  Uncaught Error: Call to a member function bind_param() on bool in /home/edep2025/public_html/actions/telegram_webhook.php:34
Stack trace:
#0 {main}
  thrown in /home/edep2025/public_html/actions/telegram_webhook.php on line 34
[10-Sep-2025 02:29:35 UTC] PHP Fatal error:  Uncaught Error: Call to undefined function downloadTelegramFile() in /home/edep2025/public_html/actions/telegram_webhook.php:77
Stack trace:
#0 {main}
  thrown in /home/edep2025/public_html/actions/telegram_webhook.php on line 77
[10-Sep-2025 02:31:03 UTC] PHP Fatal error:  Uncaught Error: Call to undefined function downloadTelegramFile() in /home/edep2025/public_html/actions/telegram_webhook.php:77
Stack trace:
#0 {main}
  thrown in /home/edep2025/public_html/actions/telegram_webhook.php on line 77
[10-Sep-2025 02:31:13 UTC] PHP Fatal error:  Uncaught Error: Call to a member function bind_param() on bool in /home/edep2025/public_html/actions/telegram_webhook.php:34
Stack trace:
#0 {main}
  thrown in /home/edep2025/public_html/actions/telegram_webhook.php on line 34
[10-Sep-2025 02:32:36 UTC] PHP Fatal error:  Uncaught Error: Call to undefined function downloadTelegramFile() in /home/edep2025/public_html/actions/telegram_webhook.php:77
Stack trace:
#0 {main}
  thrown in /home/edep2025/public_html/actions/telegram_webhook.php on line 77
[10-Sep-2025 02:33:00 UTC] PHP Fatal error:  Uncaught Error: Call to a member function bind_param() on bool in /home/edep2025/public_html/actions/telegram_webhook.php:34
Stack trace:
#0 {main}
  thrown in /home/edep2025/public_html/actions/telegram_webhook.php on line 34
[10-Sep-2025 02:34:05 UTC] PHP Fatal error:  Uncaught Error: Call to undefined function downloadTelegramFile() in /home/edep2025/public_html/actions/telegram_webhook.php:77
Stack trace:
#0 {main}
  thrown in /home/edep2025/public_html/actions/telegram_webhook.php on line 77
[10-Sep-2025 02:34:50 UTC] PHP Fatal error:  Uncaught Error: Call to a member function bind_param() on bool in /home/edep2025/public_html/actions/telegram_webhook.php:34
Stack trace:
#0 {main}
  thrown in /home/edep2025/public_html/actions/telegram_webhook.php on line 34
[10-Sep-2025 02:35:47 UTC] PHP Fatal error:  Uncaught Error: Call to undefined function downloadTelegramFile() in /home/edep2025/public_html/actions/telegram_webhook.php:77
Stack trace:
#0 {main}
  thrown in /home/edep2025/public_html/actions/telegram_webhook.php on line 77
[10-Sep-2025 02:36:50 UTC] PHP Fatal error:  Uncaught Error: Call to a member function bind_param() on bool in /home/edep2025/public_html/actions/telegram_webhook.php:34
Stack trace:
#0 {main}
  thrown in /home/edep2025/public_html/actions/telegram_webhook.php on line 34
[10-Sep-2025 02:37:42 UTC] PHP Fatal error:  Uncaught Error: Call to undefined function downloadTelegramFile() in /home/edep2025/public_html/actions/telegram_webhook.php:77
Stack trace:
#0 {main}
  thrown in /home/edep2025/public_html/actions/telegram_webhook.php on line 77
[10-Sep-2025 02:37:55 UTC] PHP Fatal error:  Uncaught Error: Call to a member function bind_param() on bool in /home/edep2025/public_html/actions/telegram_webhook.php:34
Stack trace:
#0 {main}
  thrown in /home/edep2025/public_html/actions/telegram_webhook.php on line 34
[10-Sep-2025 02:38:56 UTC] PHP Fatal error:  Uncaught Error: Call to a member function bind_param() on bool in /home/edep2025/public_html/actions/telegram_webhook.php:34
Stack trace:
#0 {main}
  thrown in /home/edep2025/public_html/actions/telegram_webhook.php on line 34
[10-Sep-2025 02:39:01 UTC] PHP Fatal error:  Uncaught Error: Call to undefined function downloadTelegramFile() in /home/edep2025/public_html/actions/telegram_webhook.php:77
Stack trace:
#0 {main}
  thrown in /home/edep2025/public_html/actions/telegram_webhook.php on line 77
[10-Sep-2025 02:40:01 UTC] PHP Fatal error:  Uncaught Error: Call to undefined function downloadTelegramFile() in /home/edep2025/public_html/actions/telegram_webhook.php:77
Stack trace:
#0 {main}
  thrown in /home/edep2025/public_html/actions/telegram_webhook.php on line 77
[10-Sep-2025 02:40:15 UTC] PHP Fatal error:  Uncaught Error: Call to a member function bind_param() on bool in /home/edep2025/public_html/actions/telegram_webhook.php:34
Stack trace:
#0 {main}
  thrown in /home/edep2025/public_html/actions/telegram_webhook.php on line 34
[10-Sep-2025 02:41:45 UTC] PHP Fatal error:  Uncaught Error: Call to undefined function downloadTelegramFile() in /home/edep2025/public_html/actions/telegram_webhook.php:77
Stack trace:
#0 {main}
  thrown in /home/edep2025/public_html/actions/telegram_webhook.php on line 77
[10-Sep-2025 02:41:52 UTC] PHP Fatal error:  Uncaught Error: Call to a member function bind_param() on bool in /home/edep2025/public_html/actions/telegram_webhook.php:34
Stack trace:
#0 {main}
  thrown in /home/edep2025/public_html/actions/telegram_webhook.php on line 34
[10-Sep-2025 02:43:10 UTC] PHP Fatal error:  Uncaught Error: Call to undefined function downloadTelegramFile() in /home/edep2025/public_html/actions/telegram_webhook.php:77
Stack trace:
#0 {main}
  thrown in /home/edep2025/public_html/actions/telegram_webhook.php on line 77
[10-Sep-2025 02:43:44 UTC] PHP Fatal error:  Uncaught Error: Call to a member function bind_param() on bool in /home/edep2025/public_html/actions/telegram_webhook.php:34
Stack trace:
#0 {main}
  thrown in /home/edep2025/public_html/actions/telegram_webhook.php on line 34
[10-Sep-2025 02:44:45 UTC] PHP Fatal error:  Uncaught Error: Call to undefined function downloadTelegramFile() in /home/edep2025/public_html/actions/telegram_webhook.php:77
Stack trace:
#0 {main}
  thrown in /home/edep2025/public_html/actions/telegram_webhook.php on line 77
[10-Sep-2025 02:45:38 UTC] PHP Fatal error:  Uncaught Error: Call to a member function bind_param() on bool in /home/edep2025/public_html/actions/telegram_webhook.php:34
Stack trace:
#0 {main}
  thrown in /home/edep2025/public_html/actions/telegram_webhook.php on line 34
[10-Sep-2025 02:45:49 UTC] PHP Fatal error:  Uncaught Error: Call to undefined function downloadTelegramFile() in /home/edep2025/public_html/actions/telegram_webhook.php:77
Stack trace:
#0 {main}
  thrown in /home/edep2025/public_html/actions/telegram_webhook.php on line 77
[10-Sep-2025 02:46:59 UTC] PHP Fatal error:  Uncaught Error: Call to a member function bind_param() on bool in /home/edep2025/public_html/actions/telegram_webhook.php:34
Stack trace:
#0 {main}
  thrown in /home/edep2025/public_html/actions/telegram_webhook.php on line 34
[10-Sep-2025 02:47:25 UTC] PHP Fatal error:  Uncaught Error: Call to undefined function downloadTelegramFile() in /home/edep2025/public_html/actions/telegram_webhook.php:77
Stack trace:
#0 {main}
  thrown in /home/edep2025/public_html/actions/telegram_webhook.php on line 77
[10-Sep-2025 02:48:15 UTC] PHP Fatal error:  Uncaught Error: Call to a member function bind_param() on bool in /home/edep2025/public_html/actions/telegram_webhook.php:34
Stack trace:
#0 {main}
  thrown in /home/edep2025/public_html/actions/telegram_webhook.php on line 34
[10-Sep-2025 02:48:44 UTC] PHP Fatal error:  Uncaught Error: Call to undefined function downloadTelegramFile() in /home/edep2025/public_html/actions/telegram_webhook.php:77
Stack trace:
#0 {main}
  thrown in /home/edep2025/public_html/actions/telegram_webhook.php on line 77
[10-Sep-2025 02:49:23 UTC] PHP Fatal error:  Uncaught Error: Call to a member function bind_param() on bool in /home/edep2025/public_html/actions/telegram_webhook.php:34
Stack trace:
#0 {main}
  thrown in /home/edep2025/public_html/actions/telegram_webhook.php on line 34
[10-Sep-2025 02:50:25 UTC] PHP Fatal error:  Uncaught Error: Call to a member function bind_param() on bool in /home/edep2025/public_html/actions/telegram_webhook.php:34
Stack trace:
#0 {main}
  thrown in /home/edep2025/public_html/actions/telegram_webhook.php on line 34
[10-Sep-2025 02:50:33 UTC] PHP Fatal error:  Uncaught Error: Call to undefined function downloadTelegramFile() in /home/edep2025/public_html/actions/telegram_webhook.php:77
Stack trace:
#0 {main}
  thrown in /home/edep2025/public_html/actions/telegram_webhook.php on line 77
[10-Sep-2025 02:51:35 UTC] PHP Fatal error:  Uncaught Error: Call to a member function bind_param() on bool in /home/edep2025/public_html/actions/telegram_webhook.php:34
Stack trace:
#0 {main}
  thrown in /home/edep2025/public_html/actions/telegram_webhook.php on line 34
[10-Sep-2025 02:51:59 UTC] PHP Fatal error:  Uncaught Error: Call to undefined function downloadTelegramFile() in /home/edep2025/public_html/actions/telegram_webhook.php:77
Stack trace:
#0 {main}
  thrown in /home/edep2025/public_html/actions/telegram_webhook.php on line 77
[10-Sep-2025 02:53:24 UTC] PHP Fatal error:  Uncaught Error: Call to a member function bind_param() on bool in /home/edep2025/public_html/actions/telegram_webhook.php:34
Stack trace:
#0 {main}
  thrown in /home/edep2025/public_html/actions/telegram_webhook.php on line 34
[10-Sep-2025 02:53:32 UTC] PHP Fatal error:  Uncaught Error: Call to undefined function downloadTelegramFile() in /home/edep2025/public_html/actions/telegram_webhook.php:77
Stack trace:
#0 {main}
  thrown in /home/edep2025/public_html/actions/telegram_webhook.php on line 77
[10-Sep-2025 02:55:04 UTC] PHP Fatal error:  Uncaught Error: Call to undefined function downloadTelegramFile() in /home/edep2025/public_html/actions/telegram_webhook.php:77
Stack trace:
#0 {main}
  thrown in /home/edep2025/public_html/actions/telegram_webhook.php on line 77
[10-Sep-2025 02:55:21 UTC] PHP Fatal error:  Uncaught Error: Call to a member function bind_param() on bool in /home/edep2025/public_html/actions/telegram_webhook.php:34
Stack trace:
#0 {main}
  thrown in /home/edep2025/public_html/actions/telegram_webhook.php on line 34
[10-Sep-2025 02:57:02 UTC] PHP Fatal error:  Uncaught Error: Call to a member function bind_param() on bool in /home/edep2025/public_html/actions/telegram_webhook.php:34
Stack trace:
#0 {main}
  thrown in /home/edep2025/public_html/actions/telegram_webhook.php on line 34
[10-Sep-2025 02:57:02 UTC] PHP Fatal error:  Uncaught Error: Call to undefined function downloadTelegramFile() in /home/edep2025/public_html/actions/telegram_webhook.php:77
Stack trace:
#0 {main}
  thrown in /home/edep2025/public_html/actions/telegram_webhook.php on line 77
[10-Sep-2025 02:58:32 UTC] PHP Fatal error:  Uncaught Error: Call to a member function bind_param() on bool in /home/edep2025/public_html/actions/telegram_webhook.php:34
Stack trace:
#0 {main}
  thrown in /home/edep2025/public_html/actions/telegram_webhook.php on line 34
[10-Sep-2025 02:58:46 UTC] PHP Fatal error:  Uncaught Error: Call to undefined function downloadTelegramFile() in /home/edep2025/public_html/actions/telegram_webhook.php:77
Stack trace:
#0 {main}
  thrown in /home/edep2025/public_html/actions/telegram_webhook.php on line 77
[10-Sep-2025 02:59:57 UTC] PHP Fatal error:  Uncaught Error: Call to a member function bind_param() on bool in /home/edep2025/public_html/actions/telegram_webhook.php:34
Stack trace:
#0 {main}
  thrown in /home/edep2025/public_html/actions/telegram_webhook.php on line 34
[10-Sep-2025 03:00:45 UTC] PHP Fatal error:  Uncaught Error: Call to undefined function downloadTelegramFile() in /home/edep2025/public_html/actions/telegram_webhook.php:77
Stack trace:
#0 {main}
  thrown in /home/edep2025/public_html/actions/telegram_webhook.php on line 77
[10-Sep-2025 03:01:32 UTC] PHP Fatal error:  Uncaught Error: Call to a member function bind_param() on bool in /home/edep2025/public_html/actions/telegram_webhook.php:34
Stack trace:
#0 {main}
  thrown in /home/edep2025/public_html/actions/telegram_webhook.php on line 34
[10-Sep-2025 03:02:15 UTC] PHP Fatal error:  Uncaught Error: Call to undefined function downloadTelegramFile() in /home/edep2025/public_html/actions/telegram_webhook.php:77
Stack trace:
#0 {main}
  thrown in /home/edep2025/public_html/actions/telegram_webhook.php on line 77
[10-Sep-2025 03:02:32 UTC] PHP Fatal error:  Uncaught Error: Call to a member function bind_param() on bool in /home/edep2025/public_html/actions/telegram_webhook.php:34
Stack trace:
#0 {main}
  thrown in /home/edep2025/public_html/actions/telegram_webhook.php on line 34
[10-Sep-2025 03:03:57 UTC] PHP Fatal error:  Uncaught Error: Call to undefined function downloadTelegramFile() in /home/edep2025/public_html/actions/telegram_webhook.php:77
Stack trace:
#0 {main}
  thrown in /home/edep2025/public_html/actions/telegram_webhook.php on line 77
[10-Sep-2025 03:03:59 UTC] PHP Fatal error:  Uncaught Error: Call to a member function bind_param() on bool in /home/edep2025/public_html/actions/telegram_webhook.php:34
Stack trace:
#0 {main}
  thrown in /home/edep2025/public_html/actions/telegram_webhook.php on line 34
[10-Sep-2025 03:05:17 UTC] PHP Fatal error:  Uncaught Error: Call to a member function bind_param() on bool in /home/edep2025/public_html/actions/telegram_webhook.php:34
Stack trace:
#0 {main}
  thrown in /home/edep2025/public_html/actions/telegram_webhook.php on line 34
[10-Sep-2025 03:05:49 UTC] PHP Fatal error:  Uncaught Error: Call to undefined function downloadTelegramFile() in /home/edep2025/public_html/actions/telegram_webhook.php:77
Stack trace:
#0 {main}
  thrown in /home/edep2025/public_html/actions/telegram_webhook.php on line 77
[10-Sep-2025 03:06:42 UTC] PHP Fatal error:  Uncaught Error: Call to a member function bind_param() on bool in /home/edep2025/public_html/actions/telegram_webhook.php:34
Stack trace:
#0 {main}
  thrown in /home/edep2025/public_html/actions/telegram_webhook.php on line 34
[10-Sep-2025 03:07:03 UTC] PHP Fatal error:  Uncaught Error: Call to undefined function downloadTelegramFile() in /home/edep2025/public_html/actions/telegram_webhook.php:77
Stack trace:
#0 {main}
  thrown in /home/edep2025/public_html/actions/telegram_webhook.php on line 77
[10-Sep-2025 03:07:57 UTC] PHP Fatal error:  Uncaught Error: Call to a member function bind_param() on bool in /home/edep2025/public_html/actions/telegram_webhook.php:34
Stack trace:
#0 {main}
  thrown in /home/edep2025/public_html/actions/telegram_webhook.php on line 34
[10-Sep-2025 03:08:11 UTC] PHP Fatal error:  Uncaught Error: Call to undefined function downloadTelegramFile() in /home/edep2025/public_html/actions/telegram_webhook.php:77
Stack trace:
#0 {main}
  thrown in /home/edep2025/public_html/actions/telegram_webhook.php on line 77
[10-Sep-2025 03:09:30 UTC] PHP Fatal error:  Uncaught Error: Call to undefined function downloadTelegramFile() in /home/edep2025/public_html/actions/telegram_webhook.php:77
Stack trace:
#0 {main}
  thrown in /home/edep2025/public_html/actions/telegram_webhook.php on line 77
[10-Sep-2025 03:09:33 UTC] PHP Fatal error:  Uncaught Error: Call to a member function bind_param() on bool in /home/edep2025/public_html/actions/telegram_webhook.php:34
Stack trace:
#0 {main}
  thrown in /home/edep2025/public_html/actions/telegram_webhook.php on line 34
[10-Sep-2025 03:10:43 UTC] PHP Fatal error:  Uncaught Error: Call to undefined function downloadTelegramFile() in /home/edep2025/public_html/actions/telegram_webhook.php:77
Stack trace:
#0 {main}
  thrown in /home/edep2025/public_html/actions/telegram_webhook.php on line 77
[10-Sep-2025 03:10:50 UTC] PHP Fatal error:  Uncaught Error: Call to a member function bind_param() on bool in /home/edep2025/public_html/actions/telegram_webhook.php:34
Stack trace:
#0 {main}
  thrown in /home/edep2025/public_html/actions/telegram_webhook.php on line 34
[10-Sep-2025 03:12:29 UTC] PHP Fatal error:  Uncaught Error: Call to a member function bind_param() on bool in /home/edep2025/public_html/actions/telegram_webhook.php:34
Stack trace:
#0 {main}
  thrown in /home/edep2025/public_html/actions/telegram_webhook.php on line 34
[10-Sep-2025 03:12:33 UTC] PHP Fatal error:  Uncaught Error: Call to undefined function downloadTelegramFile() in /home/edep2025/public_html/actions/telegram_webhook.php:77
Stack trace:
#0 {main}
  thrown in /home/edep2025/public_html/actions/telegram_webhook.php on line 77
[10-Sep-2025 03:13:29 UTC] PHP Fatal error:  Uncaught Error: Call to a member function bind_param() on bool in /home/edep2025/public_html/actions/telegram_webhook.php:34
Stack trace:
#0 {main}
  thrown in /home/edep2025/public_html/actions/telegram_webhook.php on line 34
[10-Sep-2025 03:13:40 UTC] PHP Fatal error:  Uncaught Error: Call to undefined function downloadTelegramFile() in /home/edep2025/public_html/actions/telegram_webhook.php:77
Stack trace:
#0 {main}
  thrown in /home/edep2025/public_html/actions/telegram_webhook.php on line 77
[10-Sep-2025 03:14:41 UTC] PHP Fatal error:  Uncaught Error: Call to a member function bind_param() on bool in /home/edep2025/public_html/actions/telegram_webhook.php:34
Stack trace:
#0 {main}
  thrown in /home/edep2025/public_html/actions/telegram_webhook.php on line 34
[10-Sep-2025 03:14:41 UTC] PHP Fatal error:  Uncaught Error: Call to undefined function downloadTelegramFile() in /home/edep2025/public_html/actions/telegram_webhook.php:77
Stack trace:
#0 {main}
  thrown in /home/edep2025/public_html/actions/telegram_webhook.php on line 77
[10-Sep-2025 03:15:43 UTC] PHP Fatal error:  Uncaught Error: Call to undefined function downloadTelegramFile() in /home/edep2025/public_html/actions/telegram_webhook.php:77
Stack trace:
#0 {main}
  thrown in /home/edep2025/public_html/actions/telegram_webhook.php on line 77
[10-Sep-2025 03:16:15 UTC] PHP Fatal error:  Uncaught Error: Call to a member function bind_param() on bool in /home/edep2025/public_html/actions/telegram_webhook.php:34
Stack trace:
#0 {main}
  thrown in /home/edep2025/public_html/actions/telegram_webhook.php on line 34
[10-Sep-2025 03:16:51 UTC] PHP Fatal error:  Uncaught Error: Call to undefined function downloadTelegramFile() in /home/edep2025/public_html/actions/telegram_webhook.php:77
Stack trace:
#0 {main}
  thrown in /home/edep2025/public_html/actions/telegram_webhook.php on line 77
[10-Sep-2025 03:18:16 UTC] PHP Fatal error:  Uncaught Error: Call to a member function bind_param() on bool in /home/edep2025/public_html/actions/telegram_webhook.php:34
Stack trace:
#0 {main}
  thrown in /home/edep2025/public_html/actions/telegram_webhook.php on line 34
[10-Sep-2025 03:18:32 UTC] PHP Fatal error:  Uncaught Error: Call to undefined function downloadTelegramFile() in /home/edep2025/public_html/actions/telegram_webhook.php:77
Stack trace:
#0 {main}
  thrown in /home/edep2025/public_html/actions/telegram_webhook.php on line 77
[10-Sep-2025 03:19:40 UTC] PHP Fatal error:  Uncaught Error: Call to a member function bind_param() on bool in /home/edep2025/public_html/actions/telegram_webhook.php:34
Stack trace:
#0 {main}
  thrown in /home/edep2025/public_html/actions/telegram_webhook.php on line 34
[10-Sep-2025 03:19:46 UTC] PHP Fatal error:  Uncaught Error: Call to undefined function downloadTelegramFile() in /home/edep2025/public_html/actions/telegram_webhook.php:77
Stack trace:
#0 {main}
  thrown in /home/edep2025/public_html/actions/telegram_webhook.php on line 77
[10-Sep-2025 03:21:06 UTC] PHP Fatal error:  Uncaught Error: Call to a member function bind_param() on bool in /home/edep2025/public_html/actions/telegram_webhook.php:34
Stack trace:
#0 {main}
  thrown in /home/edep2025/public_html/actions/telegram_webhook.php on line 34
[10-Sep-2025 03:21:37 UTC] PHP Fatal error:  Uncaught Error: Call to undefined function downloadTelegramFile() in /home/edep2025/public_html/actions/telegram_webhook.php:77
Stack trace:
#0 {main}
  thrown in /home/edep2025/public_html/actions/telegram_webhook.php on line 77
[10-Sep-2025 03:22:34 UTC] PHP Fatal error:  Uncaught Error: Call to a member function bind_param() on bool in /home/edep2025/public_html/actions/telegram_webhook.php:34
Stack trace:
#0 {main}
  thrown in /home/edep2025/public_html/actions/telegram_webhook.php on line 34
[10-Sep-2025 03:23:00 UTC] PHP Fatal error:  Uncaught Error: Call to undefined function downloadTelegramFile() in /home/edep2025/public_html/actions/telegram_webhook.php:77
Stack trace:
#0 {main}
  thrown in /home/edep2025/public_html/actions/telegram_webhook.php on line 77
[10-Sep-2025 03:23:45 UTC] PHP Fatal error:  Uncaught Error: Call to a member function bind_param() on bool in /home/edep2025/public_html/actions/telegram_webhook.php:34
Stack trace:
#0 {main}
  thrown in /home/edep2025/public_html/actions/telegram_webhook.php on line 34
[10-Sep-2025 03:24:35 UTC] PHP Fatal error:  Uncaught Error: Call to undefined function downloadTelegramFile() in /home/edep2025/public_html/actions/telegram_webhook.php:77
Stack trace:
#0 {main}
  thrown in /home/edep2025/public_html/actions/telegram_webhook.php on line 77
[10-Sep-2025 03:25:30 UTC] PHP Fatal error:  Uncaught Error: Call to a member function bind_param() on bool in /home/edep2025/public_html/actions/telegram_webhook.php:34
Stack trace:
#0 {main}
  thrown in /home/edep2025/public_html/actions/telegram_webhook.php on line 34
[10-Sep-2025 03:26:15 UTC] PHP Fatal error:  Uncaught Error: Call to undefined function downloadTelegramFile() in /home/edep2025/public_html/actions/telegram_webhook.php:77
Stack trace:
#0 {main}
  thrown in /home/edep2025/public_html/actions/telegram_webhook.php on line 77
[10-Sep-2025 03:26:45 UTC] PHP Fatal error:  Uncaught Error: Call to a member function bind_param() on bool in /home/edep2025/public_html/actions/telegram_webhook.php:34
Stack trace:
#0 {main}
  thrown in /home/edep2025/public_html/actions/telegram_webhook.php on line 34
[10-Sep-2025 03:27:46 UTC] PHP Fatal error:  Uncaught Error: Call to undefined function downloadTelegramFile() in /home/edep2025/public_html/actions/telegram_webhook.php:77
Stack trace:
#0 {main}
  thrown in /home/edep2025/public_html/actions/telegram_webhook.php on line 77
[10-Sep-2025 03:28:14 UTC] PHP Fatal error:  Uncaught Error: Call to a member function bind_param() on bool in /home/edep2025/public_html/actions/telegram_webhook.php:34
Stack trace:
#0 {main}
  thrown in /home/edep2025/public_html/actions/telegram_webhook.php on line 34
[10-Sep-2025 03:29:24 UTC] PHP Fatal error:  Uncaught Error: Call to undefined function downloadTelegramFile() in /home/edep2025/public_html/actions/telegram_webhook.php:77
Stack trace:
#0 {main}
  thrown in /home/edep2025/public_html/actions/telegram_webhook.php on line 77
[10-Sep-2025 03:30:08 UTC] PHP Fatal error:  Uncaught Error: Call to a member function bind_param() on bool in /home/edep2025/public_html/actions/telegram_webhook.php:34
Stack trace:
#0 {main}
  thrown in /home/edep2025/public_html/actions/telegram_webhook.php on line 34
[10-Sep-2025 03:30:48 UTC] PHP Fatal error:  Uncaught Error: Call to undefined function downloadTelegramFile() in /home/edep2025/public_html/actions/telegram_webhook.php:77
Stack trace:
#0 {main}
  thrown in /home/edep2025/public_html/actions/telegram_webhook.php on line 77
[10-Sep-2025 03:31:41 UTC] PHP Fatal error:  Uncaught Error: Call to a member function bind_param() on bool in /home/edep2025/public_html/actions/telegram_webhook.php:34
Stack trace:
#0 {main}
  thrown in /home/edep2025/public_html/actions/telegram_webhook.php on line 34
[10-Sep-2025 03:31:54 UTC] PHP Fatal error:  Uncaught Error: Call to undefined function downloadTelegramFile() in /home/edep2025/public_html/actions/telegram_webhook.php:77
Stack trace:
#0 {main}
  thrown in /home/edep2025/public_html/actions/telegram_webhook.php on line 77
[10-Sep-2025 03:33:28 UTC] PHP Fatal error:  Uncaught Error: Call to a member function bind_param() on bool in /home/edep2025/public_html/actions/telegram_webhook.php:34
Stack trace:
#0 {main}
  thrown in /home/edep2025/public_html/actions/telegram_webhook.php on line 34
[10-Sep-2025 03:33:37 UTC] PHP Fatal error:  Uncaught Error: Call to undefined function downloadTelegramFile() in /home/edep2025/public_html/actions/telegram_webhook.php:77
Stack trace:
#0 {main}
  thrown in /home/edep2025/public_html/actions/telegram_webhook.php on line 77
[10-Sep-2025 03:34:42 UTC] PHP Fatal error:  Uncaught Error: Call to a member function bind_param() on bool in /home/edep2025/public_html/actions/telegram_webhook.php:34
Stack trace:
#0 {main}
  thrown in /home/edep2025/public_html/actions/telegram_webhook.php on line 34
[10-Sep-2025 03:35:18 UTC] PHP Fatal error:  Uncaught Error: Call to undefined function downloadTelegramFile() in /home/edep2025/public_html/actions/telegram_webhook.php:77
Stack trace:
#0 {main}
  thrown in /home/edep2025/public_html/actions/telegram_webhook.php on line 77
[10-Sep-2025 03:36:08 UTC] PHP Fatal error:  Uncaught Error: Call to a member function bind_param() on bool in /home/edep2025/public_html/actions/telegram_webhook.php:34
Stack trace:
#0 {main}
  thrown in /home/edep2025/public_html/actions/telegram_webhook.php on line 34
[10-Sep-2025 03:36:58 UTC] PHP Fatal error:  Uncaught Error: Call to undefined function downloadTelegramFile() in /home/edep2025/public_html/actions/telegram_webhook.php:77
Stack trace:
#0 {main}
  thrown in /home/edep2025/public_html/actions/telegram_webhook.php on line 77
[10-Sep-2025 03:37:16 UTC] PHP Fatal error:  Uncaught Error: Call to a member function bind_param() on bool in /home/edep2025/public_html/actions/telegram_webhook.php:34
Stack trace:
#0 {main}
  thrown in /home/edep2025/public_html/actions/telegram_webhook.php on line 34
[10-Sep-2025 03:38:08 UTC] PHP Fatal error:  Uncaught Error: Call to undefined function downloadTelegramFile() in /home/edep2025/public_html/actions/telegram_webhook.php:77
Stack trace:
#0 {main}
  thrown in /home/edep2025/public_html/actions/telegram_webhook.php on line 77
[10-Sep-2025 03:38:57 UTC] PHP Fatal error:  Uncaught Error: Call to a member function bind_param() on bool in /home/edep2025/public_html/actions/telegram_webhook.php:34
Stack trace:
#0 {main}
  thrown in /home/edep2025/public_html/actions/telegram_webhook.php on line 34
[10-Sep-2025 03:39:18 UTC] PHP Fatal error:  Uncaught Error: Call to undefined function downloadTelegramFile() in /home/edep2025/public_html/actions/telegram_webhook.php:77
Stack trace:
#0 {main}
  thrown in /home/edep2025/public_html/actions/telegram_webhook.php on line 77
[10-Sep-2025 03:40:32 UTC] PHP Fatal error:  Uncaught Error: Call to a member function bind_param() on bool in /home/edep2025/public_html/actions/telegram_webhook.php:34
Stack trace:
#0 {main}
  thrown in /home/edep2025/public_html/actions/telegram_webhook.php on line 34
[10-Sep-2025 03:40:45 UTC] PHP Fatal error:  Uncaught Error: Call to undefined function downloadTelegramFile() in /home/edep2025/public_html/actions/telegram_webhook.php:77
Stack trace:
#0 {main}
  thrown in /home/edep2025/public_html/actions/telegram_webhook.php on line 77
[10-Sep-2025 03:41:33 UTC] PHP Fatal error:  Uncaught Error: Call to a member function bind_param() on bool in /home/edep2025/public_html/actions/telegram_webhook.php:34
Stack trace:
#0 {main}
  thrown in /home/edep2025/public_html/actions/telegram_webhook.php on line 34
[10-Sep-2025 03:41:59 UTC] PHP Fatal error:  Uncaught Error: Call to undefined function downloadTelegramFile() in /home/edep2025/public_html/actions/telegram_webhook.php:77
Stack trace:
#0 {main}
  thrown in /home/edep2025/public_html/actions/telegram_webhook.php on line 77
[10-Sep-2025 03:42:38 UTC] PHP Fatal error:  Uncaught Error: Call to a member function bind_param() on bool in /home/edep2025/public_html/actions/telegram_webhook.php:34
Stack trace:
#0 {main}
  thrown in /home/edep2025/public_html/actions/telegram_webhook.php on line 34
[10-Sep-2025 03:43:34 UTC] PHP Fatal error:  Uncaught Error: Call to undefined function downloadTelegramFile() in /home/edep2025/public_html/actions/telegram_webhook.php:77
Stack trace:
#0 {main}
  thrown in /home/edep2025/public_html/actions/telegram_webhook.php on line 77
[10-Sep-2025 03:44:16 UTC] PHP Fatal error:  Uncaught Error: Call to a member function bind_param() on bool in /home/edep2025/public_html/actions/telegram_webhook.php:34
Stack trace:
#0 {main}
  thrown in /home/edep2025/public_html/actions/telegram_webhook.php on line 34
[10-Sep-2025 03:44:44 UTC] PHP Fatal error:  Uncaught Error: Call to undefined function downloadTelegramFile() in /home/edep2025/public_html/actions/telegram_webhook.php:77
Stack trace:
#0 {main}
  thrown in /home/edep2025/public_html/actions/telegram_webhook.php on line 77
[10-Sep-2025 03:45:44 UTC] PHP Fatal error:  Uncaught Error: Call to a member function bind_param() on bool in /home/edep2025/public_html/actions/telegram_webhook.php:34
Stack trace:
#0 {main}
  thrown in /home/edep2025/public_html/actions/telegram_webhook.php on line 34
[10-Sep-2025 03:46:20 UTC] PHP Fatal error:  Uncaught Error: Call to undefined function downloadTelegramFile() in /home/edep2025/public_html/actions/telegram_webhook.php:77
Stack trace:
#0 {main}
  thrown in /home/edep2025/public_html/actions/telegram_webhook.php on line 77
[10-Sep-2025 03:47:27 UTC] PHP Fatal error:  Uncaught Error: Call to undefined function downloadTelegramFile() in /home/edep2025/public_html/actions/telegram_webhook.php:77
Stack trace:
#0 {main}
  thrown in /home/edep2025/public_html/actions/telegram_webhook.php on line 77
[10-Sep-2025 03:47:44 UTC] PHP Fatal error:  Uncaught Error: Call to a member function bind_param() on bool in /home/edep2025/public_html/actions/telegram_webhook.php:34
Stack trace:
#0 {main}
  thrown in /home/edep2025/public_html/actions/telegram_webhook.php on line 34
[10-Sep-2025 03:48:31 UTC] PHP Fatal error:  Uncaught Error: Call to undefined function downloadTelegramFile() in /home/edep2025/public_html/actions/telegram_webhook.php:77
Stack trace:
#0 {main}
  thrown in /home/edep2025/public_html/actions/telegram_webhook.php on line 77
[10-Sep-2025 03:49:26 UTC] PHP Fatal error:  Uncaught Error: Call to a member function bind_param() on bool in /home/edep2025/public_html/actions/telegram_webhook.php:34
Stack trace:
#0 {main}
  thrown in /home/edep2025/public_html/actions/telegram_webhook.php on line 34
[10-Sep-2025 03:49:58 UTC] PHP Fatal error:  Uncaught Error: Call to undefined function downloadTelegramFile() in /home/edep2025/public_html/actions/telegram_webhook.php:77
Stack trace:
#0 {main}
  thrown in /home/edep2025/public_html/actions/telegram_webhook.php on line 77
[10-Sep-2025 03:50:48 UTC] PHP Fatal error:  Uncaught Error: Call to a member function bind_param() on bool in /home/edep2025/public_html/actions/telegram_webhook.php:34
Stack trace:
#0 {main}
  thrown in /home/edep2025/public_html/actions/telegram_webhook.php on line 34
[10-Sep-2025 03:51:28 UTC] PHP Fatal error:  Uncaught Error: Call to undefined function downloadTelegramFile() in /home/edep2025/public_html/actions/telegram_webhook.php:77
Stack trace:
#0 {main}
  thrown in /home/edep2025/public_html/actions/telegram_webhook.php on line 77
[10-Sep-2025 03:51:49 UTC] PHP Fatal error:  Uncaught Error: Call to a member function bind_param() on bool in /home/edep2025/public_html/actions/telegram_webhook.php:34
Stack trace:
#0 {main}
  thrown in /home/edep2025/public_html/actions/telegram_webhook.php on line 34
[10-Sep-2025 03:52:47 UTC] PHP Fatal error:  Uncaught Error: Call to undefined function downloadTelegramFile() in /home/edep2025/public_html/actions/telegram_webhook.php:77
Stack trace:
#0 {main}
  thrown in /home/edep2025/public_html/actions/telegram_webhook.php on line 77
[10-Sep-2025 03:53:12 UTC] PHP Fatal error:  Uncaught Error: Call to a member function bind_param() on bool in /home/edep2025/public_html/actions/telegram_webhook.php:34
Stack trace:
#0 {main}
  thrown in /home/edep2025/public_html/actions/telegram_webhook.php on line 34
[10-Sep-2025 03:54:23 UTC] PHP Fatal error:  Uncaught Error: Call to a member function bind_param() on bool in /home/edep2025/public_html/actions/telegram_webhook.php:34
Stack trace:
#0 {main}
  thrown in /home/edep2025/public_html/actions/telegram_webhook.php on line 34
[10-Sep-2025 03:54:26 UTC] PHP Fatal error:  Uncaught Error: Call to undefined function downloadTelegramFile() in /home/edep2025/public_html/actions/telegram_webhook.php:77
Stack trace:
#0 {main}
  thrown in /home/edep2025/public_html/actions/telegram_webhook.php on line 77
[10-Sep-2025 03:55:48 UTC] PHP Fatal error:  Uncaught Error: Call to undefined function downloadTelegramFile() in /home/edep2025/public_html/actions/telegram_webhook.php:77
Stack trace:
#0 {main}
  thrown in /home/edep2025/public_html/actions/telegram_webhook.php on line 77
[10-Sep-2025 03:55:50 UTC] PHP Fatal error:  Uncaught Error: Call to a member function bind_param() on bool in /home/edep2025/public_html/actions/telegram_webhook.php:34
Stack trace:
#0 {main}
  thrown in /home/edep2025/public_html/actions/telegram_webhook.php on line 34
[10-Sep-2025 03:57:09 UTC] PHP Fatal error:  Uncaught Error: Call to a member function bind_param() on bool in /home/edep2025/public_html/actions/telegram_webhook.php:34
Stack trace:
#0 {main}
  thrown in /home/edep2025/public_html/actions/telegram_webhook.php on line 34
[10-Sep-2025 03:57:16 UTC] PHP Fatal error:  Uncaught Error: Call to undefined function downloadTelegramFile() in /home/edep2025/public_html/actions/telegram_webhook.php:77
Stack trace:
#0 {main}
  thrown in /home/edep2025/public_html/actions/telegram_webhook.php on line 77
[10-Sep-2025 03:58:17 UTC] PHP Fatal error:  Uncaught Error: Call to undefined function downloadTelegramFile() in /home/edep2025/public_html/actions/telegram_webhook.php:77
Stack trace:
#0 {main}
  thrown in /home/edep2025/public_html/actions/telegram_webhook.php on line 77
[10-Sep-2025 03:59:05 UTC] PHP Fatal error:  Uncaught Error: Call to a member function bind_param() on bool in /home/edep2025/public_html/actions/telegram_webhook.php:34
Stack trace:
#0 {main}
  thrown in /home/edep2025/public_html/actions/telegram_webhook.php on line 34
[10-Sep-2025 03:59:35 UTC] PHP Fatal error:  Uncaught Error: Call to undefined function downloadTelegramFile() in /home/edep2025/public_html/actions/telegram_webhook.php:77
Stack trace:
#0 {main}
  thrown in /home/edep2025/public_html/actions/telegram_webhook.php on line 77
[10-Sep-2025 04:00:31 UTC] PHP Fatal error:  Uncaught Error: Call to a member function bind_param() on bool in /home/edep2025/public_html/actions/telegram_webhook.php:34
Stack trace:
#0 {main}
  thrown in /home/edep2025/public_html/actions/telegram_webhook.php on line 34
[10-Sep-2025 04:00:47 UTC] PHP Fatal error:  Uncaught Error: Call to undefined function downloadTelegramFile() in /home/edep2025/public_html/actions/telegram_webhook.php:77
Stack trace:
#0 {main}
  thrown in /home/edep2025/public_html/actions/telegram_webhook.php on line 77
[10-Sep-2025 04:01:37 UTC] PHP Fatal error:  Uncaught Error: Call to a member function bind_param() on bool in /home/edep2025/public_html/actions/telegram_webhook.php:34
Stack trace:
#0 {main}
  thrown in /home/edep2025/public_html/actions/telegram_webhook.php on line 34
[10-Sep-2025 04:02:01 UTC] PHP Fatal error:  Uncaught Error: Call to undefined function downloadTelegramFile() in /home/edep2025/public_html/actions/telegram_webhook.php:77
Stack trace:
#0 {main}
  thrown in /home/edep2025/public_html/actions/telegram_webhook.php on line 77
[10-Sep-2025 04:03:17 UTC] PHP Fatal error:  Uncaught Error: Call to a member function bind_param() on bool in /home/edep2025/public_html/actions/telegram_webhook.php:34
Stack trace:
#0 {main}
  thrown in /home/edep2025/public_html/actions/telegram_webhook.php on line 34
[10-Sep-2025 04:03:40 UTC] PHP Fatal error:  Uncaught Error: Call to undefined function downloadTelegramFile() in /home/edep2025/public_html/actions/telegram_webhook.php:77
Stack trace:
#0 {main}
  thrown in /home/edep2025/public_html/actions/telegram_webhook.php on line 77
[10-Sep-2025 04:04:55 UTC] PHP Fatal error:  Uncaught Error: Call to a member function bind_param() on bool in /home/edep2025/public_html/actions/telegram_webhook.php:34
Stack trace:
#0 {main}
  thrown in /home/edep2025/public_html/actions/telegram_webhook.php on line 34
[10-Sep-2025 04:05:35 UTC] PHP Fatal error:  Uncaught Error: Call to undefined function downloadTelegramFile() in /home/edep2025/public_html/actions/telegram_webhook.php:77
Stack trace:
#0 {main}
  thrown in /home/edep2025/public_html/actions/telegram_webhook.php on line 77
[10-Sep-2025 04:06:13 UTC] PHP Fatal error:  Uncaught Error: Call to a member function bind_param() on bool in /home/edep2025/public_html/actions/telegram_webhook.php:34
Stack trace:
#0 {main}
  thrown in /home/edep2025/public_html/actions/telegram_webhook.php on line 34
[10-Sep-2025 04:06:59 UTC] PHP Fatal error:  Uncaught Error: Call to undefined function downloadTelegramFile() in /home/edep2025/public_html/actions/telegram_webhook.php:77
Stack trace:
#0 {main}
  thrown in /home/edep2025/public_html/actions/telegram_webhook.php on line 77
[10-Sep-2025 04:07:54 UTC] PHP Fatal error:  Uncaught Error: Call to a member function bind_param() on bool in /home/edep2025/public_html/actions/telegram_webhook.php:34
Stack trace:
#0 {main}
  thrown in /home/edep2025/public_html/actions/telegram_webhook.php on line 34
[10-Sep-2025 04:08:40 UTC] PHP Fatal error:  Uncaught Error: Call to undefined function downloadTelegramFile() in /home/edep2025/public_html/actions/telegram_webhook.php:77
Stack trace:
#0 {main}
  thrown in /home/edep2025/public_html/actions/telegram_webhook.php on line 77
[10-Sep-2025 04:09:18 UTC] PHP Fatal error:  Uncaught Error: Call to a member function bind_param() on bool in /home/edep2025/public_html/actions/telegram_webhook.php:34
Stack trace:
#0 {main}
  thrown in /home/edep2025/public_html/actions/telegram_webhook.php on line 34
[10-Sep-2025 04:10:01 UTC] PHP Fatal error:  Uncaught Error: Call to undefined function downloadTelegramFile() in /home/edep2025/public_html/actions/telegram_webhook.php:77
Stack trace:
#0 {main}
  thrown in /home/edep2025/public_html/actions/telegram_webhook.php on line 77
[10-Sep-2025 04:10:40 UTC] PHP Fatal error:  Uncaught Error: Call to a member function bind_param() on bool in /home/edep2025/public_html/actions/telegram_webhook.php:34
Stack trace:
#0 {main}
  thrown in /home/edep2025/public_html/actions/telegram_webhook.php on line 34
[10-Sep-2025 04:11:43 UTC] PHP Fatal error:  Uncaught Error: Call to a member function bind_param() on bool in /home/edep2025/public_html/actions/telegram_webhook.php:34
Stack trace:
#0 {main}
  thrown in /home/edep2025/public_html/actions/telegram_webhook.php on line 34
[10-Sep-2025 04:11:46 UTC] PHP Fatal error:  Uncaught Error: Call to undefined function downloadTelegramFile() in /home/edep2025/public_html/actions/telegram_webhook.php:77
Stack trace:
#0 {main}
  thrown in /home/edep2025/public_html/actions/telegram_webhook.php on line 77
[10-Sep-2025 04:13:13 UTC] PHP Fatal error:  Uncaught Error: Call to a member function bind_param() on bool in /home/edep2025/public_html/actions/telegram_webhook.php:34
Stack trace:
#0 {main}
  thrown in /home/edep2025/public_html/actions/telegram_webhook.php on line 34
[10-Sep-2025 04:13:20 UTC] PHP Fatal error:  Uncaught Error: Call to undefined function downloadTelegramFile() in /home/edep2025/public_html/actions/telegram_webhook.php:77
Stack trace:
#0 {main}
  thrown in /home/edep2025/public_html/actions/telegram_webhook.php on line 77
[10-Sep-2025 04:14:15 UTC] PHP Fatal error:  Uncaught Error: Call to a member function bind_param() on bool in /home/edep2025/public_html/actions/telegram_webhook.php:34
Stack trace:
#0 {main}
  thrown in /home/edep2025/public_html/actions/telegram_webhook.php on line 34
[10-Sep-2025 04:14:38 UTC] PHP Fatal error:  Uncaught Error: Call to undefined function downloadTelegramFile() in /home/edep2025/public_html/actions/telegram_webhook.php:77
Stack trace:
#0 {main}
  thrown in /home/edep2025/public_html/actions/telegram_webhook.php on line 77
[10-Sep-2025 04:15:43 UTC] PHP Fatal error:  Uncaught Error: Call to undefined function downloadTelegramFile() in /home/edep2025/public_html/actions/telegram_webhook.php:77
Stack trace:
#0 {main}
  thrown in /home/edep2025/public_html/actions/telegram_webhook.php on line 77
[10-Sep-2025 04:15:53 UTC] PHP Fatal error:  Uncaught Error: Call to a member function bind_param() on bool in /home/edep2025/public_html/actions/telegram_webhook.php:34
Stack trace:
#0 {main}
  thrown in /home/edep2025/public_html/actions/telegram_webhook.php on line 34
[10-Sep-2025 04:17:12 UTC] PHP Fatal error:  Uncaught Error: Call to a member function bind_param() on bool in /home/edep2025/public_html/actions/telegram_webhook.php:34
Stack trace:
#0 {main}
  thrown in /home/edep2025/public_html/actions/telegram_webhook.php on line 34
[10-Sep-2025 04:17:37 UTC] PHP Fatal error:  Uncaught Error: Call to undefined function downloadTelegramFile() in /home/edep2025/public_html/actions/telegram_webhook.php:77
Stack trace:
#0 {main}
  thrown in /home/edep2025/public_html/actions/telegram_webhook.php on line 77
[10-Sep-2025 04:18:40 UTC] PHP Fatal error:  Uncaught Error: Call to a member function bind_param() on bool in /home/edep2025/public_html/actions/telegram_webhook.php:34
Stack trace:
#0 {main}
  thrown in /home/edep2025/public_html/actions/telegram_webhook.php on line 34
[10-Sep-2025 04:18:58 UTC] PHP Fatal error:  Uncaught Error: Call to undefined function downloadTelegramFile() in /home/edep2025/public_html/actions/telegram_webhook.php:77
Stack trace:
#0 {main}
  thrown in /home/edep2025/public_html/actions/telegram_webhook.php on line 77
[10-Sep-2025 04:20:01 UTC] PHP Fatal error:  Uncaught Error: Call to undefined function downloadTelegramFile() in /home/edep2025/public_html/actions/telegram_webhook.php:77
Stack trace:
#0 {main}
  thrown in /home/edep2025/public_html/actions/telegram_webhook.php on line 77
[10-Sep-2025 04:20:27 UTC] PHP Fatal error:  Uncaught Error: Call to a member function bind_param() on bool in /home/edep2025/public_html/actions/telegram_webhook.php:34
Stack trace:
#0 {main}
  thrown in /home/edep2025/public_html/actions/telegram_webhook.php on line 34
[10-Sep-2025 04:21:30 UTC] PHP Fatal error:  Uncaught Error: Call to undefined function downloadTelegramFile() in /home/edep2025/public_html/actions/telegram_webhook.php:77
Stack trace:
#0 {main}
  thrown in /home/edep2025/public_html/actions/telegram_webhook.php on line 77
[10-Sep-2025 04:22:00 UTC] PHP Fatal error:  Uncaught Error: Call to a member function bind_param() on bool in /home/edep2025/public_html/actions/telegram_webhook.php:34
Stack trace:
#0 {main}
  thrown in /home/edep2025/public_html/actions/telegram_webhook.php on line 34
[10-Sep-2025 04:23:19 UTC] PHP Fatal error:  Uncaught Error: Call to undefined function downloadTelegramFile() in /home/edep2025/public_html/actions/telegram_webhook.php:77
Stack trace:
#0 {main}
  thrown in /home/edep2025/public_html/actions/telegram_webhook.php on line 77
[10-Sep-2025 04:23:26 UTC] PHP Fatal error:  Uncaught Error: Call to a member function bind_param() on bool in /home/edep2025/public_html/actions/telegram_webhook.php:34
Stack trace:
#0 {main}
  thrown in /home/edep2025/public_html/actions/telegram_webhook.php on line 34
[10-Sep-2025 04:25:00 UTC] PHP Fatal error:  Uncaught Error: Call to undefined function downloadTelegramFile() in /home/edep2025/public_html/actions/telegram_webhook.php:77
Stack trace:
#0 {main}
  thrown in /home/edep2025/public_html/actions/telegram_webhook.php on line 77
[10-Sep-2025 04:25:20 UTC] PHP Fatal error:  Uncaught Error: Call to a member function bind_param() on bool in /home/edep2025/public_html/actions/telegram_webhook.php:34
Stack trace:
#0 {main}
  thrown in /home/edep2025/public_html/actions/telegram_webhook.php on line 34
[10-Sep-2025 04:26:23 UTC] PHP Fatal error:  Uncaught Error: Call to a member function bind_param() on bool in /home/edep2025/public_html/actions/telegram_webhook.php:34
Stack trace:
#0 {main}
  thrown in /home/edep2025/public_html/actions/telegram_webhook.php on line 34
[10-Sep-2025 04:26:36 UTC] PHP Fatal error:  Uncaught Error: Call to undefined function downloadTelegramFile() in /home/edep2025/public_html/actions/telegram_webhook.php:77
Stack trace:
#0 {main}
  thrown in /home/edep2025/public_html/actions/telegram_webhook.php on line 77
[10-Sep-2025 04:27:51 UTC] PHP Fatal error:  Uncaught Error: Call to a member function bind_param() on bool in /home/edep2025/public_html/actions/telegram_webhook.php:34
Stack trace:
#0 {main}
  thrown in /home/edep2025/public_html/actions/telegram_webhook.php on line 34
[10-Sep-2025 04:28:30 UTC] PHP Fatal error:  Uncaught Error: Call to undefined function downloadTelegramFile() in /home/edep2025/public_html/actions/telegram_webhook.php:77
Stack trace:
#0 {main}
  thrown in /home/edep2025/public_html/actions/telegram_webhook.php on line 77
[10-Sep-2025 04:29:39 UTC] PHP Fatal error:  Uncaught Error: Call to a member function bind_param() on bool in /home/edep2025/public_html/actions/telegram_webhook.php:34
Stack trace:
#0 {main}
  thrown in /home/edep2025/public_html/actions/telegram_webhook.php on line 34
[10-Sep-2025 04:29:57 UTC] PHP Fatal error:  Uncaught Error: Call to undefined function downloadTelegramFile() in /home/edep2025/public_html/actions/telegram_webhook.php:77
Stack trace:
#0 {main}
  thrown in /home/edep2025/public_html/actions/telegram_webhook.php on line 77
[10-Sep-2025 04:31:16 UTC] PHP Fatal error:  Uncaught Error: Call to a member function bind_param() on bool in /home/edep2025/public_html/actions/telegram_webhook.php:34
Stack trace:
#0 {main}
  thrown in /home/edep2025/public_html/actions/telegram_webhook.php on line 34
[10-Sep-2025 04:31:48 UTC] PHP Fatal error:  Uncaught Error: Call to undefined function downloadTelegramFile() in /home/edep2025/public_html/actions/telegram_webhook.php:77
Stack trace:
#0 {main}
  thrown in /home/edep2025/public_html/actions/telegram_webhook.php on line 77
[10-Sep-2025 04:32:20 UTC] PHP Fatal error:  Uncaught Error: Call to a member function bind_param() on bool in /home/edep2025/public_html/actions/telegram_webhook.php:34
Stack trace:
#0 {main}
  thrown in /home/edep2025/public_html/actions/telegram_webhook.php on line 34
[10-Sep-2025 04:32:56 UTC] PHP Fatal error:  Uncaught Error: Call to undefined function downloadTelegramFile() in /home/edep2025/public_html/actions/telegram_webhook.php:77
Stack trace:
#0 {main}
  thrown in /home/edep2025/public_html/actions/telegram_webhook.php on line 77
[10-Sep-2025 04:33:32 UTC] PHP Fatal error:  Uncaught Error: Call to a member function bind_param() on bool in /home/edep2025/public_html/actions/telegram_webhook.php:34
Stack trace:
#0 {main}
  thrown in /home/edep2025/public_html/actions/telegram_webhook.php on line 34
[10-Sep-2025 04:34:22 UTC] PHP Fatal error:  Uncaught Error: Call to undefined function downloadTelegramFile() in /home/edep2025/public_html/actions/telegram_webhook.php:77
Stack trace:
#0 {main}
  thrown in /home/edep2025/public_html/actions/telegram_webhook.php on line 77
[10-Sep-2025 04:35:11 UTC] PHP Fatal error:  Uncaught Error: Call to a member function bind_param() on bool in /home/edep2025/public_html/actions/telegram_webhook.php:34
Stack trace:
#0 {main}
  thrown in /home/edep2025/public_html/actions/telegram_webhook.php on line 34
[10-Sep-2025 04:35:48 UTC] PHP Fatal error:  Uncaught Error: Call to undefined function downloadTelegramFile() in /home/edep2025/public_html/actions/telegram_webhook.php:77
Stack trace:
#0 {main}
  thrown in /home/edep2025/public_html/actions/telegram_webhook.php on line 77
[10-Sep-2025 04:36:35 UTC] PHP Fatal error:  Uncaught Error: Call to a member function bind_param() on bool in /home/edep2025/public_html/actions/telegram_webhook.php:34
Stack trace:
#0 {main}
  thrown in /home/edep2025/public_html/actions/telegram_webhook.php on line 34
[10-Sep-2025 04:37:43 UTC] PHP Fatal error:  Uncaught Error: Call to a member function bind_param() on bool in /home/edep2025/public_html/actions/telegram_webhook.php:34
Stack trace:
#0 {main}
  thrown in /home/edep2025/public_html/actions/telegram_webhook.php on line 34
[10-Sep-2025 04:37:44 UTC] PHP Fatal error:  Uncaught Error: Call to undefined function downloadTelegramFile() in /home/edep2025/public_html/actions/telegram_webhook.php:77
Stack trace:
#0 {main}
  thrown in /home/edep2025/public_html/actions/telegram_webhook.php on line 77
[10-Sep-2025 04:38:44 UTC] PHP Fatal error:  Uncaught Error: Call to a member function bind_param() on bool in /home/edep2025/public_html/actions/telegram_webhook.php:34
Stack trace:
#0 {main}
  thrown in /home/edep2025/public_html/actions/telegram_webhook.php on line 34
[10-Sep-2025 04:39:40 UTC] PHP Fatal error:  Uncaught Error: Call to undefined function downloadTelegramFile() in /home/edep2025/public_html/actions/telegram_webhook.php:77
Stack trace:
#0 {main}
  thrown in /home/edep2025/public_html/actions/telegram_webhook.php on line 77
[10-Sep-2025 04:39:48 UTC] PHP Fatal error:  Uncaught Error: Call to a member function bind_param() on bool in /home/edep2025/public_html/actions/telegram_webhook.php:34
Stack trace:
#0 {main}
  thrown in /home/edep2025/public_html/actions/telegram_webhook.php on line 34
[10-Sep-2025 04:40:52 UTC] PHP Fatal error:  Uncaught Error: Call to a member function bind_param() on bool in /home/edep2025/public_html/actions/telegram_webhook.php:34
Stack trace:
#0 {main}
  thrown in /home/edep2025/public_html/actions/telegram_webhook.php on line 34
[10-Sep-2025 04:41:34 UTC] PHP Fatal error:  Uncaught Error: Call to undefined function downloadTelegramFile() in /home/edep2025/public_html/actions/telegram_webhook.php:77
Stack trace:
#0 {main}
  thrown in /home/edep2025/public_html/actions/telegram_webhook.php on line 77
[10-Sep-2025 04:42:20 UTC] PHP Fatal error:  Uncaught Error: Call to a member function bind_param() on bool in /home/edep2025/public_html/actions/telegram_webhook.php:34
Stack trace:
#0 {main}
  thrown in /home/edep2025/public_html/actions/telegram_webhook.php on line 34
[10-Sep-2025 04:43:03 UTC] PHP Fatal error:  Uncaught Error: Call to undefined function downloadTelegramFile() in /home/edep2025/public_html/actions/telegram_webhook.php:77
Stack trace:
#0 {main}
  thrown in /home/edep2025/public_html/actions/telegram_webhook.php on line 77
[10-Sep-2025 04:43:42 UTC] PHP Fatal error:  Uncaught Error: Call to a member function bind_param() on bool in /home/edep2025/public_html/actions/telegram_webhook.php:34
Stack trace:
#0 {main}
  thrown in /home/edep2025/public_html/actions/telegram_webhook.php on line 34
[10-Sep-2025 04:44:29 UTC] PHP Fatal error:  Uncaught Error: Call to undefined function downloadTelegramFile() in /home/edep2025/public_html/actions/telegram_webhook.php:77
Stack trace:
#0 {main}
  thrown in /home/edep2025/public_html/actions/telegram_webhook.php on line 77
[10-Sep-2025 04:45:10 UTC] PHP Fatal error:  Uncaught Error: Call to a member function bind_param() on bool in /home/edep2025/public_html/actions/telegram_webhook.php:34
Stack trace:
#0 {main}
  thrown in /home/edep2025/public_html/actions/telegram_webhook.php on line 34
[10-Sep-2025 04:46:28 UTC] PHP Fatal error:  Uncaught Error: Call to undefined function downloadTelegramFile() in /home/edep2025/public_html/actions/telegram_webhook.php:77
Stack trace:
#0 {main}
  thrown in /home/edep2025/public_html/actions/telegram_webhook.php on line 77
[10-Sep-2025 04:46:48 UTC] PHP Fatal error:  Uncaught Error: Call to a member function bind_param() on bool in /home/edep2025/public_html/actions/telegram_webhook.php:34
Stack trace:
#0 {main}
  thrown in /home/edep2025/public_html/actions/telegram_webhook.php on line 34
[10-Sep-2025 04:47:34 UTC] PHP Fatal error:  Uncaught Error: Call to undefined function downloadTelegramFile() in /home/edep2025/public_html/actions/telegram_webhook.php:77
Stack trace:
#0 {main}
  thrown in /home/edep2025/public_html/actions/telegram_webhook.php on line 77
[10-Sep-2025 04:48:42 UTC] PHP Fatal error:  Uncaught Error: Call to a member function bind_param() on bool in /home/edep2025/public_html/actions/telegram_webhook.php:34
Stack trace:
#0 {main}
  thrown in /home/edep2025/public_html/actions/telegram_webhook.php on line 34
[10-Sep-2025 04:49:25 UTC] PHP Fatal error:  Uncaught Error: Call to undefined function downloadTelegramFile() in /home/edep2025/public_html/actions/telegram_webhook.php:77
Stack trace:
#0 {main}
  thrown in /home/edep2025/public_html/actions/telegram_webhook.php on line 77
[10-Sep-2025 04:50:08 UTC] PHP Fatal error:  Uncaught Error: Call to a member function bind_param() on bool in /home/edep2025/public_html/actions/telegram_webhook.php:34
Stack trace:
#0 {main}
  thrown in /home/edep2025/public_html/actions/telegram_webhook.php on line 34
[10-Sep-2025 04:50:55 UTC] PHP Fatal error:  Uncaught Error: Call to undefined function downloadTelegramFile() in /home/edep2025/public_html/actions/telegram_webhook.php:77
Stack trace:
#0 {main}
  thrown in /home/edep2025/public_html/actions/telegram_webhook.php on line 77
[10-Sep-2025 04:51:21 UTC] PHP Fatal error:  Uncaught Error: Call to a member function bind_param() on bool in /home/edep2025/public_html/actions/telegram_webhook.php:34
Stack trace:
#0 {main}
  thrown in /home/edep2025/public_html/actions/telegram_webhook.php on line 34
[10-Sep-2025 04:52:19 UTC] PHP Fatal error:  Uncaught Error: Call to undefined function downloadTelegramFile() in /home/edep2025/public_html/actions/telegram_webhook.php:77
Stack trace:
#0 {main}
  thrown in /home/edep2025/public_html/actions/telegram_webhook.php on line 77
[10-Sep-2025 04:52:31 UTC] PHP Fatal error:  Uncaught Error: Call to a member function bind_param() on bool in /home/edep2025/public_html/actions/telegram_webhook.php:34
Stack trace:
#0 {main}
  thrown in /home/edep2025/public_html/actions/telegram_webhook.php on line 34
[10-Sep-2025 04:53:43 UTC] PHP Fatal error:  Uncaught Error: Call to a member function bind_param() on bool in /home/edep2025/public_html/actions/telegram_webhook.php:34
Stack trace:
#0 {main}
  thrown in /home/edep2025/public_html/actions/telegram_webhook.php on line 34
[10-Sep-2025 04:54:14 UTC] PHP Fatal error:  Uncaught Error: Call to undefined function downloadTelegramFile() in /home/edep2025/public_html/actions/telegram_webhook.php:77
Stack trace:
#0 {main}
  thrown in /home/edep2025/public_html/actions/telegram_webhook.php on line 77
[10-Sep-2025 04:55:14 UTC] PHP Fatal error:  Uncaught Error: Call to a member function bind_param() on bool in /home/edep2025/public_html/actions/telegram_webhook.php:34
Stack trace:
#0 {main}
  thrown in /home/edep2025/public_html/actions/telegram_webhook.php on line 34
[10-Sep-2025 04:55:27 UTC] PHP Fatal error:  Uncaught Error: Call to undefined function downloadTelegramFile() in /home/edep2025/public_html/actions/telegram_webhook.php:77
Stack trace:
#0 {main}
  thrown in /home/edep2025/public_html/actions/telegram_webhook.php on line 77
[10-Sep-2025 04:56:47 UTC] PHP Fatal error:  Uncaught Error: Call to undefined function downloadTelegramFile() in /home/edep2025/public_html/actions/telegram_webhook.php:77
Stack trace:
#0 {main}
  thrown in /home/edep2025/public_html/actions/telegram_webhook.php on line 77
[10-Sep-2025 04:56:50 UTC] PHP Fatal error:  Uncaught Error: Call to a member function bind_param() on bool in /home/edep2025/public_html/actions/telegram_webhook.php:34
Stack trace:
#0 {main}
  thrown in /home/edep2025/public_html/actions/telegram_webhook.php on line 34
[10-Sep-2025 04:58:05 UTC] PHP Fatal error:  Uncaught Error: Call to a member function bind_param() on bool in /home/edep2025/public_html/actions/telegram_webhook.php:34
Stack trace:
#0 {main}
  thrown in /home/edep2025/public_html/actions/telegram_webhook.php on line 34
[10-Sep-2025 04:58:34 UTC] PHP Fatal error:  Uncaught Error: Call to undefined function downloadTelegramFile() in /home/edep2025/public_html/actions/telegram_webhook.php:77
Stack trace:
#0 {main}
  thrown in /home/edep2025/public_html/actions/telegram_webhook.php on line 77
[10-Sep-2025 04:59:08 UTC] PHP Fatal error:  Uncaught Error: Call to a member function bind_param() on bool in /home/edep2025/public_html/actions/telegram_webhook.php:34
Stack trace:
#0 {main}
  thrown in /home/edep2025/public_html/actions/telegram_webhook.php on line 34
[10-Sep-2025 05:00:07 UTC] PHP Fatal error:  Uncaught Error: Call to undefined function downloadTelegramFile() in /home/edep2025/public_html/actions/telegram_webhook.php:77
Stack trace:
#0 {main}
  thrown in /home/edep2025/public_html/actions/telegram_webhook.php on line 77
[10-Sep-2025 05:00:26 UTC] PHP Fatal error:  Uncaught Error: Call to a member function bind_param() on bool in /home/edep2025/public_html/actions/telegram_webhook.php:34
Stack trace:
#0 {main}
  thrown in /home/edep2025/public_html/actions/telegram_webhook.php on line 34
[10-Sep-2025 05:01:17 UTC] PHP Fatal error:  Uncaught Error: Call to undefined function downloadTelegramFile() in /home/edep2025/public_html/actions/telegram_webhook.php:77
Stack trace:
#0 {main}
  thrown in /home/edep2025/public_html/actions/telegram_webhook.php on line 77
[10-Sep-2025 05:02:14 UTC] PHP Fatal error:  Uncaught Error: Call to a member function bind_param() on bool in /home/edep2025/public_html/actions/telegram_webhook.php:34
Stack trace:
#0 {main}
  thrown in /home/edep2025/public_html/actions/telegram_webhook.php on line 34
[10-Sep-2025 05:02:51 UTC] PHP Fatal error:  Uncaught Error: Call to undefined function downloadTelegramFile() in /home/edep2025/public_html/actions/telegram_webhook.php:77
Stack trace:
#0 {main}
  thrown in /home/edep2025/public_html/actions/telegram_webhook.php on line 77
[10-Sep-2025 05:03:27 UTC] PHP Fatal error:  Uncaught Error: Call to a member function bind_param() on bool in /home/edep2025/public_html/actions/telegram_webhook.php:34
Stack trace:
#0 {main}
  thrown in /home/edep2025/public_html/actions/telegram_webhook.php on line 34
[10-Sep-2025 05:04:17 UTC] PHP Fatal error:  Uncaught Error: Call to undefined function downloadTelegramFile() in /home/edep2025/public_html/actions/telegram_webhook.php:77
Stack trace:
#0 {main}
  thrown in /home/edep2025/public_html/actions/telegram_webhook.php on line 77
[10-Sep-2025 05:04:31 UTC] PHP Fatal error:  Uncaught Error: Call to a member function bind_param() on bool in /home/edep2025/public_html/actions/telegram_webhook.php:34
Stack trace:
#0 {main}
  thrown in /home/edep2025/public_html/actions/telegram_webhook.php on line 34
[10-Sep-2025 05:06:05 UTC] PHP Fatal error:  Uncaught Error: Call to undefined function downloadTelegramFile() in /home/edep2025/public_html/actions/telegram_webhook.php:77
Stack trace:
#0 {main}
  thrown in /home/edep2025/public_html/actions/telegram_webhook.php on line 77
[10-Sep-2025 05:06:11 UTC] PHP Fatal error:  Uncaught Error: Call to a member function bind_param() on bool in /home/edep2025/public_html/actions/telegram_webhook.php:34
Stack trace:
#0 {main}
  thrown in /home/edep2025/public_html/actions/telegram_webhook.php on line 34
[10-Sep-2025 05:08:02 UTC] PHP Fatal error:  Uncaught Error: Call to a member function bind_param() on bool in /home/edep2025/public_html/actions/telegram_webhook.php:34
Stack trace:
#0 {main}
  thrown in /home/edep2025/public_html/actions/telegram_webhook.php on line 34
[10-Sep-2025 05:08:04 UTC] PHP Fatal error:  Uncaught Error: Call to undefined function downloadTelegramFile() in /home/edep2025/public_html/actions/telegram_webhook.php:77
Stack trace:
#0 {main}
  thrown in /home/edep2025/public_html/actions/telegram_webhook.php on line 77
[10-Sep-2025 05:09:22 UTC] PHP Fatal error:  Uncaught Error: Call to a member function bind_param() on bool in /home/edep2025/public_html/actions/telegram_webhook.php:34
Stack trace:
#0 {main}
  thrown in /home/edep2025/public_html/actions/telegram_webhook.php on line 34
[10-Sep-2025 05:09:58 UTC] PHP Fatal error:  Uncaught Error: Call to undefined function downloadTelegramFile() in /home/edep2025/public_html/actions/telegram_webhook.php:77
Stack trace:
#0 {main}
  thrown in /home/edep2025/public_html/actions/telegram_webhook.php on line 77
[10-Sep-2025 05:11:16 UTC] PHP Fatal error:  Uncaught Error: Call to a member function bind_param() on bool in /home/edep2025/public_html/actions/telegram_webhook.php:34
Stack trace:
#0 {main}
  thrown in /home/edep2025/public_html/actions/telegram_webhook.php on line 34
[10-Sep-2025 05:11:26 UTC] PHP Fatal error:  Uncaught Error: Call to undefined function downloadTelegramFile() in /home/edep2025/public_html/actions/telegram_webhook.php:77
Stack trace:
#0 {main}
  thrown in /home/edep2025/public_html/actions/telegram_webhook.php on line 77
[10-Sep-2025 05:12:36 UTC] PHP Fatal error:  Uncaught Error: Call to a member function bind_param() on bool in /home/edep2025/public_html/actions/telegram_webhook.php:34
Stack trace:
#0 {main}
  thrown in /home/edep2025/public_html/actions/telegram_webhook.php on line 34
[10-Sep-2025 05:13:23 UTC] PHP Fatal error:  Uncaught Error: Call to undefined function downloadTelegramFile() in /home/edep2025/public_html/actions/telegram_webhook.php:77
Stack trace:
#0 {main}
  thrown in /home/edep2025/public_html/actions/telegram_webhook.php on line 77
[10-Sep-2025 05:13:45 UTC] PHP Fatal error:  Uncaught Error: Call to a member function bind_param() on bool in /home/edep2025/public_html/actions/telegram_webhook.php:34
Stack trace:
#0 {main}
  thrown in /home/edep2025/public_html/actions/telegram_webhook.php on line 34
[10-Sep-2025 05:14:25 UTC] PHP Fatal error:  Uncaught Error: Call to undefined function downloadTelegramFile() in /home/edep2025/public_html/actions/telegram_webhook.php:77
Stack trace:
#0 {main}
  thrown in /home/edep2025/public_html/actions/telegram_webhook.php on line 77
[10-Sep-2025 05:14:53 UTC] PHP Fatal error:  Uncaught Error: Call to a member function bind_param() on bool in /home/edep2025/public_html/actions/telegram_webhook.php:34
Stack trace:
#0 {main}
  thrown in /home/edep2025/public_html/actions/telegram_webhook.php on line 34
[10-Sep-2025 05:16:19 UTC] PHP Fatal error:  Uncaught Error: Call to undefined function downloadTelegramFile() in /home/edep2025/public_html/actions/telegram_webhook.php:77
Stack trace:
#0 {main}
  thrown in /home/edep2025/public_html/actions/telegram_webhook.php on line 77
[10-Sep-2025 05:16:44 UTC] PHP Fatal error:  Uncaught Error: Call to a member function bind_param() on bool in /home/edep2025/public_html/actions/telegram_webhook.php:34
Stack trace:
#0 {main}
  thrown in /home/edep2025/public_html/actions/telegram_webhook.php on line 34
[10-Sep-2025 05:18:07 UTC] PHP Fatal error:  Uncaught Error: Call to undefined function downloadTelegramFile() in /home/edep2025/public_html/actions/telegram_webhook.php:77
Stack trace:
#0 {main}
  thrown in /home/edep2025/public_html/actions/telegram_webhook.php on line 77
[10-Sep-2025 05:18:43 UTC] PHP Fatal error:  Uncaught Error: Call to a member function bind_param() on bool in /home/edep2025/public_html/actions/telegram_webhook.php:34
Stack trace:
#0 {main}
  thrown in /home/edep2025/public_html/actions/telegram_webhook.php on line 34
[10-Sep-2025 05:20:01 UTC] PHP Fatal error:  Uncaught Error: Call to undefined function downloadTelegramFile() in /home/edep2025/public_html/actions/telegram_webhook.php:77
Stack trace:
#0 {main}
  thrown in /home/edep2025/public_html/actions/telegram_webhook.php on line 77
[10-Sep-2025 05:20:23 UTC] PHP Fatal error:  Uncaught Error: Call to a member function bind_param() on bool in /home/edep2025/public_html/actions/telegram_webhook.php:34
Stack trace:
#0 {main}
  thrown in /home/edep2025/public_html/actions/telegram_webhook.php on line 34
[10-Sep-2025 05:21:29 UTC] PHP Fatal error:  Uncaught Error: Call to undefined function downloadTelegramFile() in /home/edep2025/public_html/actions/telegram_webhook.php:77
Stack trace:
#0 {main}
  thrown in /home/edep2025/public_html/actions/telegram_webhook.php on line 77
[10-Sep-2025 05:21:43 UTC] PHP Fatal error:  Uncaught Error: Call to a member function bind_param() on bool in /home/edep2025/public_html/actions/telegram_webhook.php:34
Stack trace:
#0 {main}
  thrown in /home/edep2025/public_html/actions/telegram_webhook.php on line 34
[10-Sep-2025 05:23:27 UTC] PHP Fatal error:  Uncaught Error: Call to undefined function downloadTelegramFile() in /home/edep2025/public_html/actions/telegram_webhook.php:77
Stack trace:
#0 {main}
  thrown in /home/edep2025/public_html/actions/telegram_webhook.php on line 77
[10-Sep-2025 05:23:33 UTC] PHP Fatal error:  Uncaught Error: Call to a member function bind_param() on bool in /home/edep2025/public_html/actions/telegram_webhook.php:34
Stack trace:
#0 {main}
  thrown in /home/edep2025/public_html/actions/telegram_webhook.php on line 34
[10-Sep-2025 05:24:59 UTC] PHP Fatal error:  Uncaught Error: Call to a member function bind_param() on bool in /home/edep2025/public_html/actions/telegram_webhook.php:34
Stack trace:
#0 {main}
  thrown in /home/edep2025/public_html/actions/telegram_webhook.php on line 34
[10-Sep-2025 05:25:14 UTC] PHP Fatal error:  Uncaught Error: Call to undefined function downloadTelegramFile() in /home/edep2025/public_html/actions/telegram_webhook.php:77
Stack trace:
#0 {main}
  thrown in /home/edep2025/public_html/actions/telegram_webhook.php on line 77
[10-Sep-2025 05:26:18 UTC] PHP Fatal error:  Uncaught Error: Call to undefined function downloadTelegramFile() in /home/edep2025/public_html/actions/telegram_webhook.php:77
Stack trace:
#0 {main}
  thrown in /home/edep2025/public_html/actions/telegram_webhook.php on line 77
[10-Sep-2025 05:26:34 UTC] PHP Fatal error:  Uncaught Error: Call to a member function bind_param() on bool in /home/edep2025/public_html/actions/telegram_webhook.php:34
Stack trace:
#0 {main}
  thrown in /home/edep2025/public_html/actions/telegram_webhook.php on line 34
[10-Sep-2025 05:28:13 UTC] PHP Fatal error:  Uncaught Error: Call to a member function bind_param() on bool in /home/edep2025/public_html/actions/telegram_webhook.php:34
Stack trace:
#0 {main}
  thrown in /home/edep2025/public_html/actions/telegram_webhook.php on line 34
[10-Sep-2025 05:28:14 UTC] PHP Fatal error:  Uncaught Error: Call to undefined function downloadTelegramFile() in /home/edep2025/public_html/actions/telegram_webhook.php:77
Stack trace:
#0 {main}
  thrown in /home/edep2025/public_html/actions/telegram_webhook.php on line 77
[10-Sep-2025 05:29:37 UTC] PHP Fatal error:  Uncaught Error: Call to a member function bind_param() on bool in /home/edep2025/public_html/actions/telegram_webhook.php:34
Stack trace:
#0 {main}
  thrown in /home/edep2025/public_html/actions/telegram_webhook.php on line 34
[10-Sep-2025 05:29:39 UTC] PHP Fatal error:  Uncaught Error: Call to undefined function downloadTelegramFile() in /home/edep2025/public_html/actions/telegram_webhook.php:77
Stack trace:
#0 {main}
  thrown in /home/edep2025/public_html/actions/telegram_webhook.php on line 77
[10-Sep-2025 05:31:20 UTC] PHP Fatal error:  Uncaught Error: Call to undefined function downloadTelegramFile() in /home/edep2025/public_html/actions/telegram_webhook.php:77
Stack trace:
#0 {main}
  thrown in /home/edep2025/public_html/actions/telegram_webhook.php on line 77
[10-Sep-2025 05:31:22 UTC] PHP Fatal error:  Uncaught Error: Call to a member function bind_param() on bool in /home/edep2025/public_html/actions/telegram_webhook.php:34
Stack trace:
#0 {main}
  thrown in /home/edep2025/public_html/actions/telegram_webhook.php on line 34
[10-Sep-2025 05:32:30 UTC] PHP Fatal error:  Uncaught Error: Call to undefined function downloadTelegramFile() in /home/edep2025/public_html/actions/telegram_webhook.php:77
Stack trace:
#0 {main}
  thrown in /home/edep2025/public_html/actions/telegram_webhook.php on line 77
[10-Sep-2025 05:33:21 UTC] PHP Fatal error:  Uncaught Error: Call to a member function bind_param() on bool in /home/edep2025/public_html/actions/telegram_webhook.php:34
Stack trace:
#0 {main}
  thrown in /home/edep2025/public_html/actions/telegram_webhook.php on line 34
[10-Sep-2025 05:34:26 UTC] PHP Fatal error:  Uncaught Error: Call to undefined function downloadTelegramFile() in /home/edep2025/public_html/actions/telegram_webhook.php:77
Stack trace:
#0 {main}
  thrown in /home/edep2025/public_html/actions/telegram_webhook.php on line 77
[10-Sep-2025 05:34:47 UTC] PHP Fatal error:  Uncaught Error: Call to a member function bind_param() on bool in /home/edep2025/public_html/actions/telegram_webhook.php:34
Stack trace:
#0 {main}
  thrown in /home/edep2025/public_html/actions/telegram_webhook.php on line 34
[10-Sep-2025 05:35:56 UTC] PHP Fatal error:  Uncaught Error: Call to undefined function downloadTelegramFile() in /home/edep2025/public_html/actions/telegram_webhook.php:77
Stack trace:
#0 {main}
  thrown in /home/edep2025/public_html/actions/telegram_webhook.php on line 77
[10-Sep-2025 05:36:02 UTC] PHP Fatal error:  Uncaught Error: Call to a member function bind_param() on bool in /home/edep2025/public_html/actions/telegram_webhook.php:34
Stack trace:
#0 {main}
  thrown in /home/edep2025/public_html/actions/telegram_webhook.php on line 34
[10-Sep-2025 05:37:12 UTC] PHP Fatal error:  Uncaught Error: Call to undefined function downloadTelegramFile() in /home/edep2025/public_html/actions/telegram_webhook.php:77
Stack trace:
#0 {main}
  thrown in /home/edep2025/public_html/actions/telegram_webhook.php on line 77
[10-Sep-2025 05:37:44 UTC] PHP Fatal error:  Uncaught Error: Call to a member function bind_param() on bool in /home/edep2025/public_html/actions/telegram_webhook.php:34
Stack trace:
#0 {main}
  thrown in /home/edep2025/public_html/actions/telegram_webhook.php on line 34
[10-Sep-2025 05:38:38 UTC] PHP Fatal error:  Uncaught Error: Call to undefined function downloadTelegramFile() in /home/edep2025/public_html/actions/telegram_webhook.php:77
Stack trace:
#0 {main}
  thrown in /home/edep2025/public_html/actions/telegram_webhook.php on line 77
[10-Sep-2025 05:39:27 UTC] PHP Fatal error:  Uncaught Error: Call to a member function bind_param() on bool in /home/edep2025/public_html/actions/telegram_webhook.php:34
Stack trace:
#0 {main}
  thrown in /home/edep2025/public_html/actions/telegram_webhook.php on line 34
[10-Sep-2025 05:40:35 UTC] PHP Fatal error:  Uncaught Error: Call to undefined function downloadTelegramFile() in /home/edep2025/public_html/actions/telegram_webhook.php:77
Stack trace:
#0 {main}
  thrown in /home/edep2025/public_html/actions/telegram_webhook.php on line 77
[10-Sep-2025 05:41:26 UTC] PHP Fatal error:  Uncaught Error: Call to a member function bind_param() on bool in /home/edep2025/public_html/actions/telegram_webhook.php:34
Stack trace:
#0 {main}
  thrown in /home/edep2025/public_html/actions/telegram_webhook.php on line 34
[10-Sep-2025 05:41:41 UTC] PHP Fatal error:  Uncaught Error: Call to undefined function downloadTelegramFile() in /home/edep2025/public_html/actions/telegram_webhook.php:77
Stack trace:
#0 {main}
  thrown in /home/edep2025/public_html/actions/telegram_webhook.php on line 77
[10-Sep-2025 05:43:07 UTC] PHP Fatal error:  Uncaught Error: Call to undefined function downloadTelegramFile() in /home/edep2025/public_html/actions/telegram_webhook.php:77
Stack trace:
#0 {main}
  thrown in /home/edep2025/public_html/actions/telegram_webhook.php on line 77
[10-Sep-2025 05:43:15 UTC] PHP Fatal error:  Uncaught Error: Call to a member function bind_param() on bool in /home/edep2025/public_html/actions/telegram_webhook.php:34
Stack trace:
#0 {main}
  thrown in /home/edep2025/public_html/actions/telegram_webhook.php on line 34
[10-Sep-2025 05:44:43 UTC] PHP Fatal error:  Uncaught Error: Call to undefined function downloadTelegramFile() in /home/edep2025/public_html/actions/telegram_webhook.php:77
Stack trace:
#0 {main}
  thrown in /home/edep2025/public_html/actions/telegram_webhook.php on line 77
[10-Sep-2025 05:45:04 UTC] PHP Fatal error:  Uncaught Error: Call to a member function bind_param() on bool in /home/edep2025/public_html/actions/telegram_webhook.php:34
Stack trace:
#0 {main}
  thrown in /home/edep2025/public_html/actions/telegram_webhook.php on line 34
[10-Sep-2025 05:45:49 UTC] PHP Fatal error:  Uncaught Error: Call to undefined function downloadTelegramFile() in /home/edep2025/public_html/actions/telegram_webhook.php:77
Stack trace:
#0 {main}
  thrown in /home/edep2025/public_html/actions/telegram_webhook.php on line 77
[10-Sep-2025 05:46:25 UTC] PHP Fatal error:  Uncaught Error: Call to a member function bind_param() on bool in /home/edep2025/public_html/actions/telegram_webhook.php:34
Stack trace:
#0 {main}
  thrown in /home/edep2025/public_html/actions/telegram_webhook.php on line 34
[10-Sep-2025 05:47:21 UTC] PHP Fatal error:  Uncaught Error: Call to undefined function downloadTelegramFile() in /home/edep2025/public_html/actions/telegram_webhook.php:77
Stack trace:
#0 {main}
  thrown in /home/edep2025/public_html/actions/telegram_webhook.php on line 77
[10-Sep-2025 05:47:59 UTC] PHP Fatal error:  Uncaught Error: Call to a member function bind_param() on bool in /home/edep2025/public_html/actions/telegram_webhook.php:34
Stack trace:
#0 {main}
  thrown in /home/edep2025/public_html/actions/telegram_webhook.php on line 34
[10-Sep-2025 05:48:25 UTC] PHP Fatal error:  Uncaught Error: Call to undefined function downloadTelegramFile() in /home/edep2025/public_html/actions/telegram_webhook.php:77
Stack trace:
#0 {main}
  thrown in /home/edep2025/public_html/actions/telegram_webhook.php on line 77
[10-Sep-2025 05:49:46 UTC] PHP Fatal error:  Uncaught Error: Call to undefined function downloadTelegramFile() in /home/edep2025/public_html/actions/telegram_webhook.php:77
Stack trace:
#0 {main}
  thrown in /home/edep2025/public_html/actions/telegram_webhook.php on line 77
[10-Sep-2025 05:49:52 UTC] PHP Fatal error:  Uncaught Error: Call to a member function bind_param() on bool in /home/edep2025/public_html/actions/telegram_webhook.php:34
Stack trace:
#0 {main}
  thrown in /home/edep2025/public_html/actions/telegram_webhook.php on line 34
[10-Sep-2025 05:50:52 UTC] PHP Fatal error:  Uncaught Error: Call to a member function bind_param() on bool in /home/edep2025/public_html/actions/telegram_webhook.php:34
Stack trace:
#0 {main}
  thrown in /home/edep2025/public_html/actions/telegram_webhook.php on line 34
[10-Sep-2025 05:51:39 UTC] PHP Fatal error:  Uncaught Error: Call to undefined function downloadTelegramFile() in /home/edep2025/public_html/actions/telegram_webhook.php:77
Stack trace:
#0 {main}
  thrown in /home/edep2025/public_html/actions/telegram_webhook.php on line 77
[10-Sep-2025 05:52:17 UTC] PHP Fatal error:  Uncaught Error: Call to a member function bind_param() on bool in /home/edep2025/public_html/actions/telegram_webhook.php:34
Stack trace:
#0 {main}
  thrown in /home/edep2025/public_html/actions/telegram_webhook.php on line 34
[10-Sep-2025 05:53:04 UTC] PHP Fatal error:  Uncaught Error: Call to undefined function downloadTelegramFile() in /home/edep2025/public_html/actions/telegram_webhook.php:77
Stack trace:
#0 {main}
  thrown in /home/edep2025/public_html/actions/telegram_webhook.php on line 77
[10-Sep-2025 05:53:33 UTC] PHP Fatal error:  Uncaught Error: Call to a member function bind_param() on bool in /home/edep2025/public_html/actions/telegram_webhook.php:34
Stack trace:
#0 {main}
  thrown in /home/edep2025/public_html/actions/telegram_webhook.php on line 34
[10-Sep-2025 05:54:52 UTC] PHP Fatal error:  Uncaught Error: Call to a member function bind_param() on bool in /home/edep2025/public_html/actions/telegram_webhook.php:34
Stack trace:
#0 {main}
  thrown in /home/edep2025/public_html/actions/telegram_webhook.php on line 34
[10-Sep-2025 05:54:59 UTC] PHP Fatal error:  Uncaught Error: Call to undefined function downloadTelegramFile() in /home/edep2025/public_html/actions/telegram_webhook.php:77
Stack trace:
#0 {main}
  thrown in /home/edep2025/public_html/actions/telegram_webhook.php on line 77
[10-Sep-2025 05:56:34 UTC] PHP Fatal error:  Uncaught Error: Call to undefined function downloadTelegramFile() in /home/edep2025/public_html/actions/telegram_webhook.php:77
Stack trace:
#0 {main}
  thrown in /home/edep2025/public_html/actions/telegram_webhook.php on line 77
[10-Sep-2025 05:56:40 UTC] PHP Fatal error:  Uncaught Error: Call to a member function bind_param() on bool in /home/edep2025/public_html/actions/telegram_webhook.php:34
Stack trace:
#0 {main}
  thrown in /home/edep2025/public_html/actions/telegram_webhook.php on line 34
[10-Sep-2025 05:57:52 UTC] PHP Fatal error:  Uncaught Error: Call to undefined function downloadTelegramFile() in /home/edep2025/public_html/actions/telegram_webhook.php:77
Stack trace:
#0 {main}
  thrown in /home/edep2025/public_html/actions/telegram_webhook.php on line 77
[10-Sep-2025 05:58:11 UTC] PHP Fatal error:  Uncaught Error: Call to a member function bind_param() on bool in /home/edep2025/public_html/actions/telegram_webhook.php:34
Stack trace:
#0 {main}
  thrown in /home/edep2025/public_html/actions/telegram_webhook.php on line 34
[10-Sep-2025 05:58:57 UTC] PHP Fatal error:  Uncaught Error: Call to undefined function downloadTelegramFile() in /home/edep2025/public_html/actions/telegram_webhook.php:77
Stack trace:
#0 {main}
  thrown in /home/edep2025/public_html/actions/telegram_webhook.php on line 77
[10-Sep-2025 05:59:36 UTC] PHP Fatal error:  Uncaught Error: Call to a member function bind_param() on bool in /home/edep2025/public_html/actions/telegram_webhook.php:34
Stack trace:
#0 {main}
  thrown in /home/edep2025/public_html/actions/telegram_webhook.php on line 34
[10-Sep-2025 06:00:46 UTC] PHP Fatal error:  Uncaught Error: Call to undefined function downloadTelegramFile() in /home/edep2025/public_html/actions/telegram_webhook.php:77
Stack trace:
#0 {main}
  thrown in /home/edep2025/public_html/actions/telegram_webhook.php on line 77
[10-Sep-2025 06:01:08 UTC] PHP Fatal error:  Uncaught Error: Call to a member function bind_param() on bool in /home/edep2025/public_html/actions/telegram_webhook.php:34
Stack trace:
#0 {main}
  thrown in /home/edep2025/public_html/actions/telegram_webhook.php on line 34
[10-Sep-2025 06:02:13 UTC] PHP Fatal error:  Uncaught Error: Call to undefined function downloadTelegramFile() in /home/edep2025/public_html/actions/telegram_webhook.php:77
Stack trace:
#0 {main}
  thrown in /home/edep2025/public_html/actions/telegram_webhook.php on line 77
[10-Sep-2025 06:02:17 UTC] PHP Fatal error:  Uncaught Error: Call to a member function bind_param() on bool in /home/edep2025/public_html/actions/telegram_webhook.php:34
Stack trace:
#0 {main}
  thrown in /home/edep2025/public_html/actions/telegram_webhook.php on line 34
[10-Sep-2025 06:03:25 UTC] PHP Fatal error:  Uncaught Error: Call to undefined function downloadTelegramFile() in /home/edep2025/public_html/actions/telegram_webhook.php:77
Stack trace:
#0 {main}
  thrown in /home/edep2025/public_html/actions/telegram_webhook.php on line 77
[10-Sep-2025 06:03:40 UTC] PHP Fatal error:  Uncaught Error: Call to a member function bind_param() on bool in /home/edep2025/public_html/actions/telegram_webhook.php:34
Stack trace:
#0 {main}
  thrown in /home/edep2025/public_html/actions/telegram_webhook.php on line 34
[10-Sep-2025 06:05:13 UTC] PHP Fatal error:  Uncaught Error: Call to a member function bind_param() on bool in /home/edep2025/public_html/actions/telegram_webhook.php:34
Stack trace:
#0 {main}
  thrown in /home/edep2025/public_html/actions/telegram_webhook.php on line 34
[10-Sep-2025 06:05:14 UTC] PHP Fatal error:  Uncaught Error: Call to undefined function downloadTelegramFile() in /home/edep2025/public_html/actions/telegram_webhook.php:77
Stack trace:
#0 {main}
  thrown in /home/edep2025/public_html/actions/telegram_webhook.php on line 77
[10-Sep-2025 06:06:42 UTC] PHP Fatal error:  Uncaught Error: Call to a member function bind_param() on bool in /home/edep2025/public_html/actions/telegram_webhook.php:34
Stack trace:
#0 {main}
  thrown in /home/edep2025/public_html/actions/telegram_webhook.php on line 34
[10-Sep-2025 06:07:10 UTC] PHP Fatal error:  Uncaught Error: Call to undefined function downloadTelegramFile() in /home/edep2025/public_html/actions/telegram_webhook.php:77
Stack trace:
#0 {main}
  thrown in /home/edep2025/public_html/actions/telegram_webhook.php on line 77
[10-Sep-2025 06:08:25 UTC] PHP Fatal error:  Uncaught Error: Call to a member function bind_param() on bool in /home/edep2025/public_html/actions/telegram_webhook.php:34
Stack trace:
#0 {main}
  thrown in /home/edep2025/public_html/actions/telegram_webhook.php on line 34
[10-Sep-2025 06:08:30 UTC] PHP Fatal error:  Uncaught Error: Call to undefined function downloadTelegramFile() in /home/edep2025/public_html/actions/telegram_webhook.php:77
Stack trace:
#0 {main}
  thrown in /home/edep2025/public_html/actions/telegram_webhook.php on line 77
[10-Sep-2025 06:09:36 UTC] PHP Fatal error:  Uncaught Error: Call to a member function bind_param() on bool in /home/edep2025/public_html/actions/telegram_webhook.php:34
Stack trace:
#0 {main}
  thrown in /home/edep2025/public_html/actions/telegram_webhook.php on line 34
[10-Sep-2025 06:10:22 UTC] PHP Fatal error:  Uncaught Error: Call to undefined function downloadTelegramFile() in /home/edep2025/public_html/actions/telegram_webhook.php:77
Stack trace:
#0 {main}
  thrown in /home/edep2025/public_html/actions/telegram_webhook.php on line 77
[10-Sep-2025 06:11:28 UTC] PHP Fatal error:  Uncaught Error: Call to a member function bind_param() on bool in /home/edep2025/public_html/actions/telegram_webhook.php:34
Stack trace:
#0 {main}
  thrown in /home/edep2025/public_html/actions/telegram_webhook.php on line 34
[10-Sep-2025 06:11:53 UTC] PHP Fatal error:  Uncaught Error: Call to undefined function downloadTelegramFile() in /home/edep2025/public_html/actions/telegram_webhook.php:77
Stack trace:
#0 {main}
  thrown in /home/edep2025/public_html/actions/telegram_webhook.php on line 77
[10-Sep-2025 06:12:41 UTC] PHP Fatal error:  Uncaught Error: Call to a member function bind_param() on bool in /home/edep2025/public_html/actions/telegram_webhook.php:34
Stack trace:
#0 {main}
  thrown in /home/edep2025/public_html/actions/telegram_webhook.php on line 34
[10-Sep-2025 06:13:33 UTC] PHP Fatal error:  Uncaught Error: Call to undefined function downloadTelegramFile() in /home/edep2025/public_html/actions/telegram_webhook.php:77
Stack trace:
#0 {main}
  thrown in /home/edep2025/public_html/actions/telegram_webhook.php on line 77
[10-Sep-2025 06:13:53 UTC] PHP Fatal error:  Uncaught Error: Call to a member function bind_param() on bool in /home/edep2025/public_html/actions/telegram_webhook.php:34
Stack trace:
#0 {main}
  thrown in /home/edep2025/public_html/actions/telegram_webhook.php on line 34
[10-Sep-2025 06:15:06 UTC] PHP Fatal error:  Uncaught Error: Call to undefined function downloadTelegramFile() in /home/edep2025/public_html/actions/telegram_webhook.php:77
Stack trace:
#0 {main}
  thrown in /home/edep2025/public_html/actions/telegram_webhook.php on line 77
[10-Sep-2025 06:15:41 UTC] PHP Fatal error:  Uncaught Error: Call to a member function bind_param() on bool in /home/edep2025/public_html/actions/telegram_webhook.php:34
Stack trace:
#0 {main}
  thrown in /home/edep2025/public_html/actions/telegram_webhook.php on line 34
[10-Sep-2025 06:16:59 UTC] PHP Fatal error:  Uncaught Error: Call to undefined function downloadTelegramFile() in /home/edep2025/public_html/actions/telegram_webhook.php:77
Stack trace:
#0 {main}
  thrown in /home/edep2025/public_html/actions/telegram_webhook.php on line 77
[10-Sep-2025 06:17:04 UTC] PHP Fatal error:  Uncaught Error: Call to a member function bind_param() on bool in /home/edep2025/public_html/actions/telegram_webhook.php:34
Stack trace:
#0 {main}
  thrown in /home/edep2025/public_html/actions/telegram_webhook.php on line 34
[10-Sep-2025 06:18:11 UTC] PHP Fatal error:  Uncaught Error: Call to a member function bind_param() on bool in /home/edep2025/public_html/actions/telegram_webhook.php:34
Stack trace:
#0 {main}
  thrown in /home/edep2025/public_html/actions/telegram_webhook.php on line 34
[10-Sep-2025 06:18:25 UTC] PHP Fatal error:  Uncaught Error: Call to undefined function downloadTelegramFile() in /home/edep2025/public_html/actions/telegram_webhook.php:77
Stack trace:
#0 {main}
  thrown in /home/edep2025/public_html/actions/telegram_webhook.php on line 77
[10-Sep-2025 06:19:45 UTC] PHP Fatal error:  Uncaught Error: Call to undefined function downloadTelegramFile() in /home/edep2025/public_html/actions/telegram_webhook.php:77
Stack trace:
#0 {main}
  thrown in /home/edep2025/public_html/actions/telegram_webhook.php on line 77
[10-Sep-2025 06:19:52 UTC] PHP Fatal error:  Uncaught Error: Call to a member function bind_param() on bool in /home/edep2025/public_html/actions/telegram_webhook.php:34
Stack trace:
#0 {main}
  thrown in /home/edep2025/public_html/actions/telegram_webhook.php on line 34
[10-Sep-2025 06:20:54 UTC] PHP Fatal error:  Uncaught Error: Call to a member function bind_param() on bool in /home/edep2025/public_html/actions/telegram_webhook.php:34
Stack trace:
#0 {main}
  thrown in /home/edep2025/public_html/actions/telegram_webhook.php on line 34
[10-Sep-2025 06:21:03 UTC] PHP Fatal error:  Uncaught Error: Call to undefined function downloadTelegramFile() in /home/edep2025/public_html/actions/telegram_webhook.php:77
Stack trace:
#0 {main}
  thrown in /home/edep2025/public_html/actions/telegram_webhook.php on line 77
[10-Sep-2025 06:22:18 UTC] PHP Fatal error:  Uncaught Error: Call to undefined function downloadTelegramFile() in /home/edep2025/public_html/actions/telegram_webhook.php:77
Stack trace:
#0 {main}
  thrown in /home/edep2025/public_html/actions/telegram_webhook.php on line 77
[10-Sep-2025 06:22:43 UTC] PHP Fatal error:  Uncaught Error: Call to a member function bind_param() on bool in /home/edep2025/public_html/actions/telegram_webhook.php:34
Stack trace:
#0 {main}
  thrown in /home/edep2025/public_html/actions/telegram_webhook.php on line 34
[10-Sep-2025 06:24:17 UTC] PHP Fatal error:  Uncaught Error: Call to undefined function downloadTelegramFile() in /home/edep2025/public_html/actions/telegram_webhook.php:77
Stack trace:
#0 {main}
  thrown in /home/edep2025/public_html/actions/telegram_webhook.php on line 77
[10-Sep-2025 06:24:32 UTC] PHP Fatal error:  Uncaught Error: Call to a member function bind_param() on bool in /home/edep2025/public_html/actions/telegram_webhook.php:34
Stack trace:
#0 {main}
  thrown in /home/edep2025/public_html/actions/telegram_webhook.php on line 34
[10-Sep-2025 06:25:44 UTC] PHP Fatal error:  Uncaught Error: Call to undefined function downloadTelegramFile() in /home/edep2025/public_html/actions/telegram_webhook.php:77
Stack trace:
#0 {main}
  thrown in /home/edep2025/public_html/actions/telegram_webhook.php on line 77
[10-Sep-2025 06:26:01 UTC] PHP Fatal error:  Uncaught Error: Call to a member function bind_param() on bool in /home/edep2025/public_html/actions/telegram_webhook.php:34
Stack trace:
#0 {main}
  thrown in /home/edep2025/public_html/actions/telegram_webhook.php on line 34
[10-Sep-2025 06:27:23 UTC] PHP Fatal error:  Uncaught Error: Call to undefined function downloadTelegramFile() in /home/edep2025/public_html/actions/telegram_webhook.php:77
Stack trace:
#0 {main}
  thrown in /home/edep2025/public_html/actions/telegram_webhook.php on line 77
[10-Sep-2025 06:27:42 UTC] PHP Fatal error:  Uncaught Error: Call to a member function bind_param() on bool in /home/edep2025/public_html/actions/telegram_webhook.php:34
Stack trace:
#0 {main}
  thrown in /home/edep2025/public_html/actions/telegram_webhook.php on line 34
[10-Sep-2025 06:28:42 UTC] PHP Fatal error:  Uncaught Error: Call to undefined function downloadTelegramFile() in /home/edep2025/public_html/actions/telegram_webhook.php:77
Stack trace:
#0 {main}
  thrown in /home/edep2025/public_html/actions/telegram_webhook.php on line 77
[10-Sep-2025 06:29:20 UTC] PHP Fatal error:  Uncaught Error: Call to a member function bind_param() on bool in /home/edep2025/public_html/actions/telegram_webhook.php:34
Stack trace:
#0 {main}
  thrown in /home/edep2025/public_html/actions/telegram_webhook.php on line 34
[10-Sep-2025 06:30:37 UTC] PHP Fatal error:  Uncaught Error: Call to undefined function downloadTelegramFile() in /home/edep2025/public_html/actions/telegram_webhook.php:77
Stack trace:
#0 {main}
  thrown in /home/edep2025/public_html/actions/telegram_webhook.php on line 77
[10-Sep-2025 06:30:42 UTC] PHP Fatal error:  Uncaught Error: Call to a member function bind_param() on bool in /home/edep2025/public_html/actions/telegram_webhook.php:34
Stack trace:
#0 {main}
  thrown in /home/edep2025/public_html/actions/telegram_webhook.php on line 34
[10-Sep-2025 06:32:09 UTC] PHP Fatal error:  Uncaught Error: Call to undefined function downloadTelegramFile() in /home/edep2025/public_html/actions/telegram_webhook.php:77
Stack trace:
#0 {main}
  thrown in /home/edep2025/public_html/actions/telegram_webhook.php on line 77
[10-Sep-2025 06:32:32 UTC] PHP Fatal error:  Uncaught Error: Call to a member function bind_param() on bool in /home/edep2025/public_html/actions/telegram_webhook.php:34
Stack trace:
#0 {main}
  thrown in /home/edep2025/public_html/actions/telegram_webhook.php on line 34
[10-Sep-2025 06:33:58 UTC] PHP Fatal error:  Uncaught Error: Call to undefined function downloadTelegramFile() in /home/edep2025/public_html/actions/telegram_webhook.php:77
Stack trace:
#0 {main}
  thrown in /home/edep2025/public_html/actions/telegram_webhook.php on line 77
[10-Sep-2025 06:34:26 UTC] PHP Fatal error:  Uncaught Error: Call to a member function bind_param() on bool in /home/edep2025/public_html/actions/telegram_webhook.php:34
Stack trace:
#0 {main}
  thrown in /home/edep2025/public_html/actions/telegram_webhook.php on line 34
[10-Sep-2025 06:35:40 UTC] PHP Fatal error:  Uncaught Error: Call to undefined function downloadTelegramFile() in /home/edep2025/public_html/actions/telegram_webhook.php:77
Stack trace:
#0 {main}
  thrown in /home/edep2025/public_html/actions/telegram_webhook.php on line 77
[10-Sep-2025 06:36:07 UTC] PHP Fatal error:  Uncaught Error: Call to a member function bind_param() on bool in /home/edep2025/public_html/actions/telegram_webhook.php:34
Stack trace:
#0 {main}
  thrown in /home/edep2025/public_html/actions/telegram_webhook.php on line 34
[10-Sep-2025 06:36:43 UTC] PHP Fatal error:  Uncaught Error: Call to undefined function downloadTelegramFile() in /home/edep2025/public_html/actions/telegram_webhook.php:77
Stack trace:
#0 {main}
  thrown in /home/edep2025/public_html/actions/telegram_webhook.php on line 77
[10-Sep-2025 06:37:20 UTC] PHP Fatal error:  Uncaught Error: Call to a member function bind_param() on bool in /home/edep2025/public_html/actions/telegram_webhook.php:34
Stack trace:
#0 {main}
  thrown in /home/edep2025/public_html/actions/telegram_webhook.php on line 34
[10-Sep-2025 06:38:42 UTC] PHP Fatal error:  Uncaught Error: Call to undefined function downloadTelegramFile() in /home/edep2025/public_html/actions/telegram_webhook.php:77
Stack trace:
#0 {main}
  thrown in /home/edep2025/public_html/actions/telegram_webhook.php on line 77
[10-Sep-2025 06:38:53 UTC] PHP Fatal error:  Uncaught Error: Call to a member function bind_param() on bool in /home/edep2025/public_html/actions/telegram_webhook.php:34
Stack trace:
#0 {main}
  thrown in /home/edep2025/public_html/actions/telegram_webhook.php on line 34
[10-Sep-2025 06:40:41 UTC] PHP Fatal error:  Uncaught Error: Call to undefined function downloadTelegramFile() in /home/edep2025/public_html/actions/telegram_webhook.php:77
Stack trace:
#0 {main}
  thrown in /home/edep2025/public_html/actions/telegram_webhook.php on line 77
[10-Sep-2025 06:40:43 UTC] PHP Fatal error:  Uncaught Error: Call to a member function bind_param() on bool in /home/edep2025/public_html/actions/telegram_webhook.php:34
Stack trace:
#0 {main}
  thrown in /home/edep2025/public_html/actions/telegram_webhook.php on line 34
[10-Sep-2025 06:42:05 UTC] PHP Fatal error:  Uncaught Error: Call to a member function bind_param() on bool in /home/edep2025/public_html/actions/telegram_webhook.php:34
Stack trace:
#0 {main}
  thrown in /home/edep2025/public_html/actions/telegram_webhook.php on line 34
[10-Sep-2025 06:42:33 UTC] PHP Fatal error:  Uncaught Error: Call to undefined function downloadTelegramFile() in /home/edep2025/public_html/actions/telegram_webhook.php:77
Stack trace:
#0 {main}
  thrown in /home/edep2025/public_html/actions/telegram_webhook.php on line 77
[10-Sep-2025 06:43:39 UTC] PHP Fatal error:  Uncaught Error: Call to a member function bind_param() on bool in /home/edep2025/public_html/actions/telegram_webhook.php:34
Stack trace:
#0 {main}
  thrown in /home/edep2025/public_html/actions/telegram_webhook.php on line 34
[10-Sep-2025 06:44:10 UTC] PHP Fatal error:  Uncaught Error: Call to undefined function downloadTelegramFile() in /home/edep2025/public_html/actions/telegram_webhook.php:77
Stack trace:
#0 {main}
  thrown in /home/edep2025/public_html/actions/telegram_webhook.php on line 77
[10-Sep-2025 06:45:11 UTC] PHP Fatal error:  Uncaught Error: Call to undefined function downloadTelegramFile() in /home/edep2025/public_html/actions/telegram_webhook.php:77
Stack trace:
#0 {main}
  thrown in /home/edep2025/public_html/actions/telegram_webhook.php on line 77
[10-Sep-2025 06:45:27 UTC] PHP Fatal error:  Uncaught Error: Call to a member function bind_param() on bool in /home/edep2025/public_html/actions/telegram_webhook.php:34
Stack trace:
#0 {main}
  thrown in /home/edep2025/public_html/actions/telegram_webhook.php on line 34
[10-Sep-2025 06:46:45 UTC] PHP Fatal error:  Uncaught Error: Call to undefined function downloadTelegramFile() in /home/edep2025/public_html/actions/telegram_webhook.php:77
Stack trace:
#0 {main}
  thrown in /home/edep2025/public_html/actions/telegram_webhook.php on line 77
[10-Sep-2025 06:47:17 UTC] PHP Fatal error:  Uncaught Error: Call to a member function bind_param() on bool in /home/edep2025/public_html/actions/telegram_webhook.php:34
Stack trace:
#0 {main}
  thrown in /home/edep2025/public_html/actions/telegram_webhook.php on line 34
[10-Sep-2025 06:48:44 UTC] PHP Fatal error:  Uncaught Error: Call to undefined function downloadTelegramFile() in /home/edep2025/public_html/actions/telegram_webhook.php:77
Stack trace:
#0 {main}
  thrown in /home/edep2025/public_html/actions/telegram_webhook.php on line 77
[10-Sep-2025 06:48:49 UTC] PHP Fatal error:  Uncaught Error: Call to a member function bind_param() on bool in /home/edep2025/public_html/actions/telegram_webhook.php:34
Stack trace:
#0 {main}
  thrown in /home/edep2025/public_html/actions/telegram_webhook.php on line 34
[10-Sep-2025 06:50:10 UTC] PHP Fatal error:  Uncaught Error: Call to undefined function downloadTelegramFile() in /home/edep2025/public_html/actions/telegram_webhook.php:77
Stack trace:
#0 {main}
  thrown in /home/edep2025/public_html/actions/telegram_webhook.php on line 77
[10-Sep-2025 06:50:35 UTC] PHP Fatal error:  Uncaught Error: Call to a member function bind_param() on bool in /home/edep2025/public_html/actions/telegram_webhook.php:34
Stack trace:
#0 {main}
  thrown in /home/edep2025/public_html/actions/telegram_webhook.php on line 34
[10-Sep-2025 06:52:11 UTC] PHP Fatal error:  Uncaught Error: Call to undefined function downloadTelegramFile() in /home/edep2025/public_html/actions/telegram_webhook.php:77
Stack trace:
#0 {main}
  thrown in /home/edep2025/public_html/actions/telegram_webhook.php on line 77
[10-Sep-2025 06:52:20 UTC] PHP Fatal error:  Uncaught Error: Call to a member function bind_param() on bool in /home/edep2025/public_html/actions/telegram_webhook.php:34
Stack trace:
#0 {main}
  thrown in /home/edep2025/public_html/actions/telegram_webhook.php on line 34
[10-Sep-2025 06:54:02 UTC] PHP Fatal error:  Uncaught Error: Call to undefined function downloadTelegramFile() in /home/edep2025/public_html/actions/telegram_webhook.php:77
Stack trace:
#0 {main}
  thrown in /home/edep2025/public_html/actions/telegram_webhook.php on line 77
[10-Sep-2025 06:54:05 UTC] PHP Fatal error:  Uncaught Error: Call to a member function bind_param() on bool in /home/edep2025/public_html/actions/telegram_webhook.php:34
Stack trace:
#0 {main}
  thrown in /home/edep2025/public_html/actions/telegram_webhook.php on line 34
[10-Sep-2025 06:55:36 UTC] PHP Fatal error:  Uncaught Error: Call to undefined function downloadTelegramFile() in /home/edep2025/public_html/actions/telegram_webhook.php:77
Stack trace:
#0 {main}
  thrown in /home/edep2025/public_html/actions/telegram_webhook.php on line 77
[10-Sep-2025 06:56:02 UTC] PHP Fatal error:  Uncaught Error: Call to a member function bind_param() on bool in /home/edep2025/public_html/actions/telegram_webhook.php:34
Stack trace:
#0 {main}
  thrown in /home/edep2025/public_html/actions/telegram_webhook.php on line 34
[10-Sep-2025 06:56:44 UTC] PHP Fatal error:  Uncaught Error: Call to undefined function downloadTelegramFile() in /home/edep2025/public_html/actions/telegram_webhook.php:77
Stack trace:
#0 {main}
  thrown in /home/edep2025/public_html/actions/telegram_webhook.php on line 77
[10-Sep-2025 06:57:38 UTC] PHP Fatal error:  Uncaught Error: Call to a member function bind_param() on bool in /home/edep2025/public_html/actions/telegram_webhook.php:34
Stack trace:
#0 {main}
  thrown in /home/edep2025/public_html/actions/telegram_webhook.php on line 34
[10-Sep-2025 06:57:49 UTC] PHP Fatal error:  Uncaught Error: Call to undefined function downloadTelegramFile() in /home/edep2025/public_html/actions/telegram_webhook.php:77
Stack trace:
#0 {main}
  thrown in /home/edep2025/public_html/actions/telegram_webhook.php on line 77
[10-Sep-2025 06:58:59 UTC] PHP Fatal error:  Uncaught Error: Call to undefined function downloadTelegramFile() in /home/edep2025/public_html/actions/telegram_webhook.php:77
Stack trace:
#0 {main}
  thrown in /home/edep2025/public_html/actions/telegram_webhook.php on line 77
[10-Sep-2025 06:59:06 UTC] PHP Fatal error:  Uncaught Error: Call to a member function bind_param() on bool in /home/edep2025/public_html/actions/telegram_webhook.php:34
Stack trace:
#0 {main}
  thrown in /home/edep2025/public_html/actions/telegram_webhook.php on line 34
[10-Sep-2025 07:00:11 UTC] PHP Fatal error:  Uncaught Error: Call to undefined function downloadTelegramFile() in /home/edep2025/public_html/actions/telegram_webhook.php:77
Stack trace:
#0 {main}
  thrown in /home/edep2025/public_html/actions/telegram_webhook.php on line 77
[10-Sep-2025 07:00:50 UTC] PHP Fatal error:  Uncaught Error: Call to a member function bind_param() on bool in /home/edep2025/public_html/actions/telegram_webhook.php:34
Stack trace:
#0 {main}
  thrown in /home/edep2025/public_html/actions/telegram_webhook.php on line 34
[10-Sep-2025 07:01:53 UTC] PHP Fatal error:  Uncaught Error: Call to undefined function downloadTelegramFile() in /home/edep2025/public_html/actions/telegram_webhook.php:77
Stack trace:
#0 {main}
  thrown in /home/edep2025/public_html/actions/telegram_webhook.php on line 77
[10-Sep-2025 07:02:05 UTC] PHP Fatal error:  Uncaught Error: Call to a member function bind_param() on bool in /home/edep2025/public_html/actions/telegram_webhook.php:34
Stack trace:
#0 {main}
  thrown in /home/edep2025/public_html/actions/telegram_webhook.php on line 34
[10-Sep-2025 07:03:39 UTC] PHP Fatal error:  Uncaught Error: Call to undefined function downloadTelegramFile() in /home/edep2025/public_html/actions/telegram_webhook.php:77
Stack trace:
#0 {main}
  thrown in /home/edep2025/public_html/actions/telegram_webhook.php on line 77
[10-Sep-2025 07:04:03 UTC] PHP Fatal error:  Uncaught Error: Call to a member function bind_param() on bool in /home/edep2025/public_html/actions/telegram_webhook.php:34
Stack trace:
#0 {main}
  thrown in /home/edep2025/public_html/actions/telegram_webhook.php on line 34
[10-Sep-2025 07:05:20 UTC] PHP Fatal error:  Uncaught Error: Call to undefined function downloadTelegramFile() in /home/edep2025/public_html/actions/telegram_webhook.php:77
Stack trace:
#0 {main}
  thrown in /home/edep2025/public_html/actions/telegram_webhook.php on line 77
[10-Sep-2025 07:05:32 UTC] PHP Fatal error:  Uncaught Error: Call to a member function bind_param() on bool in /home/edep2025/public_html/actions/telegram_webhook.php:34
Stack trace:
#0 {main}
  thrown in /home/edep2025/public_html/actions/telegram_webhook.php on line 34
[10-Sep-2025 07:07:11 UTC] PHP Fatal error:  Uncaught Error: Call to undefined function downloadTelegramFile() in /home/edep2025/public_html/actions/telegram_webhook.php:77
Stack trace:
#0 {main}
  thrown in /home/edep2025/public_html/actions/telegram_webhook.php on line 77
[10-Sep-2025 07:07:11 UTC] PHP Fatal error:  Uncaught Error: Call to a member function bind_param() on bool in /home/edep2025/public_html/actions/telegram_webhook.php:34
Stack trace:
#0 {main}
  thrown in /home/edep2025/public_html/actions/telegram_webhook.php on line 34
[10-Sep-2025 07:08:37 UTC] PHP Fatal error:  Uncaught Error: Call to undefined function downloadTelegramFile() in /home/edep2025/public_html/actions/telegram_webhook.php:77
Stack trace:
#0 {main}
  thrown in /home/edep2025/public_html/actions/telegram_webhook.php on line 77
[10-Sep-2025 07:09:05 UTC] PHP Fatal error:  Uncaught Error: Call to a member function bind_param() on bool in /home/edep2025/public_html/actions/telegram_webhook.php:34
Stack trace:
#0 {main}
  thrown in /home/edep2025/public_html/actions/telegram_webhook.php on line 34
[10-Sep-2025 07:09:44 UTC] PHP Fatal error:  Uncaught Error: Call to undefined function downloadTelegramFile() in /home/edep2025/public_html/actions/telegram_webhook.php:77
Stack trace:
#0 {main}
  thrown in /home/edep2025/public_html/actions/telegram_webhook.php on line 77
[10-Sep-2025 07:11:04 UTC] PHP Fatal error:  Uncaught Error: Call to a member function bind_param() on bool in /home/edep2025/public_html/actions/telegram_webhook.php:34
Stack trace:
#0 {main}
  thrown in /home/edep2025/public_html/actions/telegram_webhook.php on line 34
[10-Sep-2025 07:11:12 UTC] PHP Fatal error:  Uncaught Error: Call to undefined function downloadTelegramFile() in /home/edep2025/public_html/actions/telegram_webhook.php:77
Stack trace:
#0 {main}
  thrown in /home/edep2025/public_html/actions/telegram_webhook.php on line 77
[10-Sep-2025 07:12:05 UTC] PHP Fatal error:  Uncaught Error: Call to a member function bind_param() on bool in /home/edep2025/public_html/actions/telegram_webhook.php:34
Stack trace:
#0 {main}
  thrown in /home/edep2025/public_html/actions/telegram_webhook.php on line 34
[10-Sep-2025 07:12:19 UTC] PHP Fatal error:  Uncaught Error: Call to undefined function downloadTelegramFile() in /home/edep2025/public_html/actions/telegram_webhook.php:77
Stack trace:
#0 {main}
  thrown in /home/edep2025/public_html/actions/telegram_webhook.php on line 77
[10-Sep-2025 07:13:07 UTC] PHP Fatal error:  Uncaught Error: Call to a member function bind_param() on bool in /home/edep2025/public_html/actions/telegram_webhook.php:34
Stack trace:
#0 {main}
  thrown in /home/edep2025/public_html/actions/telegram_webhook.php on line 34
[10-Sep-2025 07:13:32 UTC] PHP Fatal error:  Uncaught Error: Call to undefined function downloadTelegramFile() in /home/edep2025/public_html/actions/telegram_webhook.php:77
Stack trace:
#0 {main}
  thrown in /home/edep2025/public_html/actions/telegram_webhook.php on line 77
[10-Sep-2025 07:14:23 UTC] PHP Fatal error:  Uncaught Error: Call to a member function bind_param() on bool in /home/edep2025/public_html/actions/telegram_webhook.php:34
Stack trace:
#0 {main}
  thrown in /home/edep2025/public_html/actions/telegram_webhook.php on line 34
[10-Sep-2025 07:15:10 UTC] PHP Fatal error:  Uncaught Error: Call to undefined function downloadTelegramFile() in /home/edep2025/public_html/actions/telegram_webhook.php:77
Stack trace:
#0 {main}
  thrown in /home/edep2025/public_html/actions/telegram_webhook.php on line 77
[10-Sep-2025 07:15:49 UTC] PHP Fatal error:  Uncaught Error: Call to a member function bind_param() on bool in /home/edep2025/public_html/actions/telegram_webhook.php:34
Stack trace:
#0 {main}
  thrown in /home/edep2025/public_html/actions/telegram_webhook.php on line 34
[10-Sep-2025 07:16:52 UTC] PHP Fatal error:  Uncaught Error: Call to a member function bind_param() on bool in /home/edep2025/public_html/actions/telegram_webhook.php:34
Stack trace:
#0 {main}
  thrown in /home/edep2025/public_html/actions/telegram_webhook.php on line 34
[10-Sep-2025 07:16:56 UTC] PHP Fatal error:  Uncaught Error: Call to undefined function downloadTelegramFile() in /home/edep2025/public_html/actions/telegram_webhook.php:77
Stack trace:
#0 {main}
  thrown in /home/edep2025/public_html/actions/telegram_webhook.php on line 77
[10-Sep-2025 07:17:59 UTC] PHP Fatal error:  Uncaught Error: Call to undefined function downloadTelegramFile() in /home/edep2025/public_html/actions/telegram_webhook.php:77
Stack trace:
#0 {main}
  thrown in /home/edep2025/public_html/actions/telegram_webhook.php on line 77
[10-Sep-2025 07:18:15 UTC] PHP Fatal error:  Uncaught Error: Call to a member function bind_param() on bool in /home/edep2025/public_html/actions/telegram_webhook.php:34
Stack trace:
#0 {main}
  thrown in /home/edep2025/public_html/actions/telegram_webhook.php on line 34
[10-Sep-2025 07:19:59 UTC] PHP Fatal error:  Uncaught Error: Call to undefined function downloadTelegramFile() in /home/edep2025/public_html/actions/telegram_webhook.php:77
Stack trace:
#0 {main}
  thrown in /home/edep2025/public_html/actions/telegram_webhook.php on line 77
[10-Sep-2025 07:20:05 UTC] PHP Fatal error:  Uncaught Error: Call to a member function bind_param() on bool in /home/edep2025/public_html/actions/telegram_webhook.php:34
Stack trace:
#0 {main}
  thrown in /home/edep2025/public_html/actions/telegram_webhook.php on line 34
[10-Sep-2025 07:21:09 UTC] PHP Fatal error:  Uncaught Error: Call to a member function bind_param() on bool in /home/edep2025/public_html/actions/telegram_webhook.php:34
Stack trace:
#0 {main}
  thrown in /home/edep2025/public_html/actions/telegram_webhook.php on line 34
[10-Sep-2025 07:21:44 UTC] PHP Fatal error:  Uncaught Error: Call to undefined function downloadTelegramFile() in /home/edep2025/public_html/actions/telegram_webhook.php:77
Stack trace:
#0 {main}
  thrown in /home/edep2025/public_html/actions/telegram_webhook.php on line 77
[10-Sep-2025 07:22:15 UTC] PHP Fatal error:  Uncaught Error: Call to a member function bind_param() on bool in /home/edep2025/public_html/actions/telegram_webhook.php:34
Stack trace:
#0 {main}
  thrown in /home/edep2025/public_html/actions/telegram_webhook.php on line 34
[10-Sep-2025 07:23:29 UTC] PHP Fatal error:  Uncaught Error: Call to a member function bind_param() on bool in /home/edep2025/public_html/actions/telegram_webhook.php:34
Stack trace:
#0 {main}
  thrown in /home/edep2025/public_html/actions/telegram_webhook.php on line 34
[10-Sep-2025 07:23:42 UTC] PHP Fatal error:  Uncaught Error: Call to undefined function downloadTelegramFile() in /home/edep2025/public_html/actions/telegram_webhook.php:77
Stack trace:
#0 {main}
  thrown in /home/edep2025/public_html/actions/telegram_webhook.php on line 77
[10-Sep-2025 07:24:43 UTC] PHP Fatal error:  Uncaught Error: Call to a member function bind_param() on bool in /home/edep2025/public_html/actions/telegram_webhook.php:34
Stack trace:
#0 {main}
  thrown in /home/edep2025/public_html/actions/telegram_webhook.php on line 34
[10-Sep-2025 07:24:51 UTC] PHP Fatal error:  Uncaught Error: Call to undefined function downloadTelegramFile() in /home/edep2025/public_html/actions/telegram_webhook.php:77
Stack trace:
#0 {main}
  thrown in /home/edep2025/public_html/actions/telegram_webhook.php on line 77
[10-Sep-2025 07:25:58 UTC] PHP Fatal error:  Uncaught Error: Call to a member function bind_param() on bool in /home/edep2025/public_html/actions/telegram_webhook.php:34
Stack trace:
#0 {main}
  thrown in /home/edep2025/public_html/actions/telegram_webhook.php on line 34
[10-Sep-2025 07:26:40 UTC] PHP Fatal error:  Uncaught Error: Call to undefined function downloadTelegramFile() in /home/edep2025/public_html/actions/telegram_webhook.php:77
Stack trace:
#0 {main}
  thrown in /home/edep2025/public_html/actions/telegram_webhook.php on line 77
[10-Sep-2025 07:27:26 UTC] PHP Fatal error:  Uncaught Error: Call to a member function bind_param() on bool in /home/edep2025/public_html/actions/telegram_webhook.php:34
Stack trace:
#0 {main}
  thrown in /home/edep2025/public_html/actions/telegram_webhook.php on line 34
[10-Sep-2025 07:28:55 UTC] PHP Fatal error:  Uncaught Error: Call to a member function bind_param() on bool in /home/edep2025/public_html/actions/telegram_webhook.php:34
Stack trace:
#0 {main}
  thrown in /home/edep2025/public_html/actions/telegram_webhook.php on line 34
[10-Sep-2025 07:29:38 UTC] PHP Fatal error:  Uncaught Error: Call to undefined function downloadTelegramFile() in /home/edep2025/public_html/actions/telegram_webhook.php:77
Stack trace:
#0 {main}
  thrown in /home/edep2025/public_html/actions/telegram_webhook.php on line 77
[10-Sep-2025 07:30:34 UTC] PHP Fatal error:  Uncaught Error: Call to a member function bind_param() on bool in /home/edep2025/public_html/actions/telegram_webhook.php:34
Stack trace:
#0 {main}
  thrown in /home/edep2025/public_html/actions/telegram_webhook.php on line 34
[10-Sep-2025 07:30:52 UTC] PHP Fatal error:  Uncaught Error: Call to undefined function downloadTelegramFile() in /home/edep2025/public_html/actions/telegram_webhook.php:77
Stack trace:
#0 {main}
  thrown in /home/edep2025/public_html/actions/telegram_webhook.php on line 77
[10-Sep-2025 07:31:59 UTC] PHP Fatal error:  Uncaught Error: Call to a member function bind_param() on bool in /home/edep2025/public_html/actions/telegram_webhook.php:34
Stack trace:
#0 {main}
  thrown in /home/edep2025/public_html/actions/telegram_webhook.php on line 34
[10-Sep-2025 07:32:48 UTC] PHP Fatal error:  Uncaught Error: Call to undefined function downloadTelegramFile() in /home/edep2025/public_html/actions/telegram_webhook.php:77
Stack trace:
#0 {main}
  thrown in /home/edep2025/public_html/actions/telegram_webhook.php on line 77
[10-Sep-2025 07:33:47 UTC] PHP Fatal error:  Uncaught Error: Call to a member function bind_param() on bool in /home/edep2025/public_html/actions/telegram_webhook.php:34
Stack trace:
#0 {main}
  thrown in /home/edep2025/public_html/actions/telegram_webhook.php on line 34
[10-Sep-2025 07:34:08 UTC] PHP Fatal error:  Uncaught Error: Call to undefined function downloadTelegramFile() in /home/edep2025/public_html/actions/telegram_webhook.php:77
Stack trace:
#0 {main}
  thrown in /home/edep2025/public_html/actions/telegram_webhook.php on line 77
[10-Sep-2025 07:35:35 UTC] PHP Fatal error:  Uncaught Error: Call to a member function bind_param() on bool in /home/edep2025/public_html/actions/telegram_webhook.php:34
Stack trace:
#0 {main}
  thrown in /home/edep2025/public_html/actions/telegram_webhook.php on line 34
[10-Sep-2025 07:35:46 UTC] PHP Fatal error:  Uncaught Error: Call to undefined function downloadTelegramFile() in /home/edep2025/public_html/actions/telegram_webhook.php:77
Stack trace:
#0 {main}
  thrown in /home/edep2025/public_html/actions/telegram_webhook.php on line 77
[10-Sep-2025 07:36:48 UTC] PHP Fatal error:  Uncaught Error: Call to undefined function downloadTelegramFile() in /home/edep2025/public_html/actions/telegram_webhook.php:77
Stack trace:
#0 {main}
  thrown in /home/edep2025/public_html/actions/telegram_webhook.php on line 77
[10-Sep-2025 07:37:00 UTC] PHP Fatal error:  Uncaught Error: Call to a member function bind_param() on bool in /home/edep2025/public_html/actions/telegram_webhook.php:34
Stack trace:
#0 {main}
  thrown in /home/edep2025/public_html/actions/telegram_webhook.php on line 34
[10-Sep-2025 07:38:02 UTC] PHP Fatal error:  Uncaught Error: Call to undefined function downloadTelegramFile() in /home/edep2025/public_html/actions/telegram_webhook.php:77
Stack trace:
#0 {main}
  thrown in /home/edep2025/public_html/actions/telegram_webhook.php on line 77
[10-Sep-2025 07:38:49 UTC] PHP Fatal error:  Uncaught Error: Call to a member function bind_param() on bool in /home/edep2025/public_html/actions/telegram_webhook.php:34
Stack trace:
#0 {main}
  thrown in /home/edep2025/public_html/actions/telegram_webhook.php on line 34
[10-Sep-2025 07:39:17 UTC] PHP Fatal error:  Uncaught Error: Call to undefined function downloadTelegramFile() in /home/edep2025/public_html/actions/telegram_webhook.php:77
Stack trace:
#0 {main}
  thrown in /home/edep2025/public_html/actions/telegram_webhook.php on line 77
[10-Sep-2025 07:40:11 UTC] PHP Fatal error:  Uncaught Error: Call to a member function bind_param() on bool in /home/edep2025/public_html/actions/telegram_webhook.php:34
Stack trace:
#0 {main}
  thrown in /home/edep2025/public_html/actions/telegram_webhook.php on line 34
[10-Sep-2025 07:40:23 UTC] PHP Fatal error:  Uncaught Error: Call to undefined function downloadTelegramFile() in /home/edep2025/public_html/actions/telegram_webhook.php:77
Stack trace:
#0 {main}
  thrown in /home/edep2025/public_html/actions/telegram_webhook.php on line 77
[10-Sep-2025 07:41:23 UTC] PHP Fatal error:  Uncaught Error: Call to a member function bind_param() on bool in /home/edep2025/public_html/actions/telegram_webhook.php:34
Stack trace:
#0 {main}
  thrown in /home/edep2025/public_html/actions/telegram_webhook.php on line 34
[10-Sep-2025 07:42:05 UTC] PHP Fatal error:  Uncaught Error: Call to undefined function downloadTelegramFile() in /home/edep2025/public_html/actions/telegram_webhook.php:77
Stack trace:
#0 {main}
  thrown in /home/edep2025/public_html/actions/telegram_webhook.php on line 77
[10-Sep-2025 07:43:04 UTC] PHP Fatal error:  Uncaught Error: Call to a member function bind_param() on bool in /home/edep2025/public_html/actions/telegram_webhook.php:34
Stack trace:
#0 {main}
  thrown in /home/edep2025/public_html/actions/telegram_webhook.php on line 34
[10-Sep-2025 07:43:41 UTC] PHP Fatal error:  Uncaught Error: Call to undefined function downloadTelegramFile() in /home/edep2025/public_html/actions/telegram_webhook.php:77
Stack trace:
#0 {main}
  thrown in /home/edep2025/public_html/actions/telegram_webhook.php on line 77
[10-Sep-2025 07:44:45 UTC] PHP Fatal error:  Uncaught Error: Call to undefined function downloadTelegramFile() in /home/edep2025/public_html/actions/telegram_webhook.php:77
Stack trace:
#0 {main}
  thrown in /home/edep2025/public_html/actions/telegram_webhook.php on line 77
[10-Sep-2025 07:44:56 UTC] PHP Fatal error:  Uncaught Error: Call to a member function bind_param() on bool in /home/edep2025/public_html/actions/telegram_webhook.php:34
Stack trace:
#0 {main}
  thrown in /home/edep2025/public_html/actions/telegram_webhook.php on line 34
[10-Sep-2025 07:46:34 UTC] PHP Fatal error:  Uncaught Error: Call to undefined function downloadTelegramFile() in /home/edep2025/public_html/actions/telegram_webhook.php:77
Stack trace:
#0 {main}
  thrown in /home/edep2025/public_html/actions/telegram_webhook.php on line 77
[10-Sep-2025 07:46:41 UTC] PHP Fatal error:  Uncaught Error: Call to a member function bind_param() on bool in /home/edep2025/public_html/actions/telegram_webhook.php:34
Stack trace:
#0 {main}
  thrown in /home/edep2025/public_html/actions/telegram_webhook.php on line 34
[10-Sep-2025 07:48:21 UTC] PHP Fatal error:  Uncaught Error: Call to a member function bind_param() on bool in /home/edep2025/public_html/actions/telegram_webhook.php:34
Stack trace:
#0 {main}
  thrown in /home/edep2025/public_html/actions/telegram_webhook.php on line 34
[10-Sep-2025 07:48:26 UTC] PHP Fatal error:  Uncaught Error: Call to undefined function downloadTelegramFile() in /home/edep2025/public_html/actions/telegram_webhook.php:77
Stack trace:
#0 {main}
  thrown in /home/edep2025/public_html/actions/telegram_webhook.php on line 77
[10-Sep-2025 07:49:41 UTC] PHP Fatal error:  Uncaught Error: Call to undefined function downloadTelegramFile() in /home/edep2025/public_html/actions/telegram_webhook.php:77
Stack trace:
#0 {main}
  thrown in /home/edep2025/public_html/actions/telegram_webhook.php on line 77
[10-Sep-2025 07:49:51 UTC] PHP Fatal error:  Uncaught Error: Call to a member function bind_param() on bool in /home/edep2025/public_html/actions/telegram_webhook.php:34
Stack trace:
#0 {main}
  thrown in /home/edep2025/public_html/actions/telegram_webhook.php on line 34
[10-Sep-2025 07:51:07 UTC] PHP Fatal error:  Uncaught Error: Call to undefined function downloadTelegramFile() in /home/edep2025/public_html/actions/telegram_webhook.php:77
Stack trace:
#0 {main}
  thrown in /home/edep2025/public_html/actions/telegram_webhook.php on line 77
[10-Sep-2025 07:51:15 UTC] PHP Fatal error:  Uncaught Error: Call to a member function bind_param() on bool in /home/edep2025/public_html/actions/telegram_webhook.php:34
Stack trace:
#0 {main}
  thrown in /home/edep2025/public_html/actions/telegram_webhook.php on line 34
[10-Sep-2025 07:52:28 UTC] PHP Fatal error:  Uncaught Error: Call to undefined function downloadTelegramFile() in /home/edep2025/public_html/actions/telegram_webhook.php:77
Stack trace:
#0 {main}
  thrown in /home/edep2025/public_html/actions/telegram_webhook.php on line 77
[10-Sep-2025 07:53:13 UTC] PHP Fatal error:  Uncaught Error: Call to a member function bind_param() on bool in /home/edep2025/public_html/actions/telegram_webhook.php:34
Stack trace:
#0 {main}
  thrown in /home/edep2025/public_html/actions/telegram_webhook.php on line 34
[10-Sep-2025 07:54:27 UTC] PHP Fatal error:  Uncaught Error: Call to undefined function downloadTelegramFile() in /home/edep2025/public_html/actions/telegram_webhook.php:77
Stack trace:
#0 {main}
  thrown in /home/edep2025/public_html/actions/telegram_webhook.php on line 77
[10-Sep-2025 07:54:54 UTC] PHP Fatal error:  Uncaught Error: Call to a member function bind_param() on bool in /home/edep2025/public_html/actions/telegram_webhook.php:34
Stack trace:
#0 {main}
  thrown in /home/edep2025/public_html/actions/telegram_webhook.php on line 34
[10-Sep-2025 07:56:07 UTC] PHP Fatal error:  Uncaught Error: Call to undefined function downloadTelegramFile() in /home/edep2025/public_html/actions/telegram_webhook.php:77
Stack trace:
#0 {main}
  thrown in /home/edep2025/public_html/actions/telegram_webhook.php on line 77
[10-Sep-2025 07:56:10 UTC] PHP Fatal error:  Uncaught Error: Call to a member function bind_param() on bool in /home/edep2025/public_html/actions/telegram_webhook.php:34
Stack trace:
#0 {main}
  thrown in /home/edep2025/public_html/actions/telegram_webhook.php on line 34
[10-Sep-2025 07:57:28 UTC] PHP Fatal error:  Uncaught Error: Call to undefined function downloadTelegramFile() in /home/edep2025/public_html/actions/telegram_webhook.php:77
Stack trace:
#0 {main}
  thrown in /home/edep2025/public_html/actions/telegram_webhook.php on line 77
[10-Sep-2025 07:58:05 UTC] PHP Fatal error:  Uncaught Error: Call to a member function bind_param() on bool in /home/edep2025/public_html/actions/telegram_webhook.php:34
Stack trace:
#0 {main}
  thrown in /home/edep2025/public_html/actions/telegram_webhook.php on line 34
[10-Sep-2025 07:58:44 UTC] PHP Fatal error:  Uncaught Error: Call to undefined function downloadTelegramFile() in /home/edep2025/public_html/actions/telegram_webhook.php:77
Stack trace:
#0 {main}
  thrown in /home/edep2025/public_html/actions/telegram_webhook.php on line 77
[10-Sep-2025 07:59:12 UTC] PHP Fatal error:  Uncaught Error: Call to a member function bind_param() on bool in /home/edep2025/public_html/actions/telegram_webhook.php:34
Stack trace:
#0 {main}
  thrown in /home/edep2025/public_html/actions/telegram_webhook.php on line 34
[10-Sep-2025 08:00:18 UTC] PHP Fatal error:  Uncaught Error: Call to undefined function downloadTelegramFile() in /home/edep2025/public_html/actions/telegram_webhook.php:77
Stack trace:
#0 {main}
  thrown in /home/edep2025/public_html/actions/telegram_webhook.php on line 77
[10-Sep-2025 08:00:59 UTC] PHP Fatal error:  Uncaught Error: Call to a member function bind_param() on bool in /home/edep2025/public_html/actions/telegram_webhook.php:34
Stack trace:
#0 {main}
  thrown in /home/edep2025/public_html/actions/telegram_webhook.php on line 34
[10-Sep-2025 08:01:52 UTC] PHP Fatal error:  Uncaught Error: Call to undefined function downloadTelegramFile() in /home/edep2025/public_html/actions/telegram_webhook.php:77
Stack trace:
#0 {main}
  thrown in /home/edep2025/public_html/actions/telegram_webhook.php on line 77
[10-Sep-2025 08:02:43 UTC] PHP Fatal error:  Uncaught Error: Call to a member function bind_param() on bool in /home/edep2025/public_html/actions/telegram_webhook.php:34
Stack trace:
#0 {main}
  thrown in /home/edep2025/public_html/actions/telegram_webhook.php on line 34
[10-Sep-2025 08:03:03 UTC] PHP Fatal error:  Uncaught Error: Call to undefined function downloadTelegramFile() in /home/edep2025/public_html/actions/telegram_webhook.php:77
Stack trace:
#0 {main}
  thrown in /home/edep2025/public_html/actions/telegram_webhook.php on line 77
[10-Sep-2025 08:04:28 UTC] PHP Fatal error:  Uncaught Error: Call to undefined function downloadTelegramFile() in /home/edep2025/public_html/actions/telegram_webhook.php:77
Stack trace:
#0 {main}
  thrown in /home/edep2025/public_html/actions/telegram_webhook.php on line 77
[10-Sep-2025 08:04:33 UTC] PHP Fatal error:  Uncaught Error: Call to a member function bind_param() on bool in /home/edep2025/public_html/actions/telegram_webhook.php:34
Stack trace:
#0 {main}
  thrown in /home/edep2025/public_html/actions/telegram_webhook.php on line 34
[10-Sep-2025 08:05:41 UTC] PHP Fatal error:  Uncaught Error: Call to a member function bind_param() on bool in /home/edep2025/public_html/actions/telegram_webhook.php:34
Stack trace:
#0 {main}
  thrown in /home/edep2025/public_html/actions/telegram_webhook.php on line 34
[10-Sep-2025 08:06:07 UTC] PHP Fatal error:  Uncaught Error: Call to undefined function downloadTelegramFile() in /home/edep2025/public_html/actions/telegram_webhook.php:77
Stack trace:
#0 {main}
  thrown in /home/edep2025/public_html/actions/telegram_webhook.php on line 77
[10-Sep-2025 08:07:03 UTC] PHP Fatal error:  Uncaught Error: Call to a member function bind_param() on bool in /home/edep2025/public_html/actions/telegram_webhook.php:34
Stack trace:
#0 {main}
  thrown in /home/edep2025/public_html/actions/telegram_webhook.php on line 34
[10-Sep-2025 08:07:47 UTC] PHP Fatal error:  Uncaught Error: Call to undefined function downloadTelegramFile() in /home/edep2025/public_html/actions/telegram_webhook.php:77
Stack trace:
#0 {main}
  thrown in /home/edep2025/public_html/actions/telegram_webhook.php on line 77
[10-Sep-2025 08:08:53 UTC] PHP Fatal error:  Uncaught Error: Call to a member function bind_param() on bool in /home/edep2025/public_html/actions/telegram_webhook.php:34
Stack trace:
#0 {main}
  thrown in /home/edep2025/public_html/actions/telegram_webhook.php on line 34
[10-Sep-2025 08:09:15 UTC] PHP Fatal error:  Uncaught Error: Call to undefined function downloadTelegramFile() in /home/edep2025/public_html/actions/telegram_webhook.php:77
Stack trace:
#0 {main}
  thrown in /home/edep2025/public_html/actions/telegram_webhook.php on line 77
[10-Sep-2025 08:09:58 UTC] PHP Fatal error:  Uncaught Error: Call to a member function bind_param() on bool in /home/edep2025/public_html/actions/telegram_webhook.php:34
Stack trace:
#0 {main}
  thrown in /home/edep2025/public_html/actions/telegram_webhook.php on line 34
[10-Sep-2025 08:11:04 UTC] PHP Fatal error:  Uncaught Error: Call to a member function bind_param() on bool in /home/edep2025/public_html/actions/telegram_webhook.php:34
Stack trace:
#0 {main}
  thrown in /home/edep2025/public_html/actions/telegram_webhook.php on line 34
[10-Sep-2025 08:11:06 UTC] PHP Fatal error:  Uncaught Error: Call to undefined function downloadTelegramFile() in /home/edep2025/public_html/actions/telegram_webhook.php:77
Stack trace:
#0 {main}
  thrown in /home/edep2025/public_html/actions/telegram_webhook.php on line 77
[10-Sep-2025 08:12:22 UTC] PHP Fatal error:  Uncaught Error: Call to undefined function downloadTelegramFile() in /home/edep2025/public_html/actions/telegram_webhook.php:77
Stack trace:
#0 {main}
  thrown in /home/edep2025/public_html/actions/telegram_webhook.php on line 77
[10-Sep-2025 08:12:36 UTC] PHP Fatal error:  Uncaught Error: Call to a member function bind_param() on bool in /home/edep2025/public_html/actions/telegram_webhook.php:34
Stack trace:
#0 {main}
  thrown in /home/edep2025/public_html/actions/telegram_webhook.php on line 34
[10-Sep-2025 08:13:22 UTC] PHP Fatal error:  Uncaught Error: Call to undefined function downloadTelegramFile() in /home/edep2025/public_html/actions/telegram_webhook.php:77
Stack trace:
#0 {main}
  thrown in /home/edep2025/public_html/actions/telegram_webhook.php on line 77
[10-Sep-2025 08:13:45 UTC] PHP Fatal error:  Uncaught Error: Call to a member function bind_param() on bool in /home/edep2025/public_html/actions/telegram_webhook.php:34
Stack trace:
#0 {main}
  thrown in /home/edep2025/public_html/actions/telegram_webhook.php on line 34
[10-Sep-2025 08:15:04 UTC] PHP Fatal error:  Uncaught Error: Call to undefined function downloadTelegramFile() in /home/edep2025/public_html/actions/telegram_webhook.php:77
Stack trace:
#0 {main}
  thrown in /home/edep2025/public_html/actions/telegram_webhook.php on line 77
[10-Sep-2025 08:15:35 UTC] PHP Fatal error:  Uncaught Error: Call to a member function bind_param() on bool in /home/edep2025/public_html/actions/telegram_webhook.php:34
Stack trace:
#0 {main}
  thrown in /home/edep2025/public_html/actions/telegram_webhook.php on line 34
[10-Sep-2025 08:16:33 UTC] PHP Fatal error:  Uncaught Error: Call to undefined function downloadTelegramFile() in /home/edep2025/public_html/actions/telegram_webhook.php:77
Stack trace:
#0 {main}
  thrown in /home/edep2025/public_html/actions/telegram_webhook.php on line 77
[10-Sep-2025 08:17:17 UTC] PHP Fatal error:  Uncaught Error: Call to a member function bind_param() on bool in /home/edep2025/public_html/actions/telegram_webhook.php:34
Stack trace:
#0 {main}
  thrown in /home/edep2025/public_html/actions/telegram_webhook.php on line 34
[10-Sep-2025 08:17:42 UTC] PHP Fatal error:  Uncaught Error: Call to undefined function downloadTelegramFile() in /home/edep2025/public_html/actions/telegram_webhook.php:77
Stack trace:
#0 {main}
  thrown in /home/edep2025/public_html/actions/telegram_webhook.php on line 77
[10-Sep-2025 08:18:55 UTC] PHP Fatal error:  Uncaught Error: Call to undefined function downloadTelegramFile() in /home/edep2025/public_html/actions/telegram_webhook.php:77
Stack trace:
#0 {main}
  thrown in /home/edep2025/public_html/actions/telegram_webhook.php on line 77
[10-Sep-2025 08:19:13 UTC] PHP Fatal error:  Uncaught Error: Call to a member function bind_param() on bool in /home/edep2025/public_html/actions/telegram_webhook.php:34
Stack trace:
#0 {main}
  thrown in /home/edep2025/public_html/actions/telegram_webhook.php on line 34
[10-Sep-2025 08:20:14 UTC] PHP Fatal error:  Uncaught Error: Call to undefined function downloadTelegramFile() in /home/edep2025/public_html/actions/telegram_webhook.php:77
Stack trace:
#0 {main}
  thrown in /home/edep2025/public_html/actions/telegram_webhook.php on line 77
[10-Sep-2025 08:21:12 UTC] PHP Fatal error:  Uncaught Error: Call to a member function bind_param() on bool in /home/edep2025/public_html/actions/telegram_webhook.php:34
Stack trace:
#0 {main}
  thrown in /home/edep2025/public_html/actions/telegram_webhook.php on line 34
[10-Sep-2025 08:22:13 UTC] PHP Fatal error:  Uncaught Error: Call to undefined function downloadTelegramFile() in /home/edep2025/public_html/actions/telegram_webhook.php:77
Stack trace:
#0 {main}
  thrown in /home/edep2025/public_html/actions/telegram_webhook.php on line 77
[10-Sep-2025 08:23:06 UTC] PHP Fatal error:  Uncaught Error: Call to a member function bind_param() on bool in /home/edep2025/public_html/actions/telegram_webhook.php:34
Stack trace:
#0 {main}
  thrown in /home/edep2025/public_html/actions/telegram_webhook.php on line 34
[10-Sep-2025 08:24:02 UTC] PHP Fatal error:  Uncaught Error: Call to undefined function downloadTelegramFile() in /home/edep2025/public_html/actions/telegram_webhook.php:77
Stack trace:
#0 {main}
  thrown in /home/edep2025/public_html/actions/telegram_webhook.php on line 77
[10-Sep-2025 08:24:40 UTC] PHP Fatal error:  Uncaught Error: Call to a member function bind_param() on bool in /home/edep2025/public_html/actions/telegram_webhook.php:34
Stack trace:
#0 {main}
  thrown in /home/edep2025/public_html/actions/telegram_webhook.php on line 34
[10-Sep-2025 08:25:47 UTC] PHP Fatal error:  Uncaught Error: Call to a member function bind_param() on bool in /home/edep2025/public_html/actions/telegram_webhook.php:34
Stack trace:
#0 {main}
  thrown in /home/edep2025/public_html/actions/telegram_webhook.php on line 34
[10-Sep-2025 08:25:56 UTC] PHP Fatal error:  Uncaught Error: Call to undefined function downloadTelegramFile() in /home/edep2025/public_html/actions/telegram_webhook.php:77
Stack trace:
#0 {main}
  thrown in /home/edep2025/public_html/actions/telegram_webhook.php on line 77
[10-Sep-2025 08:27:25 UTC] PHP Fatal error:  Uncaught Error: Call to undefined function downloadTelegramFile() in /home/edep2025/public_html/actions/telegram_webhook.php:77
Stack trace:
#0 {main}
  thrown in /home/edep2025/public_html/actions/telegram_webhook.php on line 77
[10-Sep-2025 08:27:29 UTC] PHP Fatal error:  Uncaught Error: Call to a member function bind_param() on bool in /home/edep2025/public_html/actions/telegram_webhook.php:34
Stack trace:
#0 {main}
  thrown in /home/edep2025/public_html/actions/telegram_webhook.php on line 34
[10-Sep-2025 08:28:44 UTC] PHP Fatal error:  Uncaught Error: Call to a member function bind_param() on bool in /home/edep2025/public_html/actions/telegram_webhook.php:34
Stack trace:
#0 {main}
  thrown in /home/edep2025/public_html/actions/telegram_webhook.php on line 34
[10-Sep-2025 08:28:56 UTC] PHP Fatal error:  Uncaught Error: Call to undefined function downloadTelegramFile() in /home/edep2025/public_html/actions/telegram_webhook.php:77
Stack trace:
#0 {main}
  thrown in /home/edep2025/public_html/actions/telegram_webhook.php on line 77
[10-Sep-2025 08:30:16 UTC] PHP Fatal error:  Uncaught Error: Call to a member function bind_param() on bool in /home/edep2025/public_html/actions/telegram_webhook.php:34
Stack trace:
#0 {main}
  thrown in /home/edep2025/public_html/actions/telegram_webhook.php on line 34
[10-Sep-2025 08:30:18 UTC] PHP Fatal error:  Uncaught Error: Call to undefined function downloadTelegramFile() in /home/edep2025/public_html/actions/telegram_webhook.php:77
Stack trace:
#0 {main}
  thrown in /home/edep2025/public_html/actions/telegram_webhook.php on line 77
[10-Sep-2025 08:31:45 UTC] PHP Fatal error:  Uncaught Error: Call to a member function bind_param() on bool in /home/edep2025/public_html/actions/telegram_webhook.php:34
Stack trace:
#0 {main}
  thrown in /home/edep2025/public_html/actions/telegram_webhook.php on line 34
[10-Sep-2025 08:32:12 UTC] PHP Fatal error:  Uncaught Error: Call to undefined function downloadTelegramFile() in /home/edep2025/public_html/actions/telegram_webhook.php:77
Stack trace:
#0 {main}
  thrown in /home/edep2025/public_html/actions/telegram_webhook.php on line 77
[10-Sep-2025 08:33:18 UTC] PHP Fatal error:  Uncaught Error: Call to a member function bind_param() on bool in /home/edep2025/public_html/actions/telegram_webhook.php:34
Stack trace:
#0 {main}
  thrown in /home/edep2025/public_html/actions/telegram_webhook.php on line 34
[10-Sep-2025 08:33:29 UTC] PHP Fatal error:  Uncaught Error: Call to undefined function downloadTelegramFile() in /home/edep2025/public_html/actions/telegram_webhook.php:77
Stack trace:
#0 {main}
  thrown in /home/edep2025/public_html/actions/telegram_webhook.php on line 77
[10-Sep-2025 08:34:56 UTC] PHP Fatal error:  Uncaught Error: Call to a member function bind_param() on bool in /home/edep2025/public_html/actions/telegram_webhook.php:34
Stack trace:
#0 {main}
  thrown in /home/edep2025/public_html/actions/telegram_webhook.php on line 34
[10-Sep-2025 08:34:56 UTC] PHP Fatal error:  Uncaught Error: Call to undefined function downloadTelegramFile() in /home/edep2025/public_html/actions/telegram_webhook.php:77
Stack trace:
#0 {main}
  thrown in /home/edep2025/public_html/actions/telegram_webhook.php on line 77
[10-Sep-2025 08:36:45 UTC] PHP Fatal error:  Uncaught Error: Call to a member function bind_param() on bool in /home/edep2025/public_html/actions/telegram_webhook.php:34
Stack trace:
#0 {main}
  thrown in /home/edep2025/public_html/actions/telegram_webhook.php on line 34
[10-Sep-2025 08:36:51 UTC] PHP Fatal error:  Uncaught Error: Call to undefined function downloadTelegramFile() in /home/edep2025/public_html/actions/telegram_webhook.php:77
Stack trace:
#0 {main}
  thrown in /home/edep2025/public_html/actions/telegram_webhook.php on line 77
[10-Sep-2025 08:38:14 UTC] PHP Fatal error:  Uncaught Error: Call to undefined function downloadTelegramFile() in /home/edep2025/public_html/actions/telegram_webhook.php:77
Stack trace:
#0 {main}
  thrown in /home/edep2025/public_html/actions/telegram_webhook.php on line 77
[10-Sep-2025 08:38:34 UTC] PHP Fatal error:  Uncaught Error: Call to a member function bind_param() on bool in /home/edep2025/public_html/actions/telegram_webhook.php:34
Stack trace:
#0 {main}
  thrown in /home/edep2025/public_html/actions/telegram_webhook.php on line 34
[10-Sep-2025 08:39:38 UTC] PHP Fatal error:  Uncaught Error: Call to a member function bind_param() on bool in /home/edep2025/public_html/actions/telegram_webhook.php:34
Stack trace:
#0 {main}
  thrown in /home/edep2025/public_html/actions/telegram_webhook.php on line 34
[10-Sep-2025 08:39:52 UTC] PHP Fatal error:  Uncaught Error: Call to undefined function downloadTelegramFile() in /home/edep2025/public_html/actions/telegram_webhook.php:77
Stack trace:
#0 {main}
  thrown in /home/edep2025/public_html/actions/telegram_webhook.php on line 77
[10-Sep-2025 08:41:30 UTC] PHP Fatal error:  Uncaught Error: Call to undefined function downloadTelegramFile() in /home/edep2025/public_html/actions/telegram_webhook.php:77
Stack trace:
#0 {main}
  thrown in /home/edep2025/public_html/actions/telegram_webhook.php on line 77
[10-Sep-2025 08:41:37 UTC] PHP Fatal error:  Uncaught Error: Call to a member function bind_param() on bool in /home/edep2025/public_html/actions/telegram_webhook.php:34
Stack trace:
#0 {main}
  thrown in /home/edep2025/public_html/actions/telegram_webhook.php on line 34
[10-Sep-2025 08:43:15 UTC] PHP Fatal error:  Uncaught Error: Call to a member function bind_param() on bool in /home/edep2025/public_html/actions/telegram_webhook.php:34
Stack trace:
#0 {main}
  thrown in /home/edep2025/public_html/actions/telegram_webhook.php on line 34
[10-Sep-2025 08:43:21 UTC] PHP Fatal error:  Uncaught Error: Call to undefined function downloadTelegramFile() in /home/edep2025/public_html/actions/telegram_webhook.php:77
Stack trace:
#0 {main}
  thrown in /home/edep2025/public_html/actions/telegram_webhook.php on line 77
[10-Sep-2025 08:44:59 UTC] PHP Fatal error:  Uncaught Error: Call to undefined function downloadTelegramFile() in /home/edep2025/public_html/actions/telegram_webhook.php:77
Stack trace:
#0 {main}
  thrown in /home/edep2025/public_html/actions/telegram_webhook.php on line 77
[10-Sep-2025 08:45:12 UTC] PHP Fatal error:  Uncaught Error: Call to a member function bind_param() on bool in /home/edep2025/public_html/actions/telegram_webhook.php:34
Stack trace:
#0 {main}
  thrown in /home/edep2025/public_html/actions/telegram_webhook.php on line 34
[10-Sep-2025 08:46:38 UTC] PHP Fatal error:  Uncaught Error: Call to a member function bind_param() on bool in /home/edep2025/public_html/actions/telegram_webhook.php:34
Stack trace:
#0 {main}
  thrown in /home/edep2025/public_html/actions/telegram_webhook.php on line 34
[10-Sep-2025 08:46:49 UTC] PHP Fatal error:  Uncaught Error: Call to undefined function downloadTelegramFile() in /home/edep2025/public_html/actions/telegram_webhook.php:77
Stack trace:
#0 {main}
  thrown in /home/edep2025/public_html/actions/telegram_webhook.php on line 77
[10-Sep-2025 08:48:02 UTC] PHP Fatal error:  Uncaught Error: Call to a member function bind_param() on bool in /home/edep2025/public_html/actions/telegram_webhook.php:34
Stack trace:
#0 {main}
  thrown in /home/edep2025/public_html/actions/telegram_webhook.php on line 34
[10-Sep-2025 08:48:33 UTC] PHP Fatal error:  Uncaught Error: Call to undefined function downloadTelegramFile() in /home/edep2025/public_html/actions/telegram_webhook.php:77
Stack trace:
#0 {main}
  thrown in /home/edep2025/public_html/actions/telegram_webhook.php on line 77
[10-Sep-2025 08:49:45 UTC] PHP Fatal error:  Uncaught Error: Call to undefined function downloadTelegramFile() in /home/edep2025/public_html/actions/telegram_webhook.php:77
Stack trace:
#0 {main}
  thrown in /home/edep2025/public_html/actions/telegram_webhook.php on line 77
[10-Sep-2025 08:50:01 UTC] PHP Fatal error:  Uncaught Error: Call to a member function bind_param() on bool in /home/edep2025/public_html/actions/telegram_webhook.php:34
Stack trace:
#0 {main}
  thrown in /home/edep2025/public_html/actions/telegram_webhook.php on line 34
[10-Sep-2025 08:51:28 UTC] PHP Fatal error:  Uncaught Error: Call to undefined function downloadTelegramFile() in /home/edep2025/public_html/actions/telegram_webhook.php:77
Stack trace:
#0 {main}
  thrown in /home/edep2025/public_html/actions/telegram_webhook.php on line 77
[10-Sep-2025 08:51:52 UTC] PHP Fatal error:  Uncaught Error: Call to a member function bind_param() on bool in /home/edep2025/public_html/actions/telegram_webhook.php:34
Stack trace:
#0 {main}
  thrown in /home/edep2025/public_html/actions/telegram_webhook.php on line 34
[10-Sep-2025 08:52:46 UTC] PHP Fatal error:  Uncaught Error: Call to undefined function downloadTelegramFile() in /home/edep2025/public_html/actions/telegram_webhook.php:77
Stack trace:
#0 {main}
  thrown in /home/edep2025/public_html/actions/telegram_webhook.php on line 77
[10-Sep-2025 08:53:48 UTC] PHP Fatal error:  Uncaught Error: Call to undefined function downloadTelegramFile() in /home/edep2025/public_html/actions/telegram_webhook.php:77
Stack trace:
#0 {main}
  thrown in /home/edep2025/public_html/actions/telegram_webhook.php on line 77
[10-Sep-2025 08:54:05 UTC] PHP Fatal error:  Uncaught Error: Call to a member function bind_param() on bool in /home/edep2025/public_html/actions/telegram_webhook.php:34
Stack trace:
#0 {main}
  thrown in /home/edep2025/public_html/actions/telegram_webhook.php on line 34
[10-Sep-2025 08:55:10 UTC] PHP Fatal error:  Uncaught Error: Call to undefined function downloadTelegramFile() in /home/edep2025/public_html/actions/telegram_webhook.php:77
Stack trace:
#0 {main}
  thrown in /home/edep2025/public_html/actions/telegram_webhook.php on line 77
[10-Sep-2025 08:55:58 UTC] PHP Fatal error:  Uncaught Error: Call to a member function bind_param() on bool in /home/edep2025/public_html/actions/telegram_webhook.php:34
Stack trace:
#0 {main}
  thrown in /home/edep2025/public_html/actions/telegram_webhook.php on line 34
[10-Sep-2025 08:56:45 UTC] PHP Fatal error:  Uncaught Error: Call to undefined function downloadTelegramFile() in /home/edep2025/public_html/actions/telegram_webhook.php:77
Stack trace:
#0 {main}
  thrown in /home/edep2025/public_html/actions/telegram_webhook.php on line 77
[10-Sep-2025 08:57:13 UTC] PHP Fatal error:  Uncaught Error: Call to a member function bind_param() on bool in /home/edep2025/public_html/actions/telegram_webhook.php:34
Stack trace:
#0 {main}
  thrown in /home/edep2025/public_html/actions/telegram_webhook.php on line 34
[10-Sep-2025 08:58:06 UTC] PHP Fatal error:  Uncaught Error: Call to undefined function downloadTelegramFile() in /home/edep2025/public_html/actions/telegram_webhook.php:77
Stack trace:
#0 {main}
  thrown in /home/edep2025/public_html/actions/telegram_webhook.php on line 77
[10-Sep-2025 08:58:35 UTC] PHP Fatal error:  Uncaught Error: Call to a member function bind_param() on bool in /home/edep2025/public_html/actions/telegram_webhook.php:34
Stack trace:
#0 {main}
  thrown in /home/edep2025/public_html/actions/telegram_webhook.php on line 34
[10-Sep-2025 08:59:21 UTC] PHP Fatal error:  Uncaught Error: Call to undefined function downloadTelegramFile() in /home/edep2025/public_html/actions/telegram_webhook.php:77
Stack trace:
#0 {main}
  thrown in /home/edep2025/public_html/actions/telegram_webhook.php on line 77
[10-Sep-2025 09:00:13 UTC] PHP Fatal error:  Uncaught Error: Call to a member function bind_param() on bool in /home/edep2025/public_html/actions/telegram_webhook.php:34
Stack trace:
#0 {main}
  thrown in /home/edep2025/public_html/actions/telegram_webhook.php on line 34
[10-Sep-2025 09:00:48 UTC] PHP Fatal error:  Uncaught Error: Call to undefined function downloadTelegramFile() in /home/edep2025/public_html/actions/telegram_webhook.php:77
Stack trace:
#0 {main}
  thrown in /home/edep2025/public_html/actions/telegram_webhook.php on line 77
[10-Sep-2025 09:01:16 UTC] PHP Fatal error:  Uncaught Error: Call to a member function bind_param() on bool in /home/edep2025/public_html/actions/telegram_webhook.php:34
Stack trace:
#0 {main}
  thrown in /home/edep2025/public_html/actions/telegram_webhook.php on line 34
[10-Sep-2025 09:02:24 UTC] PHP Fatal error:  Uncaught Error: Call to a member function bind_param() on bool in /home/edep2025/public_html/actions/telegram_webhook.php:34
Stack trace:
#0 {main}
  thrown in /home/edep2025/public_html/actions/telegram_webhook.php on line 34
[10-Sep-2025 09:02:40 UTC] PHP Fatal error:  Uncaught Error: Call to undefined function downloadTelegramFile() in /home/edep2025/public_html/actions/telegram_webhook.php:77
Stack trace:
#0 {main}
  thrown in /home/edep2025/public_html/actions/telegram_webhook.php on line 77
[10-Sep-2025 09:04:09 UTC] PHP Fatal error:  Uncaught Error: Call to a member function bind_param() on bool in /home/edep2025/public_html/actions/telegram_webhook.php:34
Stack trace:
#0 {main}
  thrown in /home/edep2025/public_html/actions/telegram_webhook.php on line 34
[10-Sep-2025 09:04:30 UTC] PHP Fatal error:  Uncaught Error: Call to undefined function downloadTelegramFile() in /home/edep2025/public_html/actions/telegram_webhook.php:77
Stack trace:
#0 {main}
  thrown in /home/edep2025/public_html/actions/telegram_webhook.php on line 77
[10-Sep-2025 09:05:49 UTC] PHP Fatal error:  Uncaught Error: Call to a member function bind_param() on bool in /home/edep2025/public_html/actions/telegram_webhook.php:34
Stack trace:
#0 {main}
  thrown in /home/edep2025/public_html/actions/telegram_webhook.php on line 34
[10-Sep-2025 09:05:55 UTC] PHP Fatal error:  Uncaught Error: Call to undefined function downloadTelegramFile() in /home/edep2025/public_html/actions/telegram_webhook.php:77
Stack trace:
#0 {main}
  thrown in /home/edep2025/public_html/actions/telegram_webhook.php on line 77
[10-Sep-2025 09:07:29 UTC] PHP Fatal error:  Uncaught Error: Call to a member function bind_param() on bool in /home/edep2025/public_html/actions/telegram_webhook.php:34
Stack trace:
#0 {main}
  thrown in /home/edep2025/public_html/actions/telegram_webhook.php on line 34
[10-Sep-2025 09:07:48 UTC] PHP Fatal error:  Uncaught Error: Call to undefined function downloadTelegramFile() in /home/edep2025/public_html/actions/telegram_webhook.php:77
Stack trace:
#0 {main}
  thrown in /home/edep2025/public_html/actions/telegram_webhook.php on line 77
[10-Sep-2025 09:08:55 UTC] PHP Fatal error:  Uncaught Error: Call to a member function bind_param() on bool in /home/edep2025/public_html/actions/telegram_webhook.php:34
Stack trace:
#0 {main}
  thrown in /home/edep2025/public_html/actions/telegram_webhook.php on line 34
[10-Sep-2025 09:08:58 UTC] PHP Fatal error:  Uncaught Error: Call to undefined function downloadTelegramFile() in /home/edep2025/public_html/actions/telegram_webhook.php:77
Stack trace:
#0 {main}
  thrown in /home/edep2025/public_html/actions/telegram_webhook.php on line 77
[10-Sep-2025 09:10:06 UTC] PHP Fatal error:  Uncaught Error: Call to a member function bind_param() on bool in /home/edep2025/public_html/actions/telegram_webhook.php:34
Stack trace:
#0 {main}
  thrown in /home/edep2025/public_html/actions/telegram_webhook.php on line 34
[10-Sep-2025 09:10:09 UTC] PHP Fatal error:  Uncaught Error: Call to undefined function downloadTelegramFile() in /home/edep2025/public_html/actions/telegram_webhook.php:77
Stack trace:
#0 {main}
  thrown in /home/edep2025/public_html/actions/telegram_webhook.php on line 77
[10-Sep-2025 09:11:19 UTC] PHP Fatal error:  Uncaught Error: Call to a member function bind_param() on bool in /home/edep2025/public_html/actions/telegram_webhook.php:34
Stack trace:
#0 {main}
  thrown in /home/edep2025/public_html/actions/telegram_webhook.php on line 34
[10-Sep-2025 09:11:48 UTC] PHP Fatal error:  Uncaught Error: Call to undefined function downloadTelegramFile() in /home/edep2025/public_html/actions/telegram_webhook.php:77
Stack trace:
#0 {main}
  thrown in /home/edep2025/public_html/actions/telegram_webhook.php on line 77
[10-Sep-2025 09:12:20 UTC] PHP Fatal error:  Uncaught Error: Call to a member function bind_param() on bool in /home/edep2025/public_html/actions/telegram_webhook.php:34
Stack trace:
#0 {main}
  thrown in /home/edep2025/public_html/actions/telegram_webhook.php on line 34
[10-Sep-2025 09:12:48 UTC] PHP Fatal error:  Uncaught Error: Call to undefined function downloadTelegramFile() in /home/edep2025/public_html/actions/telegram_webhook.php:77
Stack trace:
#0 {main}
  thrown in /home/edep2025/public_html/actions/telegram_webhook.php on line 77
[10-Sep-2025 09:13:54 UTC] PHP Fatal error:  Uncaught Error: Call to a member function bind_param() on bool in /home/edep2025/public_html/actions/telegram_webhook.php:34
Stack trace:
#0 {main}
  thrown in /home/edep2025/public_html/actions/telegram_webhook.php on line 34
[10-Sep-2025 09:14:47 UTC] PHP Fatal error:  Uncaught Error: Call to undefined function downloadTelegramFile() in /home/edep2025/public_html/actions/telegram_webhook.php:77
Stack trace:
#0 {main}
  thrown in /home/edep2025/public_html/actions/telegram_webhook.php on line 77
[10-Sep-2025 09:15:32 UTC] PHP Fatal error:  Uncaught Error: Call to a member function bind_param() on bool in /home/edep2025/public_html/actions/telegram_webhook.php:34
Stack trace:
#0 {main}
  thrown in /home/edep2025/public_html/actions/telegram_webhook.php on line 34
[10-Sep-2025 09:16:23 UTC] PHP Fatal error:  Uncaught Error: Call to undefined function downloadTelegramFile() in /home/edep2025/public_html/actions/telegram_webhook.php:77
Stack trace:
#0 {main}
  thrown in /home/edep2025/public_html/actions/telegram_webhook.php on line 77
[10-Sep-2025 09:17:01 UTC] PHP Fatal error:  Uncaught Error: Call to a member function bind_param() on bool in /home/edep2025/public_html/actions/telegram_webhook.php:34
Stack trace:
#0 {main}
  thrown in /home/edep2025/public_html/actions/telegram_webhook.php on line 34
[10-Sep-2025 09:18:17 UTC] PHP Fatal error:  Uncaught Error: Call to a member function bind_param() on bool in /home/edep2025/public_html/actions/telegram_webhook.php:34
Stack trace:
#0 {main}
  thrown in /home/edep2025/public_html/actions/telegram_webhook.php on line 34
[10-Sep-2025 09:18:17 UTC] PHP Fatal error:  Uncaught Error: Call to undefined function downloadTelegramFile() in /home/edep2025/public_html/actions/telegram_webhook.php:77
Stack trace:
#0 {main}
  thrown in /home/edep2025/public_html/actions/telegram_webhook.php on line 77
[10-Sep-2025 09:19:27 UTC] PHP Fatal error:  Uncaught Error: Call to undefined function downloadTelegramFile() in /home/edep2025/public_html/actions/telegram_webhook.php:77
Stack trace:
#0 {main}
  thrown in /home/edep2025/public_html/actions/telegram_webhook.php on line 77
[10-Sep-2025 09:19:51 UTC] PHP Fatal error:  Uncaught Error: Call to a member function bind_param() on bool in /home/edep2025/public_html/actions/telegram_webhook.php:34
Stack trace:
#0 {main}
  thrown in /home/edep2025/public_html/actions/telegram_webhook.php on line 34
[10-Sep-2025 09:20:51 UTC] PHP Fatal error:  Uncaught Error: Call to undefined function downloadTelegramFile() in /home/edep2025/public_html/actions/telegram_webhook.php:77
Stack trace:
#0 {main}
  thrown in /home/edep2025/public_html/actions/telegram_webhook.php on line 77
[10-Sep-2025 09:21:42 UTC] PHP Fatal error:  Uncaught Error: Call to a member function bind_param() on bool in /home/edep2025/public_html/actions/telegram_webhook.php:34
Stack trace:
#0 {main}
  thrown in /home/edep2025/public_html/actions/telegram_webhook.php on line 34
[10-Sep-2025 09:22:37 UTC] PHP Fatal error:  Uncaught Error: Call to undefined function downloadTelegramFile() in /home/edep2025/public_html/actions/telegram_webhook.php:77
Stack trace:
#0 {main}
  thrown in /home/edep2025/public_html/actions/telegram_webhook.php on line 77
[10-Sep-2025 09:22:51 UTC] PHP Fatal error:  Uncaught Error: Call to a member function bind_param() on bool in /home/edep2025/public_html/actions/telegram_webhook.php:34
Stack trace:
#0 {main}
  thrown in /home/edep2025/public_html/actions/telegram_webhook.php on line 34
[10-Sep-2025 09:24:16 UTC] PHP Fatal error:  Uncaught Error: Call to undefined function downloadTelegramFile() in /home/edep2025/public_html/actions/telegram_webhook.php:77
Stack trace:
#0 {main}
  thrown in /home/edep2025/public_html/actions/telegram_webhook.php on line 77
[10-Sep-2025 09:24:28 UTC] PHP Fatal error:  Uncaught Error: Call to a member function bind_param() on bool in /home/edep2025/public_html/actions/telegram_webhook.php:34
Stack trace:
#0 {main}
  thrown in /home/edep2025/public_html/actions/telegram_webhook.php on line 34
[10-Sep-2025 09:25:55 UTC] PHP Fatal error:  Uncaught Error: Call to undefined function downloadTelegramFile() in /home/edep2025/public_html/actions/telegram_webhook.php:77
Stack trace:
#0 {main}
  thrown in /home/edep2025/public_html/actions/telegram_webhook.php on line 77
[10-Sep-2025 09:25:56 UTC] PHP Fatal error:  Uncaught Error: Call to a member function bind_param() on bool in /home/edep2025/public_html/actions/telegram_webhook.php:34
Stack trace:
#0 {main}
  thrown in /home/edep2025/public_html/actions/telegram_webhook.php on line 34
[10-Sep-2025 09:26:59 UTC] PHP Fatal error:  Uncaught Error: Call to undefined function downloadTelegramFile() in /home/edep2025/public_html/actions/telegram_webhook.php:77
Stack trace:
#0 {main}
  thrown in /home/edep2025/public_html/actions/telegram_webhook.php on line 77
[10-Sep-2025 09:27:54 UTC] PHP Fatal error:  Uncaught Error: Call to a member function bind_param() on bool in /home/edep2025/public_html/actions/telegram_webhook.php:34
Stack trace:
#0 {main}
  thrown in /home/edep2025/public_html/actions/telegram_webhook.php on line 34
[10-Sep-2025 09:28:51 UTC] PHP Fatal error:  Uncaught Error: Call to undefined function downloadTelegramFile() in /home/edep2025/public_html/actions/telegram_webhook.php:77
Stack trace:
#0 {main}
  thrown in /home/edep2025/public_html/actions/telegram_webhook.php on line 77
[10-Sep-2025 09:29:35 UTC] PHP Fatal error:  Uncaught Error: Call to a member function bind_param() on bool in /home/edep2025/public_html/actions/telegram_webhook.php:34
Stack trace:
#0 {main}
  thrown in /home/edep2025/public_html/actions/telegram_webhook.php on line 34
[10-Sep-2025 09:30:20 UTC] PHP Fatal error:  Uncaught Error: Call to undefined function downloadTelegramFile() in /home/edep2025/public_html/actions/telegram_webhook.php:77
Stack trace:
#0 {main}
  thrown in /home/edep2025/public_html/actions/telegram_webhook.php on line 77
[10-Sep-2025 09:30:52 UTC] PHP Fatal error:  Uncaught Error: Call to a member function bind_param() on bool in /home/edep2025/public_html/actions/telegram_webhook.php:34
Stack trace:
#0 {main}
  thrown in /home/edep2025/public_html/actions/telegram_webhook.php on line 34
[10-Sep-2025 09:31:39 UTC] PHP Fatal error:  Uncaught Error: Call to undefined function downloadTelegramFile() in /home/edep2025/public_html/actions/telegram_webhook.php:77
Stack trace:
#0 {main}
  thrown in /home/edep2025/public_html/actions/telegram_webhook.php on line 77
[10-Sep-2025 09:32:22 UTC] PHP Fatal error:  Uncaught Error: Call to a member function bind_param() on bool in /home/edep2025/public_html/actions/telegram_webhook.php:34
Stack trace:
#0 {main}
  thrown in /home/edep2025/public_html/actions/telegram_webhook.php on line 34
[10-Sep-2025 09:33:18 UTC] PHP Fatal error:  Uncaught Error: Call to undefined function downloadTelegramFile() in /home/edep2025/public_html/actions/telegram_webhook.php:77
Stack trace:
#0 {main}
  thrown in /home/edep2025/public_html/actions/telegram_webhook.php on line 77
[10-Sep-2025 09:34:13 UTC] PHP Fatal error:  Uncaught Error: Call to a member function bind_param() on bool in /home/edep2025/public_html/actions/telegram_webhook.php:34
Stack trace:
#0 {main}
  thrown in /home/edep2025/public_html/actions/telegram_webhook.php on line 34
[10-Sep-2025 09:34:24 UTC] PHP Fatal error:  Uncaught Error: Call to undefined function downloadTelegramFile() in /home/edep2025/public_html/actions/telegram_webhook.php:77
Stack trace:
#0 {main}
  thrown in /home/edep2025/public_html/actions/telegram_webhook.php on line 77
[10-Sep-2025 09:35:24 UTC] PHP Fatal error:  Uncaught Error: Call to a member function bind_param() on bool in /home/edep2025/public_html/actions/telegram_webhook.php:34
Stack trace:
#0 {main}
  thrown in /home/edep2025/public_html/actions/telegram_webhook.php on line 34
[10-Sep-2025 09:36:11 UTC] PHP Fatal error:  Uncaught Error: Call to undefined function downloadTelegramFile() in /home/edep2025/public_html/actions/telegram_webhook.php:77
Stack trace:
#0 {main}
  thrown in /home/edep2025/public_html/actions/telegram_webhook.php on line 77
[10-Sep-2025 09:36:41 UTC] PHP Fatal error:  Uncaught Error: Call to a member function bind_param() on bool in /home/edep2025/public_html/actions/telegram_webhook.php:34
Stack trace:
#0 {main}
  thrown in /home/edep2025/public_html/actions/telegram_webhook.php on line 34
[10-Sep-2025 09:37:33 UTC] PHP Fatal error:  Uncaught Error: Call to undefined function downloadTelegramFile() in /home/edep2025/public_html/actions/telegram_webhook.php:77
Stack trace:
#0 {main}
  thrown in /home/edep2025/public_html/actions/telegram_webhook.php on line 77
[10-Sep-2025 09:38:32 UTC] PHP Fatal error:  Uncaught Error: Call to a member function bind_param() on bool in /home/edep2025/public_html/actions/telegram_webhook.php:34
Stack trace:
#0 {main}
  thrown in /home/edep2025/public_html/actions/telegram_webhook.php on line 34
[10-Sep-2025 09:38:48 UTC] PHP Fatal error:  Uncaught Error: Call to undefined function downloadTelegramFile() in /home/edep2025/public_html/actions/telegram_webhook.php:77
Stack trace:
#0 {main}
  thrown in /home/edep2025/public_html/actions/telegram_webhook.php on line 77
[10-Sep-2025 09:40:25 UTC] PHP Fatal error:  Uncaught Error: Call to undefined function downloadTelegramFile() in /home/edep2025/public_html/actions/telegram_webhook.php:77
Stack trace:
#0 {main}
  thrown in /home/edep2025/public_html/actions/telegram_webhook.php on line 77
[10-Sep-2025 09:41:48 UTC] PHP Fatal error:  Uncaught Error: Call to a member function bind_param() on bool in /home/edep2025/public_html/actions/telegram_webhook.php:34
Stack trace:
#0 {main}
  thrown in /home/edep2025/public_html/actions/telegram_webhook.php on line 34
[10-Sep-2025 09:41:52 UTC] PHP Fatal error:  Uncaught Error: Call to undefined function downloadTelegramFile() in /home/edep2025/public_html/actions/telegram_webhook.php:77
Stack trace:
#0 {main}
  thrown in /home/edep2025/public_html/actions/telegram_webhook.php on line 77
[10-Sep-2025 09:43:41 UTC] PHP Fatal error:  Uncaught Error: Call to a member function bind_param() on bool in /home/edep2025/public_html/actions/telegram_webhook.php:34
Stack trace:
#0 {main}
  thrown in /home/edep2025/public_html/actions/telegram_webhook.php on line 34
[10-Sep-2025 09:43:51 UTC] PHP Fatal error:  Uncaught Error: Call to undefined function downloadTelegramFile() in /home/edep2025/public_html/actions/telegram_webhook.php:77
Stack trace:
#0 {main}
  thrown in /home/edep2025/public_html/actions/telegram_webhook.php on line 77
[10-Sep-2025 09:45:03 UTC] PHP Fatal error:  Uncaught Error: Call to undefined function downloadTelegramFile() in /home/edep2025/public_html/actions/telegram_webhook.php:77
Stack trace:
#0 {main}
  thrown in /home/edep2025/public_html/actions/telegram_webhook.php on line 77
[10-Sep-2025 09:45:17 UTC] PHP Fatal error:  Uncaught Error: Call to a member function bind_param() on bool in /home/edep2025/public_html/actions/telegram_webhook.php:34
Stack trace:
#0 {main}
  thrown in /home/edep2025/public_html/actions/telegram_webhook.php on line 34
[10-Sep-2025 09:47:03 UTC] PHP Fatal error:  Uncaught Error: Call to undefined function downloadTelegramFile() in /home/edep2025/public_html/actions/telegram_webhook.php:77
Stack trace:
#0 {main}
  thrown in /home/edep2025/public_html/actions/telegram_webhook.php on line 77
[10-Sep-2025 09:48:23 UTC] PHP Fatal error:  Uncaught Error: Call to a member function bind_param() on bool in /home/edep2025/public_html/actions/telegram_webhook.php:34
Stack trace:
#0 {main}
  thrown in /home/edep2025/public_html/actions/telegram_webhook.php on line 34
[10-Sep-2025 09:48:26 UTC] PHP Fatal error:  Uncaught Error: Call to undefined function downloadTelegramFile() in /home/edep2025/public_html/actions/telegram_webhook.php:77
Stack trace:
#0 {main}
  thrown in /home/edep2025/public_html/actions/telegram_webhook.php on line 77
[10-Sep-2025 09:49:28 UTC] PHP Fatal error:  Uncaught Error: Call to a member function bind_param() on bool in /home/edep2025/public_html/actions/telegram_webhook.php:34
Stack trace:
#0 {main}
  thrown in /home/edep2025/public_html/actions/telegram_webhook.php on line 34
[10-Sep-2025 09:50:01 UTC] PHP Fatal error:  Uncaught Error: Call to undefined function downloadTelegramFile() in /home/edep2025/public_html/actions/telegram_webhook.php:77
Stack trace:
#0 {main}
  thrown in /home/edep2025/public_html/actions/telegram_webhook.php on line 77
[10-Sep-2025 09:50:45 UTC] PHP Fatal error:  Uncaught Error: Call to a member function bind_param() on bool in /home/edep2025/public_html/actions/telegram_webhook.php:34
Stack trace:
#0 {main}
  thrown in /home/edep2025/public_html/actions/telegram_webhook.php on line 34
[10-Sep-2025 09:51:42 UTC] PHP Fatal error:  Uncaught Error: Call to undefined function downloadTelegramFile() in /home/edep2025/public_html/actions/telegram_webhook.php:77
Stack trace:
#0 {main}
  thrown in /home/edep2025/public_html/actions/telegram_webhook.php on line 77
[10-Sep-2025 09:51:53 UTC] PHP Fatal error:  Uncaught Error: Call to a member function bind_param() on bool in /home/edep2025/public_html/actions/telegram_webhook.php:34
Stack trace:
#0 {main}
  thrown in /home/edep2025/public_html/actions/telegram_webhook.php on line 34
[10-Sep-2025 09:53:08 UTC] PHP Fatal error:  Uncaught Error: Call to a member function bind_param() on bool in /home/edep2025/public_html/actions/telegram_webhook.php:34
Stack trace:
#0 {main}
  thrown in /home/edep2025/public_html/actions/telegram_webhook.php on line 34
[10-Sep-2025 09:53:11 UTC] PHP Fatal error:  Uncaught Error: Call to undefined function downloadTelegramFile() in /home/edep2025/public_html/actions/telegram_webhook.php:77
Stack trace:
#0 {main}
  thrown in /home/edep2025/public_html/actions/telegram_webhook.php on line 77
[10-Sep-2025 09:54:53 UTC] PHP Fatal error:  Uncaught Error: Call to a member function bind_param() on bool in /home/edep2025/public_html/actions/telegram_webhook.php:34
Stack trace:
#0 {main}
  thrown in /home/edep2025/public_html/actions/telegram_webhook.php on line 34
[10-Sep-2025 09:55:06 UTC] PHP Fatal error:  Uncaught Error: Call to undefined function downloadTelegramFile() in /home/edep2025/public_html/actions/telegram_webhook.php:77
Stack trace:
#0 {main}
  thrown in /home/edep2025/public_html/actions/telegram_webhook.php on line 77
[10-Sep-2025 09:56:35 UTC] PHP Fatal error:  Uncaught Error: Call to a member function bind_param() on bool in /home/edep2025/public_html/actions/telegram_webhook.php:34
Stack trace:
#0 {main}
  thrown in /home/edep2025/public_html/actions/telegram_webhook.php on line 34
[10-Sep-2025 09:56:37 UTC] PHP Fatal error:  Uncaught Error: Call to undefined function downloadTelegramFile() in /home/edep2025/public_html/actions/telegram_webhook.php:77
Stack trace:
#0 {main}
  thrown in /home/edep2025/public_html/actions/telegram_webhook.php on line 77
[10-Sep-2025 09:57:37 UTC] PHP Fatal error:  Uncaught Error: Call to a member function bind_param() on bool in /home/edep2025/public_html/actions/telegram_webhook.php:34
Stack trace:
#0 {main}
  thrown in /home/edep2025/public_html/actions/telegram_webhook.php on line 34
[10-Sep-2025 09:58:00 UTC] PHP Fatal error:  Uncaught Error: Call to undefined function downloadTelegramFile() in /home/edep2025/public_html/actions/telegram_webhook.php:77
Stack trace:
#0 {main}
  thrown in /home/edep2025/public_html/actions/telegram_webhook.php on line 77
[10-Sep-2025 09:59:02 UTC] PHP Fatal error:  Uncaught Error: Call to a member function bind_param() on bool in /home/edep2025/public_html/actions/telegram_webhook.php:34
Stack trace:
#0 {main}
  thrown in /home/edep2025/public_html/actions/telegram_webhook.php on line 34
[10-Sep-2025 09:59:18 UTC] PHP Fatal error:  Uncaught Error: Call to undefined function downloadTelegramFile() in /home/edep2025/public_html/actions/telegram_webhook.php:77
Stack trace:
#0 {main}
  thrown in /home/edep2025/public_html/actions/telegram_webhook.php on line 77
[10-Sep-2025 10:00:40 UTC] PHP Fatal error:  Uncaught Error: Call to a member function bind_param() on bool in /home/edep2025/public_html/actions/telegram_webhook.php:34
Stack trace:
#0 {main}
  thrown in /home/edep2025/public_html/actions/telegram_webhook.php on line 34
[10-Sep-2025 10:00:54 UTC] PHP Fatal error:  Uncaught Error: Call to undefined function downloadTelegramFile() in /home/edep2025/public_html/actions/telegram_webhook.php:77
Stack trace:
#0 {main}
  thrown in /home/edep2025/public_html/actions/telegram_webhook.php on line 77
[10-Sep-2025 10:02:05 UTC] PHP Fatal error:  Uncaught Error: Call to a member function bind_param() on bool in /home/edep2025/public_html/actions/telegram_webhook.php:34
Stack trace:
#0 {main}
  thrown in /home/edep2025/public_html/actions/telegram_webhook.php on line 34
[10-Sep-2025 10:02:38 UTC] PHP Fatal error:  Uncaught Error: Call to undefined function downloadTelegramFile() in /home/edep2025/public_html/actions/telegram_webhook.php:77
Stack trace:
#0 {main}
  thrown in /home/edep2025/public_html/actions/telegram_webhook.php on line 77
[10-Sep-2025 10:03:22 UTC] PHP Fatal error:  Uncaught Error: Call to a member function bind_param() on bool in /home/edep2025/public_html/actions/telegram_webhook.php:34
Stack trace:
#0 {main}
  thrown in /home/edep2025/public_html/actions/telegram_webhook.php on line 34
[10-Sep-2025 10:03:52 UTC] PHP Fatal error:  Uncaught Error: Call to undefined function downloadTelegramFile() in /home/edep2025/public_html/actions/telegram_webhook.php:77
Stack trace:
#0 {main}
  thrown in /home/edep2025/public_html/actions/telegram_webhook.php on line 77
[10-Sep-2025 10:04:35 UTC] PHP Fatal error:  Uncaught Error: Call to a member function bind_param() on bool in /home/edep2025/public_html/actions/telegram_webhook.php:34
Stack trace:
#0 {main}
  thrown in /home/edep2025/public_html/actions/telegram_webhook.php on line 34
[10-Sep-2025 10:05:34 UTC] PHP Fatal error:  Uncaught Error: Call to undefined function downloadTelegramFile() in /home/edep2025/public_html/actions/telegram_webhook.php:77
Stack trace:
#0 {main}
  thrown in /home/edep2025/public_html/actions/telegram_webhook.php on line 77
[10-Sep-2025 10:06:30 UTC] PHP Fatal error:  Uncaught Error: Call to a member function bind_param() on bool in /home/edep2025/public_html/actions/telegram_webhook.php:34
Stack trace:
#0 {main}
  thrown in /home/edep2025/public_html/actions/telegram_webhook.php on line 34
[10-Sep-2025 10:07:20 UTC] PHP Fatal error:  Uncaught Error: Call to undefined function downloadTelegramFile() in /home/edep2025/public_html/actions/telegram_webhook.php:77
Stack trace:
#0 {main}
  thrown in /home/edep2025/public_html/actions/telegram_webhook.php on line 77
[10-Sep-2025 10:08:13 UTC] PHP Fatal error:  Uncaught Error: Call to a member function bind_param() on bool in /home/edep2025/public_html/actions/telegram_webhook.php:34
Stack trace:
#0 {main}
  thrown in /home/edep2025/public_html/actions/telegram_webhook.php on line 34
[10-Sep-2025 10:09:14 UTC] PHP Fatal error:  Uncaught Error: Call to undefined function downloadTelegramFile() in /home/edep2025/public_html/actions/telegram_webhook.php:77
Stack trace:
#0 {main}
  thrown in /home/edep2025/public_html/actions/telegram_webhook.php on line 77
[10-Sep-2025 10:09:31 UTC] PHP Fatal error:  Uncaught Error: Call to a member function bind_param() on bool in /home/edep2025/public_html/actions/telegram_webhook.php:34
Stack trace:
#0 {main}
  thrown in /home/edep2025/public_html/actions/telegram_webhook.php on line 34
[10-Sep-2025 10:10:24 UTC] PHP Fatal error:  Uncaught Error: Call to undefined function downloadTelegramFile() in /home/edep2025/public_html/actions/telegram_webhook.php:77
Stack trace:
#0 {main}
  thrown in /home/edep2025/public_html/actions/telegram_webhook.php on line 77
[10-Sep-2025 10:10:49 UTC] PHP Fatal error:  Uncaught Error: Call to a member function bind_param() on bool in /home/edep2025/public_html/actions/telegram_webhook.php:34
Stack trace:
#0 {main}
  thrown in /home/edep2025/public_html/actions/telegram_webhook.php on line 34
[10-Sep-2025 10:11:57 UTC] PHP Fatal error:  Uncaught Error: Call to a member function bind_param() on bool in /home/edep2025/public_html/actions/telegram_webhook.php:34
Stack trace:
#0 {main}
  thrown in /home/edep2025/public_html/actions/telegram_webhook.php on line 34
[10-Sep-2025 10:12:06 UTC] PHP Fatal error:  Uncaught Error: Call to undefined function downloadTelegramFile() in /home/edep2025/public_html/actions/telegram_webhook.php:77
Stack trace:
#0 {main}
  thrown in /home/edep2025/public_html/actions/telegram_webhook.php on line 77
[10-Sep-2025 10:13:18 UTC] PHP Fatal error:  Uncaught Error: Call to a member function bind_param() on bool in /home/edep2025/public_html/actions/telegram_webhook.php:34
Stack trace:
#0 {main}
  thrown in /home/edep2025/public_html/actions/telegram_webhook.php on line 34
[10-Sep-2025 10:13:59 UTC] PHP Fatal error:  Uncaught Error: Call to undefined function downloadTelegramFile() in /home/edep2025/public_html/actions/telegram_webhook.php:77
Stack trace:
#0 {main}
  thrown in /home/edep2025/public_html/actions/telegram_webhook.php on line 77
[10-Sep-2025 10:14:36 UTC] PHP Fatal error:  Uncaught Error: Call to a member function bind_param() on bool in /home/edep2025/public_html/actions/telegram_webhook.php:34
Stack trace:
#0 {main}
  thrown in /home/edep2025/public_html/actions/telegram_webhook.php on line 34
[10-Sep-2025 10:15:55 UTC] PHP Fatal error:  Uncaught Error: Call to undefined function downloadTelegramFile() in /home/edep2025/public_html/actions/telegram_webhook.php:77
Stack trace:
#0 {main}
  thrown in /home/edep2025/public_html/actions/telegram_webhook.php on line 77
[10-Sep-2025 10:16:32 UTC] PHP Fatal error:  Uncaught Error: Call to a member function bind_param() on bool in /home/edep2025/public_html/actions/telegram_webhook.php:34
Stack trace:
#0 {main}
  thrown in /home/edep2025/public_html/actions/telegram_webhook.php on line 34
[10-Sep-2025 10:17:45 UTC] PHP Fatal error:  Uncaught Error: Call to undefined function downloadTelegramFile() in /home/edep2025/public_html/actions/telegram_webhook.php:77
Stack trace:
#0 {main}
  thrown in /home/edep2025/public_html/actions/telegram_webhook.php on line 77
[10-Sep-2025 10:18:10 UTC] PHP Fatal error:  Uncaught Error: Call to a member function bind_param() on bool in /home/edep2025/public_html/actions/telegram_webhook.php:34
Stack trace:
#0 {main}
  thrown in /home/edep2025/public_html/actions/telegram_webhook.php on line 34
[10-Sep-2025 10:19:21 UTC] PHP Fatal error:  Uncaught Error: Call to a member function bind_param() on bool in /home/edep2025/public_html/actions/telegram_webhook.php:34
Stack trace:
#0 {main}
  thrown in /home/edep2025/public_html/actions/telegram_webhook.php on line 34
[10-Sep-2025 10:19:28 UTC] PHP Fatal error:  Uncaught Error: Call to undefined function downloadTelegramFile() in /home/edep2025/public_html/actions/telegram_webhook.php:77
Stack trace:
#0 {main}
  thrown in /home/edep2025/public_html/actions/telegram_webhook.php on line 77
[10-Sep-2025 10:20:28 UTC] PHP Fatal error:  Uncaught Error: Call to a member function bind_param() on bool in /home/edep2025/public_html/actions/telegram_webhook.php:34
Stack trace:
#0 {main}
  thrown in /home/edep2025/public_html/actions/telegram_webhook.php on line 34
[10-Sep-2025 10:20:40 UTC] PHP Fatal error:  Uncaught Error: Call to undefined function downloadTelegramFile() in /home/edep2025/public_html/actions/telegram_webhook.php:77
Stack trace:
#0 {main}
  thrown in /home/edep2025/public_html/actions/telegram_webhook.php on line 77
[10-Sep-2025 10:21:31 UTC] PHP Fatal error:  Uncaught Error: Call to a member function bind_param() on bool in /home/edep2025/public_html/actions/telegram_webhook.php:34
Stack trace:
#0 {main}
  thrown in /home/edep2025/public_html/actions/telegram_webhook.php on line 34
[10-Sep-2025 10:22:20 UTC] PHP Fatal error:  Uncaught Error: Call to undefined function downloadTelegramFile() in /home/edep2025/public_html/actions/telegram_webhook.php:77
Stack trace:
#0 {main}
  thrown in /home/edep2025/public_html/actions/telegram_webhook.php on line 77
[10-Sep-2025 10:23:04 UTC] PHP Fatal error:  Uncaught Error: Call to a member function bind_param() on bool in /home/edep2025/public_html/actions/telegram_webhook.php:34
Stack trace:
#0 {main}
  thrown in /home/edep2025/public_html/actions/telegram_webhook.php on line 34
[10-Sep-2025 10:23:54 UTC] PHP Fatal error:  Uncaught Error: Call to undefined function downloadTelegramFile() in /home/edep2025/public_html/actions/telegram_webhook.php:77
Stack trace:
#0 {main}
  thrown in /home/edep2025/public_html/actions/telegram_webhook.php on line 77
[10-Sep-2025 10:24:55 UTC] PHP Fatal error:  Uncaught Error: Call to a member function bind_param() on bool in /home/edep2025/public_html/actions/telegram_webhook.php:34
Stack trace:
#0 {main}
  thrown in /home/edep2025/public_html/actions/telegram_webhook.php on line 34
[10-Sep-2025 10:25:30 UTC] PHP Fatal error:  Uncaught Error: Call to undefined function downloadTelegramFile() in /home/edep2025/public_html/actions/telegram_webhook.php:77
Stack trace:
#0 {main}
  thrown in /home/edep2025/public_html/actions/telegram_webhook.php on line 77
[10-Sep-2025 10:26:45 UTC] PHP Fatal error:  Uncaught Error: Call to undefined function downloadTelegramFile() in /home/edep2025/public_html/actions/telegram_webhook.php:77
Stack trace:
#0 {main}
  thrown in /home/edep2025/public_html/actions/telegram_webhook.php on line 77
[10-Sep-2025 10:26:47 UTC] PHP Fatal error:  Uncaught Error: Call to a member function bind_param() on bool in /home/edep2025/public_html/actions/telegram_webhook.php:34
Stack trace:
#0 {main}
  thrown in /home/edep2025/public_html/actions/telegram_webhook.php on line 34
[10-Sep-2025 10:28:31 UTC] PHP Fatal error:  Uncaught Error: Call to undefined function downloadTelegramFile() in /home/edep2025/public_html/actions/telegram_webhook.php:77
Stack trace:
#0 {main}
  thrown in /home/edep2025/public_html/actions/telegram_webhook.php on line 77
[10-Sep-2025 10:28:36 UTC] PHP Fatal error:  Uncaught Error: Call to a member function bind_param() on bool in /home/edep2025/public_html/actions/telegram_webhook.php:34
Stack trace:
#0 {main}
  thrown in /home/edep2025/public_html/actions/telegram_webhook.php on line 34
[10-Sep-2025 10:30:08 UTC] PHP Fatal error:  Uncaught Error: Call to undefined function downloadTelegramFile() in /home/edep2025/public_html/actions/telegram_webhook.php:77
Stack trace:
#0 {main}
  thrown in /home/edep2025/public_html/actions/telegram_webhook.php on line 77
[10-Sep-2025 10:30:26 UTC] PHP Fatal error:  Uncaught Error: Call to a member function bind_param() on bool in /home/edep2025/public_html/actions/telegram_webhook.php:34
Stack trace:
#0 {main}
  thrown in /home/edep2025/public_html/actions/telegram_webhook.php on line 34
[10-Sep-2025 10:31:38 UTC] PHP Fatal error:  Uncaught Error: Call to undefined function downloadTelegramFile() in /home/edep2025/public_html/actions/telegram_webhook.php:77
Stack trace:
#0 {main}
  thrown in /home/edep2025/public_html/actions/telegram_webhook.php on line 77
[10-Sep-2025 10:31:45 UTC] PHP Fatal error:  Uncaught Error: Call to a member function bind_param() on bool in /home/edep2025/public_html/actions/telegram_webhook.php:34
Stack trace:
#0 {main}
  thrown in /home/edep2025/public_html/actions/telegram_webhook.php on line 34
[10-Sep-2025 10:33:05 UTC] PHP Fatal error:  Uncaught Error: Call to a member function bind_param() on bool in /home/edep2025/public_html/actions/telegram_webhook.php:34
Stack trace:
#0 {main}
  thrown in /home/edep2025/public_html/actions/telegram_webhook.php on line 34
[10-Sep-2025 10:33:17 UTC] PHP Fatal error:  Uncaught Error: Call to undefined function downloadTelegramFile() in /home/edep2025/public_html/actions/telegram_webhook.php:77
Stack trace:
#0 {main}
  thrown in /home/edep2025/public_html/actions/telegram_webhook.php on line 77
[10-Sep-2025 10:34:36 UTC] PHP Fatal error:  Uncaught Error: Call to a member function bind_param() on bool in /home/edep2025/public_html/actions/telegram_webhook.php:34
Stack trace:
#0 {main}
  thrown in /home/edep2025/public_html/actions/telegram_webhook.php on line 34
[10-Sep-2025 10:35:10 UTC] PHP Fatal error:  Uncaught Error: Call to undefined function downloadTelegramFile() in /home/edep2025/public_html/actions/telegram_webhook.php:77
Stack trace:
#0 {main}
  thrown in /home/edep2025/public_html/actions/telegram_webhook.php on line 77
[10-Sep-2025 10:36:35 UTC] PHP Fatal error:  Uncaught Error: Call to a member function bind_param() on bool in /home/edep2025/public_html/actions/telegram_webhook.php:34
Stack trace:
#0 {main}
  thrown in /home/edep2025/public_html/actions/telegram_webhook.php on line 34
[10-Sep-2025 10:36:41 UTC] PHP Fatal error:  Uncaught Error: Call to undefined function downloadTelegramFile() in /home/edep2025/public_html/actions/telegram_webhook.php:77
Stack trace:
#0 {main}
  thrown in /home/edep2025/public_html/actions/telegram_webhook.php on line 77
[10-Sep-2025 10:37:44 UTC] PHP Fatal error:  Uncaught Error: Call to undefined function downloadTelegramFile() in /home/edep2025/public_html/actions/telegram_webhook.php:77
Stack trace:
#0 {main}
  thrown in /home/edep2025/public_html/actions/telegram_webhook.php on line 77
[10-Sep-2025 10:38:10 UTC] PHP Fatal error:  Uncaught Error: Call to a member function bind_param() on bool in /home/edep2025/public_html/actions/telegram_webhook.php:34
Stack trace:
#0 {main}
  thrown in /home/edep2025/public_html/actions/telegram_webhook.php on line 34
[10-Sep-2025 10:39:35 UTC] PHP Fatal error:  Uncaught Error: Call to a member function bind_param() on bool in /home/edep2025/public_html/actions/telegram_webhook.php:34
Stack trace:
#0 {main}
  thrown in /home/edep2025/public_html/actions/telegram_webhook.php on line 34
[10-Sep-2025 10:39:40 UTC] PHP Fatal error:  Uncaught Error: Call to undefined function downloadTelegramFile() in /home/edep2025/public_html/actions/telegram_webhook.php:77
Stack trace:
#0 {main}
  thrown in /home/edep2025/public_html/actions/telegram_webhook.php on line 77
[10-Sep-2025 10:40:54 UTC] PHP Fatal error:  Uncaught Error: Call to undefined function downloadTelegramFile() in /home/edep2025/public_html/actions/telegram_webhook.php:77
Stack trace:
#0 {main}
  thrown in /home/edep2025/public_html/actions/telegram_webhook.php on line 77
[10-Sep-2025 10:41:13 UTC] PHP Fatal error:  Uncaught Error: Call to a member function bind_param() on bool in /home/edep2025/public_html/actions/telegram_webhook.php:34
Stack trace:
#0 {main}
  thrown in /home/edep2025/public_html/actions/telegram_webhook.php on line 34
[10-Sep-2025 10:42:29 UTC] PHP Fatal error:  Uncaught Error: Call to a member function bind_param() on bool in /home/edep2025/public_html/actions/telegram_webhook.php:34
Stack trace:
#0 {main}
  thrown in /home/edep2025/public_html/actions/telegram_webhook.php on line 34
[10-Sep-2025 10:42:52 UTC] PHP Fatal error:  Uncaught Error: Call to undefined function downloadTelegramFile() in /home/edep2025/public_html/actions/telegram_webhook.php:77
Stack trace:
#0 {main}
  thrown in /home/edep2025/public_html/actions/telegram_webhook.php on line 77
[10-Sep-2025 10:44:05 UTC] PHP Fatal error:  Uncaught Error: Call to undefined function downloadTelegramFile() in /home/edep2025/public_html/actions/telegram_webhook.php:77
Stack trace:
#0 {main}
  thrown in /home/edep2025/public_html/actions/telegram_webhook.php on line 77
[10-Sep-2025 10:44:29 UTC] PHP Fatal error:  Uncaught Error: Call to a member function bind_param() on bool in /home/edep2025/public_html/actions/telegram_webhook.php:34
Stack trace:
#0 {main}
  thrown in /home/edep2025/public_html/actions/telegram_webhook.php on line 34
[10-Sep-2025 10:45:30 UTC] PHP Fatal error:  Uncaught Error: Call to undefined function downloadTelegramFile() in /home/edep2025/public_html/actions/telegram_webhook.php:77
Stack trace:
#0 {main}
  thrown in /home/edep2025/public_html/actions/telegram_webhook.php on line 77
[10-Sep-2025 10:46:19 UTC] PHP Fatal error:  Uncaught Error: Call to a member function bind_param() on bool in /home/edep2025/public_html/actions/telegram_webhook.php:34
Stack trace:
#0 {main}
  thrown in /home/edep2025/public_html/actions/telegram_webhook.php on line 34
[10-Sep-2025 10:46:38 UTC] PHP Fatal error:  Uncaught Error: Call to undefined function downloadTelegramFile() in /home/edep2025/public_html/actions/telegram_webhook.php:77
Stack trace:
#0 {main}
  thrown in /home/edep2025/public_html/actions/telegram_webhook.php on line 77
[10-Sep-2025 10:47:20 UTC] PHP Fatal error:  Uncaught Error: Call to a member function bind_param() on bool in /home/edep2025/public_html/actions/telegram_webhook.php:34
Stack trace:
#0 {main}
  thrown in /home/edep2025/public_html/actions/telegram_webhook.php on line 34
[10-Sep-2025 10:48:11 UTC] PHP Fatal error:  Uncaught Error: Call to undefined function downloadTelegramFile() in /home/edep2025/public_html/actions/telegram_webhook.php:77
Stack trace:
#0 {main}
  thrown in /home/edep2025/public_html/actions/telegram_webhook.php on line 77
[10-Sep-2025 10:48:48 UTC] PHP Fatal error:  Uncaught Error: Call to a member function bind_param() on bool in /home/edep2025/public_html/actions/telegram_webhook.php:34
Stack trace:
#0 {main}
  thrown in /home/edep2025/public_html/actions/telegram_webhook.php on line 34
[10-Sep-2025 10:49:16 UTC] PHP Fatal error:  Uncaught Error: Call to undefined function downloadTelegramFile() in /home/edep2025/public_html/actions/telegram_webhook.php:77
Stack trace:
#0 {main}
  thrown in /home/edep2025/public_html/actions/telegram_webhook.php on line 77
[10-Sep-2025 10:50:35 UTC] PHP Fatal error:  Uncaught Error: Call to undefined function downloadTelegramFile() in /home/edep2025/public_html/actions/telegram_webhook.php:77
Stack trace:
#0 {main}
  thrown in /home/edep2025/public_html/actions/telegram_webhook.php on line 77
[10-Sep-2025 10:50:45 UTC] PHP Fatal error:  Uncaught Error: Call to a member function bind_param() on bool in /home/edep2025/public_html/actions/telegram_webhook.php:34
Stack trace:
#0 {main}
  thrown in /home/edep2025/public_html/actions/telegram_webhook.php on line 34
[10-Sep-2025 10:51:48 UTC] PHP Fatal error:  Uncaught Error: Call to undefined function downloadTelegramFile() in /home/edep2025/public_html/actions/telegram_webhook.php:77
Stack trace:
#0 {main}
  thrown in /home/edep2025/public_html/actions/telegram_webhook.php on line 77
[10-Sep-2025 10:52:28 UTC] PHP Fatal error:  Uncaught Error: Call to a member function bind_param() on bool in /home/edep2025/public_html/actions/telegram_webhook.php:34
Stack trace:
#0 {main}
  thrown in /home/edep2025/public_html/actions/telegram_webhook.php on line 34
[10-Sep-2025 10:53:17 UTC] PHP Fatal error:  Uncaught Error: Call to undefined function downloadTelegramFile() in /home/edep2025/public_html/actions/telegram_webhook.php:77
Stack trace:
#0 {main}
  thrown in /home/edep2025/public_html/actions/telegram_webhook.php on line 77
[10-Sep-2025 10:53:48 UTC] PHP Fatal error:  Uncaught Error: Call to a member function bind_param() on bool in /home/edep2025/public_html/actions/telegram_webhook.php:34
Stack trace:
#0 {main}
  thrown in /home/edep2025/public_html/actions/telegram_webhook.php on line 34
[10-Sep-2025 10:54:38 UTC] PHP Fatal error:  Uncaught Error: Call to undefined function downloadTelegramFile() in /home/edep2025/public_html/actions/telegram_webhook.php:77
Stack trace:
#0 {main}
  thrown in /home/edep2025/public_html/actions/telegram_webhook.php on line 77
[10-Sep-2025 10:55:19 UTC] PHP Fatal error:  Uncaught Error: Call to a member function bind_param() on bool in /home/edep2025/public_html/actions/telegram_webhook.php:34
Stack trace:
#0 {main}
  thrown in /home/edep2025/public_html/actions/telegram_webhook.php on line 34
[10-Sep-2025 10:56:30 UTC] PHP Fatal error:  Uncaught Error: Call to undefined function downloadTelegramFile() in /home/edep2025/public_html/actions/telegram_webhook.php:77
Stack trace:
#0 {main}
  thrown in /home/edep2025/public_html/actions/telegram_webhook.php on line 77
[10-Sep-2025 10:56:59 UTC] PHP Fatal error:  Uncaught Error: Call to a member function bind_param() on bool in /home/edep2025/public_html/actions/telegram_webhook.php:34
Stack trace:
#0 {main}
  thrown in /home/edep2025/public_html/actions/telegram_webhook.php on line 34
[10-Sep-2025 10:58:18 UTC] PHP Fatal error:  Uncaught Error: Call to undefined function downloadTelegramFile() in /home/edep2025/public_html/actions/telegram_webhook.php:77
Stack trace:
#0 {main}
  thrown in /home/edep2025/public_html/actions/telegram_webhook.php on line 77
[10-Sep-2025 10:58:28 UTC] PHP Fatal error:  Uncaught Error: Call to a member function bind_param() on bool in /home/edep2025/public_html/actions/telegram_webhook.php:34
Stack trace:
#0 {main}
  thrown in /home/edep2025/public_html/actions/telegram_webhook.php on line 34
[10-Sep-2025 10:59:42 UTC] PHP Fatal error:  Uncaught Error: Call to undefined function downloadTelegramFile() in /home/edep2025/public_html/actions/telegram_webhook.php:77
Stack trace:
#0 {main}
  thrown in /home/edep2025/public_html/actions/telegram_webhook.php on line 77
[10-Sep-2025 11:00:12 UTC] PHP Fatal error:  Uncaught Error: Call to a member function bind_param() on bool in /home/edep2025/public_html/actions/telegram_webhook.php:34
Stack trace:
#0 {main}
  thrown in /home/edep2025/public_html/actions/telegram_webhook.php on line 34
[10-Sep-2025 11:01:14 UTC] PHP Fatal error:  Uncaught Error: Call to a member function bind_param() on bool in /home/edep2025/public_html/actions/telegram_webhook.php:34
Stack trace:
#0 {main}
  thrown in /home/edep2025/public_html/actions/telegram_webhook.php on line 34
[10-Sep-2025 11:01:38 UTC] PHP Fatal error:  Uncaught Error: Call to undefined function downloadTelegramFile() in /home/edep2025/public_html/actions/telegram_webhook.php:77
Stack trace:
#0 {main}
  thrown in /home/edep2025/public_html/actions/telegram_webhook.php on line 77
[10-Sep-2025 11:02:18 UTC] PHP Fatal error:  Uncaught Error: Call to a member function bind_param() on bool in /home/edep2025/public_html/actions/telegram_webhook.php:34
Stack trace:
#0 {main}
  thrown in /home/edep2025/public_html/actions/telegram_webhook.php on line 34
[10-Sep-2025 11:02:45 UTC] PHP Fatal error:  Uncaught Error: Call to undefined function downloadTelegramFile() in /home/edep2025/public_html/actions/telegram_webhook.php:77
Stack trace:
#0 {main}
  thrown in /home/edep2025/public_html/actions/telegram_webhook.php on line 77
[10-Sep-2025 11:03:41 UTC] PHP Fatal error:  Uncaught Error: Call to a member function bind_param() on bool in /home/edep2025/public_html/actions/telegram_webhook.php:34
Stack trace:
#0 {main}
  thrown in /home/edep2025/public_html/actions/telegram_webhook.php on line 34
[10-Sep-2025 11:03:51 UTC] PHP Fatal error:  Uncaught Error: Call to undefined function downloadTelegramFile() in /home/edep2025/public_html/actions/telegram_webhook.php:77
Stack trace:
#0 {main}
  thrown in /home/edep2025/public_html/actions/telegram_webhook.php on line 77
[10-Sep-2025 11:05:17 UTC] PHP Fatal error:  Uncaught Error: Call to a member function bind_param() on bool in /home/edep2025/public_html/actions/telegram_webhook.php:34
Stack trace:
#0 {main}
  thrown in /home/edep2025/public_html/actions/telegram_webhook.php on line 34
[10-Sep-2025 11:05:32 UTC] PHP Fatal error:  Uncaught Error: Call to undefined function downloadTelegramFile() in /home/edep2025/public_html/actions/telegram_webhook.php:77
Stack trace:
#0 {main}
  thrown in /home/edep2025/public_html/actions/telegram_webhook.php on line 77
[10-Sep-2025 11:06:57 UTC] PHP Fatal error:  Uncaught Error: Call to a member function bind_param() on bool in /home/edep2025/public_html/actions/telegram_webhook.php:34
Stack trace:
#0 {main}
  thrown in /home/edep2025/public_html/actions/telegram_webhook.php on line 34
[10-Sep-2025 11:07:08 UTC] PHP Fatal error:  Uncaught Error: Call to undefined function downloadTelegramFile() in /home/edep2025/public_html/actions/telegram_webhook.php:77
Stack trace:
#0 {main}
  thrown in /home/edep2025/public_html/actions/telegram_webhook.php on line 77
[10-Sep-2025 11:08:20 UTC] PHP Fatal error:  Uncaught Error: Call to undefined function downloadTelegramFile() in /home/edep2025/public_html/actions/telegram_webhook.php:77
Stack trace:
#0 {main}
  thrown in /home/edep2025/public_html/actions/telegram_webhook.php on line 77
[10-Sep-2025 11:08:50 UTC] PHP Fatal error:  Uncaught Error: Call to a member function bind_param() on bool in /home/edep2025/public_html/actions/telegram_webhook.php:34
Stack trace:
#0 {main}
  thrown in /home/edep2025/public_html/actions/telegram_webhook.php on line 34
[10-Sep-2025 11:09:49 UTC] PHP Fatal error:  Uncaught Error: Call to undefined function downloadTelegramFile() in /home/edep2025/public_html/actions/telegram_webhook.php:77
Stack trace:
#0 {main}
  thrown in /home/edep2025/public_html/actions/telegram_webhook.php on line 77
[10-Sep-2025 11:10:26 UTC] PHP Fatal error:  Uncaught Error: Call to a member function bind_param() on bool in /home/edep2025/public_html/actions/telegram_webhook.php:34
Stack trace:
#0 {main}
  thrown in /home/edep2025/public_html/actions/telegram_webhook.php on line 34
[10-Sep-2025 11:10:54 UTC] PHP Fatal error:  Uncaught Error: Call to undefined function downloadTelegramFile() in /home/edep2025/public_html/actions/telegram_webhook.php:77
Stack trace:
#0 {main}
  thrown in /home/edep2025/public_html/actions/telegram_webhook.php on line 77
[10-Sep-2025 11:11:57 UTC] PHP Fatal error:  Uncaught Error: Call to a member function bind_param() on bool in /home/edep2025/public_html/actions/telegram_webhook.php:34
Stack trace:
#0 {main}
  thrown in /home/edep2025/public_html/actions/telegram_webhook.php on line 34
[10-Sep-2025 11:12:15 UTC] PHP Fatal error:  Uncaught Error: Call to undefined function downloadTelegramFile() in /home/edep2025/public_html/actions/telegram_webhook.php:77
Stack trace:
#0 {main}
  thrown in /home/edep2025/public_html/actions/telegram_webhook.php on line 77
[10-Sep-2025 11:13:29 UTC] PHP Fatal error:  Uncaught Error: Call to undefined function downloadTelegramFile() in /home/edep2025/public_html/actions/telegram_webhook.php:77
Stack trace:
#0 {main}
  thrown in /home/edep2025/public_html/actions/telegram_webhook.php on line 77
[10-Sep-2025 11:13:40 UTC] PHP Fatal error:  Uncaught Error: Call to a member function bind_param() on bool in /home/edep2025/public_html/actions/telegram_webhook.php:34
Stack trace:
#0 {main}
  thrown in /home/edep2025/public_html/actions/telegram_webhook.php on line 34
[10-Sep-2025 11:15:03 UTC] PHP Fatal error:  Uncaught Error: Call to a member function bind_param() on bool in /home/edep2025/public_html/actions/telegram_webhook.php:34
Stack trace:
#0 {main}
  thrown in /home/edep2025/public_html/actions/telegram_webhook.php on line 34
[10-Sep-2025 11:15:15 UTC] PHP Fatal error:  Uncaught Error: Call to undefined function downloadTelegramFile() in /home/edep2025/public_html/actions/telegram_webhook.php:77
Stack trace:
#0 {main}
  thrown in /home/edep2025/public_html/actions/telegram_webhook.php on line 77
[10-Sep-2025 11:16:37 UTC] PHP Fatal error:  Uncaught Error: Call to a member function bind_param() on bool in /home/edep2025/public_html/actions/telegram_webhook.php:34
Stack trace:
#0 {main}
  thrown in /home/edep2025/public_html/actions/telegram_webhook.php on line 34
[10-Sep-2025 11:17:04 UTC] PHP Fatal error:  Uncaught Error: Call to undefined function downloadTelegramFile() in /home/edep2025/public_html/actions/telegram_webhook.php:77
Stack trace:
#0 {main}
  thrown in /home/edep2025/public_html/actions/telegram_webhook.php on line 77
[10-Sep-2025 11:18:31 UTC] PHP Fatal error:  Uncaught Error: Call to undefined function downloadTelegramFile() in /home/edep2025/public_html/actions/telegram_webhook.php:77
Stack trace:
#0 {main}
  thrown in /home/edep2025/public_html/actions/telegram_webhook.php on line 77
[10-Sep-2025 11:18:34 UTC] PHP Fatal error:  Uncaught Error: Call to a member function bind_param() on bool in /home/edep2025/public_html/actions/telegram_webhook.php:34
Stack trace:
#0 {main}
  thrown in /home/edep2025/public_html/actions/telegram_webhook.php on line 34
[10-Sep-2025 11:19:33 UTC] PHP Fatal error:  Uncaught Error: Call to undefined function downloadTelegramFile() in /home/edep2025/public_html/actions/telegram_webhook.php:77
Stack trace:
#0 {main}
  thrown in /home/edep2025/public_html/actions/telegram_webhook.php on line 77
[10-Sep-2025 11:20:10 UTC] PHP Fatal error:  Uncaught Error: Call to a member function bind_param() on bool in /home/edep2025/public_html/actions/telegram_webhook.php:34
Stack trace:
#0 {main}
  thrown in /home/edep2025/public_html/actions/telegram_webhook.php on line 34
[10-Sep-2025 11:21:00 UTC] PHP Fatal error:  Uncaught Error: Call to undefined function downloadTelegramFile() in /home/edep2025/public_html/actions/telegram_webhook.php:77
Stack trace:
#0 {main}
  thrown in /home/edep2025/public_html/actions/telegram_webhook.php on line 77
[10-Sep-2025 11:21:24 UTC] PHP Fatal error:  Uncaught Error: Call to a member function bind_param() on bool in /home/edep2025/public_html/actions/telegram_webhook.php:34
Stack trace:
#0 {main}
  thrown in /home/edep2025/public_html/actions/telegram_webhook.php on line 34
[10-Sep-2025 11:22:18 UTC] PHP Fatal error:  Uncaught Error: Call to undefined function downloadTelegramFile() in /home/edep2025/public_html/actions/telegram_webhook.php:77
Stack trace:
#0 {main}
  thrown in /home/edep2025/public_html/actions/telegram_webhook.php on line 77
[10-Sep-2025 11:22:55 UTC] PHP Fatal error:  Uncaught Error: Call to a member function bind_param() on bool in /home/edep2025/public_html/actions/telegram_webhook.php:34
Stack trace:
#0 {main}
  thrown in /home/edep2025/public_html/actions/telegram_webhook.php on line 34
[10-Sep-2025 11:23:35 UTC] PHP Fatal error:  Uncaught Error: Call to undefined function downloadTelegramFile() in /home/edep2025/public_html/actions/telegram_webhook.php:77
Stack trace:
#0 {main}
  thrown in /home/edep2025/public_html/actions/telegram_webhook.php on line 77
[10-Sep-2025 11:24:46 UTC] PHP Fatal error:  Uncaught Error: Call to a member function bind_param() on bool in /home/edep2025/public_html/actions/telegram_webhook.php:34
Stack trace:
#0 {main}
  thrown in /home/edep2025/public_html/actions/telegram_webhook.php on line 34
[10-Sep-2025 11:25:20 UTC] PHP Fatal error:  Uncaught Error: Call to undefined function downloadTelegramFile() in /home/edep2025/public_html/actions/telegram_webhook.php:77
Stack trace:
#0 {main}
  thrown in /home/edep2025/public_html/actions/telegram_webhook.php on line 77
[10-Sep-2025 11:25:52 UTC] PHP Fatal error:  Uncaught Error: Call to a member function bind_param() on bool in /home/edep2025/public_html/actions/telegram_webhook.php:34
Stack trace:
#0 {main}
  thrown in /home/edep2025/public_html/actions/telegram_webhook.php on line 34
[10-Sep-2025 11:26:52 UTC] PHP Fatal error:  Uncaught Error: Call to undefined function downloadTelegramFile() in /home/edep2025/public_html/actions/telegram_webhook.php:77
Stack trace:
#0 {main}
  thrown in /home/edep2025/public_html/actions/telegram_webhook.php on line 77
[10-Sep-2025 11:27:17 UTC] PHP Fatal error:  Uncaught Error: Call to a member function bind_param() on bool in /home/edep2025/public_html/actions/telegram_webhook.php:34
Stack trace:
#0 {main}
  thrown in /home/edep2025/public_html/actions/telegram_webhook.php on line 34
[10-Sep-2025 11:28:04 UTC] PHP Fatal error:  Uncaught Error: Call to undefined function downloadTelegramFile() in /home/edep2025/public_html/actions/telegram_webhook.php:77
Stack trace:
#0 {main}
  thrown in /home/edep2025/public_html/actions/telegram_webhook.php on line 77
[10-Sep-2025 11:28:33 UTC] PHP Fatal error:  Uncaught Error: Call to a member function bind_param() on bool in /home/edep2025/public_html/actions/telegram_webhook.php:34
Stack trace:
#0 {main}
  thrown in /home/edep2025/public_html/actions/telegram_webhook.php on line 34
[10-Sep-2025 11:29:36 UTC] PHP Fatal error:  Uncaught Error: Call to a member function bind_param() on bool in /home/edep2025/public_html/actions/telegram_webhook.php:34
Stack trace:
#0 {main}
  thrown in /home/edep2025/public_html/actions/telegram_webhook.php on line 34
[10-Sep-2025 11:29:53 UTC] PHP Fatal error:  Uncaught Error: Call to undefined function downloadTelegramFile() in /home/edep2025/public_html/actions/telegram_webhook.php:77
Stack trace:
#0 {main}
  thrown in /home/edep2025/public_html/actions/telegram_webhook.php on line 77
[10-Sep-2025 11:31:15 UTC] PHP Fatal error:  Uncaught Error: Call to undefined function downloadTelegramFile() in /home/edep2025/public_html/actions/telegram_webhook.php:77
Stack trace:
#0 {main}
  thrown in /home/edep2025/public_html/actions/telegram_webhook.php on line 77
[10-Sep-2025 11:31:22 UTC] PHP Fatal error:  Uncaught Error: Call to a member function bind_param() on bool in /home/edep2025/public_html/actions/telegram_webhook.php:34
Stack trace:
#0 {main}
  thrown in /home/edep2025/public_html/actions/telegram_webhook.php on line 34
[10-Sep-2025 11:32:33 UTC] PHP Fatal error:  Uncaught Error: Call to a member function bind_param() on bool in /home/edep2025/public_html/actions/telegram_webhook.php:34
Stack trace:
#0 {main}
  thrown in /home/edep2025/public_html/actions/telegram_webhook.php on line 34
[10-Sep-2025 11:32:59 UTC] PHP Fatal error:  Uncaught Error: Call to undefined function downloadTelegramFile() in /home/edep2025/public_html/actions/telegram_webhook.php:77
Stack trace:
#0 {main}
  thrown in /home/edep2025/public_html/actions/telegram_webhook.php on line 77
[10-Sep-2025 11:34:22 UTC] PHP Fatal error:  Uncaught Error: Call to a member function bind_param() on bool in /home/edep2025/public_html/actions/telegram_webhook.php:34
Stack trace:
#0 {main}
  thrown in /home/edep2025/public_html/actions/telegram_webhook.php on line 34
[10-Sep-2025 11:34:39 UTC] PHP Fatal error:  Uncaught Error: Call to undefined function downloadTelegramFile() in /home/edep2025/public_html/actions/telegram_webhook.php:77
Stack trace:
#0 {main}
  thrown in /home/edep2025/public_html/actions/telegram_webhook.php on line 77
[10-Sep-2025 11:36:13 UTC] PHP Fatal error:  Uncaught Error: Call to a member function bind_param() on bool in /home/edep2025/public_html/actions/telegram_webhook.php:34
Stack trace:
#0 {main}
  thrown in /home/edep2025/public_html/actions/telegram_webhook.php on line 34
[10-Sep-2025 11:36:16 UTC] PHP Fatal error:  Uncaught Error: Call to undefined function downloadTelegramFile() in /home/edep2025/public_html/actions/telegram_webhook.php:77
Stack trace:
#0 {main}
  thrown in /home/edep2025/public_html/actions/telegram_webhook.php on line 77
[10-Sep-2025 11:37:23 UTC] PHP Fatal error:  Uncaught Error: Call to undefined function downloadTelegramFile() in /home/edep2025/public_html/actions/telegram_webhook.php:77
Stack trace:
#0 {main}
  thrown in /home/edep2025/public_html/actions/telegram_webhook.php on line 77
[10-Sep-2025 11:38:05 UTC] PHP Fatal error:  Uncaught Error: Call to a member function bind_param() on bool in /home/edep2025/public_html/actions/telegram_webhook.php:34
Stack trace:
#0 {main}
  thrown in /home/edep2025/public_html/actions/telegram_webhook.php on line 34
[10-Sep-2025 11:38:40 UTC] PHP Fatal error:  Uncaught Error: Call to undefined function downloadTelegramFile() in /home/edep2025/public_html/actions/telegram_webhook.php:77
Stack trace:
#0 {main}
  thrown in /home/edep2025/public_html/actions/telegram_webhook.php on line 77
[10-Sep-2025 11:39:42 UTC] PHP Fatal error:  Uncaught Error: Call to undefined function downloadTelegramFile() in /home/edep2025/public_html/actions/telegram_webhook.php:77
Stack trace:
#0 {main}
  thrown in /home/edep2025/public_html/actions/telegram_webhook.php on line 77
[10-Sep-2025 11:39:53 UTC] PHP Fatal error:  Uncaught Error: Call to a member function bind_param() on bool in /home/edep2025/public_html/actions/telegram_webhook.php:34
Stack trace:
#0 {main}
  thrown in /home/edep2025/public_html/actions/telegram_webhook.php on line 34
[10-Sep-2025 11:41:23 UTC] PHP Fatal error:  Uncaught Error: Call to a member function bind_param() on bool in /home/edep2025/public_html/actions/telegram_webhook.php:34
Stack trace:
#0 {main}
  thrown in /home/edep2025/public_html/actions/telegram_webhook.php on line 34
[10-Sep-2025 11:41:25 UTC] PHP Fatal error:  Uncaught Error: Call to undefined function downloadTelegramFile() in /home/edep2025/public_html/actions/telegram_webhook.php:77
Stack trace:
#0 {main}
  thrown in /home/edep2025/public_html/actions/telegram_webhook.php on line 77
[10-Sep-2025 11:42:26 UTC] PHP Fatal error:  Uncaught Error: Call to a member function bind_param() on bool in /home/edep2025/public_html/actions/telegram_webhook.php:34
Stack trace:
#0 {main}
  thrown in /home/edep2025/public_html/actions/telegram_webhook.php on line 34
[10-Sep-2025 11:42:49 UTC] PHP Fatal error:  Uncaught Error: Call to undefined function downloadTelegramFile() in /home/edep2025/public_html/actions/telegram_webhook.php:77
Stack trace:
#0 {main}
  thrown in /home/edep2025/public_html/actions/telegram_webhook.php on line 77
[10-Sep-2025 11:43:26 UTC] PHP Fatal error:  Uncaught Error: Call to a member function bind_param() on bool in /home/edep2025/public_html/actions/telegram_webhook.php:34
Stack trace:
#0 {main}
  thrown in /home/edep2025/public_html/actions/telegram_webhook.php on line 34
[10-Sep-2025 11:44:28 UTC] PHP Fatal error:  Uncaught Error: Call to undefined function downloadTelegramFile() in /home/edep2025/public_html/actions/telegram_webhook.php:77
Stack trace:
#0 {main}
  thrown in /home/edep2025/public_html/actions/telegram_webhook.php on line 77
[10-Sep-2025 11:44:49 UTC] PHP Fatal error:  Uncaught Error: Call to a member function bind_param() on bool in /home/edep2025/public_html/actions/telegram_webhook.php:34
Stack trace:
#0 {main}
  thrown in /home/edep2025/public_html/actions/telegram_webhook.php on line 34
[10-Sep-2025 11:45:52 UTC] PHP Fatal error:  Uncaught Error: Call to undefined function downloadTelegramFile() in /home/edep2025/public_html/actions/telegram_webhook.php:77
Stack trace:
#0 {main}
  thrown in /home/edep2025/public_html/actions/telegram_webhook.php on line 77
[10-Sep-2025 11:45:53 UTC] PHP Fatal error:  Uncaught Error: Call to a member function bind_param() on bool in /home/edep2025/public_html/actions/telegram_webhook.php:34
Stack trace:
#0 {main}
  thrown in /home/edep2025/public_html/actions/telegram_webhook.php on line 34
[10-Sep-2025 11:47:28 UTC] PHP Fatal error:  Uncaught Error: Call to a member function bind_param() on bool in /home/edep2025/public_html/actions/telegram_webhook.php:34
Stack trace:
#0 {main}
  thrown in /home/edep2025/public_html/actions/telegram_webhook.php on line 34
[10-Sep-2025 11:47:31 UTC] PHP Fatal error:  Uncaught Error: Call to undefined function downloadTelegramFile() in /home/edep2025/public_html/actions/telegram_webhook.php:77
Stack trace:
#0 {main}
  thrown in /home/edep2025/public_html/actions/telegram_webhook.php on line 77
[10-Sep-2025 11:48:33 UTC] PHP Fatal error:  Uncaught Error: Call to undefined function downloadTelegramFile() in /home/edep2025/public_html/actions/telegram_webhook.php:77
Stack trace:
#0 {main}
  thrown in /home/edep2025/public_html/actions/telegram_webhook.php on line 77
[10-Sep-2025 11:49:11 UTC] PHP Fatal error:  Uncaught Error: Call to a member function bind_param() on bool in /home/edep2025/public_html/actions/telegram_webhook.php:34
Stack trace:
#0 {main}
  thrown in /home/edep2025/public_html/actions/telegram_webhook.php on line 34
[10-Sep-2025 11:50:22 UTC] PHP Fatal error:  Uncaught Error: Call to undefined function downloadTelegramFile() in /home/edep2025/public_html/actions/telegram_webhook.php:77
Stack trace:
#0 {main}
  thrown in /home/edep2025/public_html/actions/telegram_webhook.php on line 77
[10-Sep-2025 11:51:08 UTC] PHP Fatal error:  Uncaught Error: Call to a member function bind_param() on bool in /home/edep2025/public_html/actions/telegram_webhook.php:34
Stack trace:
#0 {main}
  thrown in /home/edep2025/public_html/actions/telegram_webhook.php on line 34
[10-Sep-2025 11:52:02 UTC] PHP Fatal error:  Uncaught Error: Call to undefined function downloadTelegramFile() in /home/edep2025/public_html/actions/telegram_webhook.php:77
Stack trace:
#0 {main}
  thrown in /home/edep2025/public_html/actions/telegram_webhook.php on line 77
[10-Sep-2025 11:52:39 UTC] PHP Fatal error:  Uncaught Error: Call to a member function bind_param() on bool in /home/edep2025/public_html/actions/telegram_webhook.php:34
Stack trace:
#0 {main}
  thrown in /home/edep2025/public_html/actions/telegram_webhook.php on line 34
[10-Sep-2025 11:53:34 UTC] PHP Fatal error:  Uncaught Error: Call to undefined function downloadTelegramFile() in /home/edep2025/public_html/actions/telegram_webhook.php:77
Stack trace:
#0 {main}
  thrown in /home/edep2025/public_html/actions/telegram_webhook.php on line 77
[10-Sep-2025 11:54:23 UTC] PHP Fatal error:  Uncaught Error: Call to a member function bind_param() on bool in /home/edep2025/public_html/actions/telegram_webhook.php:34
Stack trace:
#0 {main}
  thrown in /home/edep2025/public_html/actions/telegram_webhook.php on line 34
[10-Sep-2025 11:55:24 UTC] PHP Fatal error:  Uncaught Error: Call to undefined function downloadTelegramFile() in /home/edep2025/public_html/actions/telegram_webhook.php:77
Stack trace:
#0 {main}
  thrown in /home/edep2025/public_html/actions/telegram_webhook.php on line 77
[10-Sep-2025 11:55:54 UTC] PHP Fatal error:  Uncaught Error: Call to a member function bind_param() on bool in /home/edep2025/public_html/actions/telegram_webhook.php:34
Stack trace:
#0 {main}
  thrown in /home/edep2025/public_html/actions/telegram_webhook.php on line 34
[10-Sep-2025 11:57:01 UTC] PHP Fatal error:  Uncaught Error: Call to undefined function downloadTelegramFile() in /home/edep2025/public_html/actions/telegram_webhook.php:77
Stack trace:
#0 {main}
  thrown in /home/edep2025/public_html/actions/telegram_webhook.php on line 77
[10-Sep-2025 11:57:41 UTC] PHP Fatal error:  Uncaught Error: Call to a member function bind_param() on bool in /home/edep2025/public_html/actions/telegram_webhook.php:34
Stack trace:
#0 {main}
  thrown in /home/edep2025/public_html/actions/telegram_webhook.php on line 34
[10-Sep-2025 11:58:54 UTC] PHP Fatal error:  Uncaught Error: Call to undefined function downloadTelegramFile() in /home/edep2025/public_html/actions/telegram_webhook.php:77
Stack trace:
#0 {main}
  thrown in /home/edep2025/public_html/actions/telegram_webhook.php on line 77
[10-Sep-2025 11:59:32 UTC] PHP Fatal error:  Uncaught Error: Call to a member function bind_param() on bool in /home/edep2025/public_html/actions/telegram_webhook.php:34
Stack trace:
#0 {main}
  thrown in /home/edep2025/public_html/actions/telegram_webhook.php on line 34
[10-Sep-2025 12:00:16 UTC] PHP Fatal error:  Uncaught Error: Call to undefined function downloadTelegramFile() in /home/edep2025/public_html/actions/telegram_webhook.php:77
Stack trace:
#0 {main}
  thrown in /home/edep2025/public_html/actions/telegram_webhook.php on line 77
[10-Sep-2025 12:01:30 UTC] PHP Fatal error:  Uncaught Error: Call to a member function bind_param() on bool in /home/edep2025/public_html/actions/telegram_webhook.php:34
Stack trace:
#0 {main}
  thrown in /home/edep2025/public_html/actions/telegram_webhook.php on line 34
[10-Sep-2025 12:01:36 UTC] PHP Fatal error:  Uncaught Error: Call to undefined function downloadTelegramFile() in /home/edep2025/public_html/actions/telegram_webhook.php:77
Stack trace:
#0 {main}
  thrown in /home/edep2025/public_html/actions/telegram_webhook.php on line 77
[10-Sep-2025 12:02:42 UTC] PHP Fatal error:  Uncaught Error: Call to a member function bind_param() on bool in /home/edep2025/public_html/actions/telegram_webhook.php:34
Stack trace:
#0 {main}
  thrown in /home/edep2025/public_html/actions/telegram_webhook.php on line 34
[10-Sep-2025 12:03:03 UTC] PHP Fatal error:  Uncaught Error: Call to undefined function downloadTelegramFile() in /home/edep2025/public_html/actions/telegram_webhook.php:77
Stack trace:
#0 {main}
  thrown in /home/edep2025/public_html/actions/telegram_webhook.php on line 77
[10-Sep-2025 12:03:54 UTC] PHP Fatal error:  Uncaught Error: Call to a member function bind_param() on bool in /home/edep2025/public_html/actions/telegram_webhook.php:34
Stack trace:
#0 {main}
  thrown in /home/edep2025/public_html/actions/telegram_webhook.php on line 34
[10-Sep-2025 12:04:08 UTC] PHP Fatal error:  Uncaught Error: Call to undefined function downloadTelegramFile() in /home/edep2025/public_html/actions/telegram_webhook.php:77
Stack trace:
#0 {main}
  thrown in /home/edep2025/public_html/actions/telegram_webhook.php on line 77
[10-Sep-2025 12:05:39 UTC] PHP Fatal error:  Uncaught Error: Call to undefined function downloadTelegramFile() in /home/edep2025/public_html/actions/telegram_webhook.php:77
Stack trace:
#0 {main}
  thrown in /home/edep2025/public_html/actions/telegram_webhook.php on line 77
[10-Sep-2025 12:05:45 UTC] PHP Fatal error:  Uncaught Error: Call to a member function bind_param() on bool in /home/edep2025/public_html/actions/telegram_webhook.php:34
Stack trace:
#0 {main}
  thrown in /home/edep2025/public_html/actions/telegram_webhook.php on line 34
[10-Sep-2025 12:07:16 UTC] PHP Fatal error:  Uncaught Error: Call to undefined function downloadTelegramFile() in /home/edep2025/public_html/actions/telegram_webhook.php:77
Stack trace:
#0 {main}
  thrown in /home/edep2025/public_html/actions/telegram_webhook.php on line 77
[10-Sep-2025 12:07:43 UTC] PHP Fatal error:  Uncaught Error: Call to a member function bind_param() on bool in /home/edep2025/public_html/actions/telegram_webhook.php:34
Stack trace:
#0 {main}
  thrown in /home/edep2025/public_html/actions/telegram_webhook.php on line 34
[10-Sep-2025 12:08:57 UTC] PHP Fatal error:  Uncaught Error: Call to undefined function downloadTelegramFile() in /home/edep2025/public_html/actions/telegram_webhook.php:77
Stack trace:
#0 {main}
  thrown in /home/edep2025/public_html/actions/telegram_webhook.php on line 77
[10-Sep-2025 12:09:10 UTC] PHP Fatal error:  Uncaught Error: Call to a member function bind_param() on bool in /home/edep2025/public_html/actions/telegram_webhook.php:34
Stack trace:
#0 {main}
  thrown in /home/edep2025/public_html/actions/telegram_webhook.php on line 34
[10-Sep-2025 12:10:14 UTC] PHP Fatal error:  Uncaught Error: Call to undefined function downloadTelegramFile() in /home/edep2025/public_html/actions/telegram_webhook.php:77
Stack trace:
#0 {main}
  thrown in /home/edep2025/public_html/actions/telegram_webhook.php on line 77
[10-Sep-2025 12:10:59 UTC] PHP Fatal error:  Uncaught Error: Call to a member function bind_param() on bool in /home/edep2025/public_html/actions/telegram_webhook.php:34
Stack trace:
#0 {main}
  thrown in /home/edep2025/public_html/actions/telegram_webhook.php on line 34
[10-Sep-2025 12:11:40 UTC] PHP Fatal error:  Uncaught Error: Call to undefined function downloadTelegramFile() in /home/edep2025/public_html/actions/telegram_webhook.php:77
Stack trace:
#0 {main}
  thrown in /home/edep2025/public_html/actions/telegram_webhook.php on line 77
[10-Sep-2025 12:12:29 UTC] PHP Fatal error:  Uncaught Error: Call to a member function bind_param() on bool in /home/edep2025/public_html/actions/telegram_webhook.php:34
Stack trace:
#0 {main}
  thrown in /home/edep2025/public_html/actions/telegram_webhook.php on line 34
[10-Sep-2025 12:13:02 UTC] PHP Fatal error:  Uncaught Error: Call to undefined function downloadTelegramFile() in /home/edep2025/public_html/actions/telegram_webhook.php:77
Stack trace:
#0 {main}
  thrown in /home/edep2025/public_html/actions/telegram_webhook.php on line 77
[10-Sep-2025 12:13:52 UTC] PHP Fatal error:  Uncaught Error: Call to a member function bind_param() on bool in /home/edep2025/public_html/actions/telegram_webhook.php:34
Stack trace:
#0 {main}
  thrown in /home/edep2025/public_html/actions/telegram_webhook.php on line 34
[10-Sep-2025 12:14:18 UTC] PHP Fatal error:  Uncaught Error: Call to undefined function downloadTelegramFile() in /home/edep2025/public_html/actions/telegram_webhook.php:77
Stack trace:
#0 {main}
  thrown in /home/edep2025/public_html/actions/telegram_webhook.php on line 77
[10-Sep-2025 12:15:33 UTC] PHP Fatal error:  Uncaught Error: Call to undefined function downloadTelegramFile() in /home/edep2025/public_html/actions/telegram_webhook.php:77
Stack trace:
#0 {main}
  thrown in /home/edep2025/public_html/actions/telegram_webhook.php on line 77
[10-Sep-2025 12:15:35 UTC] PHP Fatal error:  Uncaught Error: Call to a member function bind_param() on bool in /home/edep2025/public_html/actions/telegram_webhook.php:34
Stack trace:
#0 {main}
  thrown in /home/edep2025/public_html/actions/telegram_webhook.php on line 34
[10-Sep-2025 12:17:11 UTC] PHP Fatal error:  Uncaught Error: Call to undefined function downloadTelegramFile() in /home/edep2025/public_html/actions/telegram_webhook.php:77
Stack trace:
#0 {main}
  thrown in /home/edep2025/public_html/actions/telegram_webhook.php on line 77
[10-Sep-2025 12:17:16 UTC] PHP Fatal error:  Uncaught Error: Call to a member function bind_param() on bool in /home/edep2025/public_html/actions/telegram_webhook.php:34
Stack trace:
#0 {main}
  thrown in /home/edep2025/public_html/actions/telegram_webhook.php on line 34
[10-Sep-2025 12:18:24 UTC] PHP Fatal error:  Uncaught Error: Call to a member function bind_param() on bool in /home/edep2025/public_html/actions/telegram_webhook.php:34
Stack trace:
#0 {main}
  thrown in /home/edep2025/public_html/actions/telegram_webhook.php on line 34
[10-Sep-2025 12:18:46 UTC] PHP Fatal error:  Uncaught Error: Call to undefined function downloadTelegramFile() in /home/edep2025/public_html/actions/telegram_webhook.php:77
Stack trace:
#0 {main}
  thrown in /home/edep2025/public_html/actions/telegram_webhook.php on line 77
[10-Sep-2025 12:19:50 UTC] PHP Fatal error:  Uncaught Error: Call to undefined function downloadTelegramFile() in /home/edep2025/public_html/actions/telegram_webhook.php:77
Stack trace:
#0 {main}
  thrown in /home/edep2025/public_html/actions/telegram_webhook.php on line 77
[10-Sep-2025 12:20:14 UTC] PHP Fatal error:  Uncaught Error: Call to a member function bind_param() on bool in /home/edep2025/public_html/actions/telegram_webhook.php:34
Stack trace:
#0 {main}
  thrown in /home/edep2025/public_html/actions/telegram_webhook.php on line 34
[10-Sep-2025 12:21:50 UTC] PHP Fatal error:  Uncaught Error: Call to undefined function downloadTelegramFile() in /home/edep2025/public_html/actions/telegram_webhook.php:77
Stack trace:
#0 {main}
  thrown in /home/edep2025/public_html/actions/telegram_webhook.php on line 77
[10-Sep-2025 12:21:58 UTC] PHP Fatal error:  Uncaught Error: Call to a member function bind_param() on bool in /home/edep2025/public_html/actions/telegram_webhook.php:34
Stack trace:
#0 {main}
  thrown in /home/edep2025/public_html/actions/telegram_webhook.php on line 34
[10-Sep-2025 12:23:40 UTC] PHP Fatal error:  Uncaught Error: Call to a member function bind_param() on bool in /home/edep2025/public_html/actions/telegram_webhook.php:34
Stack trace:
#0 {main}
  thrown in /home/edep2025/public_html/actions/telegram_webhook.php on line 34
[10-Sep-2025 12:23:45 UTC] PHP Fatal error:  Uncaught Error: Call to undefined function downloadTelegramFile() in /home/edep2025/public_html/actions/telegram_webhook.php:77
Stack trace:
#0 {main}
  thrown in /home/edep2025/public_html/actions/telegram_webhook.php on line 77
[10-Sep-2025 12:25:13 UTC] PHP Fatal error:  Uncaught Error: Call to undefined function downloadTelegramFile() in /home/edep2025/public_html/actions/telegram_webhook.php:77
Stack trace:
#0 {main}
  thrown in /home/edep2025/public_html/actions/telegram_webhook.php on line 77
[10-Sep-2025 12:25:14 UTC] PHP Fatal error:  Uncaught Error: Call to a member function bind_param() on bool in /home/edep2025/public_html/actions/telegram_webhook.php:34
Stack trace:
#0 {main}
  thrown in /home/edep2025/public_html/actions/telegram_webhook.php on line 34
[10-Sep-2025 12:26:13 UTC] PHP Fatal error:  Uncaught Error: Call to undefined function downloadTelegramFile() in /home/edep2025/public_html/actions/telegram_webhook.php:77
Stack trace:
#0 {main}
  thrown in /home/edep2025/public_html/actions/telegram_webhook.php on line 77
[10-Sep-2025 12:26:18 UTC] PHP Fatal error:  Uncaught Error: Call to a member function bind_param() on bool in /home/edep2025/public_html/actions/telegram_webhook.php:34
Stack trace:
#0 {main}
  thrown in /home/edep2025/public_html/actions/telegram_webhook.php on line 34
[10-Sep-2025 12:27:15 UTC] PHP Fatal error:  Uncaught Error: Call to undefined function downloadTelegramFile() in /home/edep2025/public_html/actions/telegram_webhook.php:77
Stack trace:
#0 {main}
  thrown in /home/edep2025/public_html/actions/telegram_webhook.php on line 77
[10-Sep-2025 12:27:21 UTC] PHP Fatal error:  Uncaught Error: Call to a member function bind_param() on bool in /home/edep2025/public_html/actions/telegram_webhook.php:34
Stack trace:
#0 {main}
  thrown in /home/edep2025/public_html/actions/telegram_webhook.php on line 34
[10-Sep-2025 12:28:20 UTC] PHP Fatal error:  Uncaught Error: Call to undefined function downloadTelegramFile() in /home/edep2025/public_html/actions/telegram_webhook.php:77
Stack trace:
#0 {main}
  thrown in /home/edep2025/public_html/actions/telegram_webhook.php on line 77
[10-Sep-2025 12:28:34 UTC] PHP Fatal error:  Uncaught Error: Call to a member function bind_param() on bool in /home/edep2025/public_html/actions/telegram_webhook.php:34
Stack trace:
#0 {main}
  thrown in /home/edep2025/public_html/actions/telegram_webhook.php on line 34
[10-Sep-2025 12:29:45 UTC] PHP Fatal error:  Uncaught Error: Call to undefined function downloadTelegramFile() in /home/edep2025/public_html/actions/telegram_webhook.php:77
Stack trace:
#0 {main}
  thrown in /home/edep2025/public_html/actions/telegram_webhook.php on line 77
[10-Sep-2025 12:29:51 UTC] PHP Fatal error:  Uncaught Error: Call to a member function bind_param() on bool in /home/edep2025/public_html/actions/telegram_webhook.php:34
Stack trace:
#0 {main}
  thrown in /home/edep2025/public_html/actions/telegram_webhook.php on line 34
[10-Sep-2025 12:31:01 UTC] PHP Fatal error:  Uncaught Error: Call to a member function bind_param() on bool in /home/edep2025/public_html/actions/telegram_webhook.php:34
Stack trace:
#0 {main}
  thrown in /home/edep2025/public_html/actions/telegram_webhook.php on line 34
[10-Sep-2025 12:31:41 UTC] PHP Fatal error:  Uncaught Error: Call to undefined function downloadTelegramFile() in /home/edep2025/public_html/actions/telegram_webhook.php:77
Stack trace:
#0 {main}
  thrown in /home/edep2025/public_html/actions/telegram_webhook.php on line 77
[10-Sep-2025 12:32:16 UTC] PHP Fatal error:  Uncaught Error: Call to a member function bind_param() on bool in /home/edep2025/public_html/actions/telegram_webhook.php:34
Stack trace:
#0 {main}
  thrown in /home/edep2025/public_html/actions/telegram_webhook.php on line 34
[10-Sep-2025 12:33:16 UTC] PHP Fatal error:  Uncaught Error: Call to undefined function downloadTelegramFile() in /home/edep2025/public_html/actions/telegram_webhook.php:77
Stack trace:
#0 {main}
  thrown in /home/edep2025/public_html/actions/telegram_webhook.php on line 77
[10-Sep-2025 12:33:27 UTC] PHP Fatal error:  Uncaught Error: Call to a member function bind_param() on bool in /home/edep2025/public_html/actions/telegram_webhook.php:34
Stack trace:
#0 {main}
  thrown in /home/edep2025/public_html/actions/telegram_webhook.php on line 34
[10-Sep-2025 12:34:58 UTC] PHP Fatal error:  Uncaught Error: Call to a member function bind_param() on bool in /home/edep2025/public_html/actions/telegram_webhook.php:34
Stack trace:
#0 {main}
  thrown in /home/edep2025/public_html/actions/telegram_webhook.php on line 34
[10-Sep-2025 12:35:08 UTC] PHP Fatal error:  Uncaught Error: Call to undefined function downloadTelegramFile() in /home/edep2025/public_html/actions/telegram_webhook.php:77
Stack trace:
#0 {main}
  thrown in /home/edep2025/public_html/actions/telegram_webhook.php on line 77
[10-Sep-2025 12:36:30 UTC] PHP Fatal error:  Uncaught Error: Call to undefined function downloadTelegramFile() in /home/edep2025/public_html/actions/telegram_webhook.php:77
Stack trace:
#0 {main}
  thrown in /home/edep2025/public_html/actions/telegram_webhook.php on line 77
[10-Sep-2025 12:36:36 UTC] PHP Fatal error:  Uncaught Error: Call to a member function bind_param() on bool in /home/edep2025/public_html/actions/telegram_webhook.php:34
Stack trace:
#0 {main}
  thrown in /home/edep2025/public_html/actions/telegram_webhook.php on line 34
[10-Sep-2025 12:37:46 UTC] PHP Fatal error:  Uncaught Error: Call to undefined function downloadTelegramFile() in /home/edep2025/public_html/actions/telegram_webhook.php:77
Stack trace:
#0 {main}
  thrown in /home/edep2025/public_html/actions/telegram_webhook.php on line 77
[10-Sep-2025 12:38:07 UTC] PHP Fatal error:  Uncaught Error: Call to a member function bind_param() on bool in /home/edep2025/public_html/actions/telegram_webhook.php:34
Stack trace:
#0 {main}
  thrown in /home/edep2025/public_html/actions/telegram_webhook.php on line 34
[10-Sep-2025 12:39:08 UTC] PHP Fatal error:  Uncaught Error: Call to undefined function downloadTelegramFile() in /home/edep2025/public_html/actions/telegram_webhook.php:77
Stack trace:
#0 {main}
  thrown in /home/edep2025/public_html/actions/telegram_webhook.php on line 77
[10-Sep-2025 12:39:49 UTC] PHP Fatal error:  Uncaught Error: Call to a member function bind_param() on bool in /home/edep2025/public_html/actions/telegram_webhook.php:34
Stack trace:
#0 {main}
  thrown in /home/edep2025/public_html/actions/telegram_webhook.php on line 34
[10-Sep-2025 12:40:56 UTC] PHP Fatal error:  Uncaught Error: Call to undefined function downloadTelegramFile() in /home/edep2025/public_html/actions/telegram_webhook.php:77
Stack trace:
#0 {main}
  thrown in /home/edep2025/public_html/actions/telegram_webhook.php on line 77
[10-Sep-2025 12:41:22 UTC] PHP Fatal error:  Uncaught Error: Call to a member function bind_param() on bool in /home/edep2025/public_html/actions/telegram_webhook.php:34
Stack trace:
#0 {main}
  thrown in /home/edep2025/public_html/actions/telegram_webhook.php on line 34
[10-Sep-2025 12:42:27 UTC] PHP Fatal error:  Uncaught Error: Call to a member function bind_param() on bool in /home/edep2025/public_html/actions/telegram_webhook.php:34
Stack trace:
#0 {main}
  thrown in /home/edep2025/public_html/actions/telegram_webhook.php on line 34
[10-Sep-2025 12:42:52 UTC] PHP Fatal error:  Uncaught Error: Call to undefined function downloadTelegramFile() in /home/edep2025/public_html/actions/telegram_webhook.php:77
Stack trace:
#0 {main}
  thrown in /home/edep2025/public_html/actions/telegram_webhook.php on line 77
[10-Sep-2025 12:43:54 UTC] PHP Fatal error:  Uncaught Error: Call to undefined function downloadTelegramFile() in /home/edep2025/public_html/actions/telegram_webhook.php:77
Stack trace:
#0 {main}
  thrown in /home/edep2025/public_html/actions/telegram_webhook.php on line 77
[10-Sep-2025 12:44:08 UTC] PHP Fatal error:  Uncaught Error: Call to a member function bind_param() on bool in /home/edep2025/public_html/actions/telegram_webhook.php:34
Stack trace:
#0 {main}
  thrown in /home/edep2025/public_html/actions/telegram_webhook.php on line 34
[10-Sep-2025 12:45:41 UTC] PHP Fatal error:  Uncaught Error: Call to undefined function downloadTelegramFile() in /home/edep2025/public_html/actions/telegram_webhook.php:77
Stack trace:
#0 {main}
  thrown in /home/edep2025/public_html/actions/telegram_webhook.php on line 77
[10-Sep-2025 12:45:59 UTC] PHP Fatal error:  Uncaught Error: Call to a member function bind_param() on bool in /home/edep2025/public_html/actions/telegram_webhook.php:34
Stack trace:
#0 {main}
  thrown in /home/edep2025/public_html/actions/telegram_webhook.php on line 34
[10-Sep-2025 12:47:16 UTC] PHP Fatal error:  Uncaught Error: Call to undefined function downloadTelegramFile() in /home/edep2025/public_html/actions/telegram_webhook.php:77
Stack trace:
#0 {main}
  thrown in /home/edep2025/public_html/actions/telegram_webhook.php on line 77
[10-Sep-2025 12:47:54 UTC] PHP Fatal error:  Uncaught Error: Call to a member function bind_param() on bool in /home/edep2025/public_html/actions/telegram_webhook.php:34
Stack trace:
#0 {main}
  thrown in /home/edep2025/public_html/actions/telegram_webhook.php on line 34
[10-Sep-2025 12:49:02 UTC] PHP Fatal error:  Uncaught Error: Call to undefined function downloadTelegramFile() in /home/edep2025/public_html/actions/telegram_webhook.php:77
Stack trace:
#0 {main}
  thrown in /home/edep2025/public_html/actions/telegram_webhook.php on line 77
[10-Sep-2025 12:49:37 UTC] PHP Fatal error:  Uncaught Error: Call to a member function bind_param() on bool in /home/edep2025/public_html/actions/telegram_webhook.php:34
Stack trace:
#0 {main}
  thrown in /home/edep2025/public_html/actions/telegram_webhook.php on line 34
[10-Sep-2025 12:50:32 UTC] PHP Fatal error:  Uncaught Error: Call to undefined function downloadTelegramFile() in /home/edep2025/public_html/actions/telegram_webhook.php:77
Stack trace:
#0 {main}
  thrown in /home/edep2025/public_html/actions/telegram_webhook.php on line 77
[10-Sep-2025 12:51:08 UTC] PHP Fatal error:  Uncaught Error: Call to a member function bind_param() on bool in /home/edep2025/public_html/actions/telegram_webhook.php:34
Stack trace:
#0 {main}
  thrown in /home/edep2025/public_html/actions/telegram_webhook.php on line 34
[10-Sep-2025 12:52:11 UTC] PHP Fatal error:  Uncaught Error: Call to a member function bind_param() on bool in /home/edep2025/public_html/actions/telegram_webhook.php:34
Stack trace:
#0 {main}
  thrown in /home/edep2025/public_html/actions/telegram_webhook.php on line 34
[10-Sep-2025 12:52:16 UTC] PHP Fatal error:  Uncaught Error: Call to undefined function downloadTelegramFile() in /home/edep2025/public_html/actions/telegram_webhook.php:77
Stack trace:
#0 {main}
  thrown in /home/edep2025/public_html/actions/telegram_webhook.php on line 77
[10-Sep-2025 12:53:35 UTC] PHP Fatal error:  Uncaught Error: Call to a member function bind_param() on bool in /home/edep2025/public_html/actions/telegram_webhook.php:34
Stack trace:
#0 {main}
  thrown in /home/edep2025/public_html/actions/telegram_webhook.php on line 34
[10-Sep-2025 12:53:43 UTC] PHP Fatal error:  Uncaught Error: Call to undefined function downloadTelegramFile() in /home/edep2025/public_html/actions/telegram_webhook.php:77
Stack trace:
#0 {main}
  thrown in /home/edep2025/public_html/actions/telegram_webhook.php on line 77
[10-Sep-2025 12:55:32 UTC] PHP Fatal error:  Uncaught Error: Call to a member function bind_param() on bool in /home/edep2025/public_html/actions/telegram_webhook.php:34
Stack trace:
#0 {main}
  thrown in /home/edep2025/public_html/actions/telegram_webhook.php on line 34
[10-Sep-2025 12:55:38 UTC] PHP Fatal error:  Uncaught Error: Call to undefined function downloadTelegramFile() in /home/edep2025/public_html/actions/telegram_webhook.php:77
Stack trace:
#0 {main}
  thrown in /home/edep2025/public_html/actions/telegram_webhook.php on line 77
[10-Sep-2025 12:56:52 UTC] PHP Fatal error:  Uncaught Error: Call to undefined function downloadTelegramFile() in /home/edep2025/public_html/actions/telegram_webhook.php:77
Stack trace:
#0 {main}
  thrown in /home/edep2025/public_html/actions/telegram_webhook.php on line 77
[10-Sep-2025 12:57:07 UTC] PHP Fatal error:  Uncaught Error: Call to a member function bind_param() on bool in /home/edep2025/public_html/actions/telegram_webhook.php:34
Stack trace:
#0 {main}
  thrown in /home/edep2025/public_html/actions/telegram_webhook.php on line 34
[10-Sep-2025 12:58:09 UTC] PHP Fatal error:  Uncaught Error: Call to undefined function downloadTelegramFile() in /home/edep2025/public_html/actions/telegram_webhook.php:77
Stack trace:
#0 {main}
  thrown in /home/edep2025/public_html/actions/telegram_webhook.php on line 77
[10-Sep-2025 12:58:56 UTC] PHP Fatal error:  Uncaught Error: Call to a member function bind_param() on bool in /home/edep2025/public_html/actions/telegram_webhook.php:34
Stack trace:
#0 {main}
  thrown in /home/edep2025/public_html/actions/telegram_webhook.php on line 34
[10-Sep-2025 13:00:05 UTC] PHP Fatal error:  Uncaught Error: Call to a member function bind_param() on bool in /home/edep2025/public_html/actions/telegram_webhook.php:34
Stack trace:
#0 {main}
  thrown in /home/edep2025/public_html/actions/telegram_webhook.php on line 34
[10-Sep-2025 13:00:07 UTC] PHP Fatal error:  Uncaught Error: Call to undefined function downloadTelegramFile() in /home/edep2025/public_html/actions/telegram_webhook.php:77
Stack trace:
#0 {main}
  thrown in /home/edep2025/public_html/actions/telegram_webhook.php on line 77
[10-Sep-2025 13:01:20 UTC] PHP Fatal error:  Uncaught Error: Call to a member function bind_param() on bool in /home/edep2025/public_html/actions/telegram_webhook.php:34
Stack trace:
#0 {main}
  thrown in /home/edep2025/public_html/actions/telegram_webhook.php on line 34
[10-Sep-2025 13:01:46 UTC] PHP Fatal error:  Uncaught Error: Call to undefined function downloadTelegramFile() in /home/edep2025/public_html/actions/telegram_webhook.php:77
Stack trace:
#0 {main}
  thrown in /home/edep2025/public_html/actions/telegram_webhook.php on line 77
[10-Sep-2025 13:03:21 UTC] PHP Fatal error:  Uncaught Error: Call to undefined function downloadTelegramFile() in /home/edep2025/public_html/actions/telegram_webhook.php:77
Stack trace:
#0 {main}
  thrown in /home/edep2025/public_html/actions/telegram_webhook.php on line 77
[10-Sep-2025 13:03:21 UTC] PHP Fatal error:  Uncaught Error: Call to a member function bind_param() on bool in /home/edep2025/public_html/actions/telegram_webhook.php:34
Stack trace:
#0 {main}
  thrown in /home/edep2025/public_html/actions/telegram_webhook.php on line 34
[10-Sep-2025 13:05:05 UTC] PHP Fatal error:  Uncaught Error: Call to undefined function downloadTelegramFile() in /home/edep2025/public_html/actions/telegram_webhook.php:77
Stack trace:
#0 {main}
  thrown in /home/edep2025/public_html/actions/telegram_webhook.php on line 77
[10-Sep-2025 13:05:06 UTC] PHP Fatal error:  Uncaught Error: Call to a member function bind_param() on bool in /home/edep2025/public_html/actions/telegram_webhook.php:34
Stack trace:
#0 {main}
  thrown in /home/edep2025/public_html/actions/telegram_webhook.php on line 34
[10-Sep-2025 13:06:11 UTC] PHP Fatal error:  Uncaught Error: Call to a member function bind_param() on bool in /home/edep2025/public_html/actions/telegram_webhook.php:34
Stack trace:
#0 {main}
  thrown in /home/edep2025/public_html/actions/telegram_webhook.php on line 34
[10-Sep-2025 13:06:59 UTC] PHP Fatal error:  Uncaught Error: Call to undefined function downloadTelegramFile() in /home/edep2025/public_html/actions/telegram_webhook.php:77
Stack trace:
#0 {main}
  thrown in /home/edep2025/public_html/actions/telegram_webhook.php on line 77
[10-Sep-2025 13:08:09 UTC] PHP Fatal error:  Uncaught Error: Call to a member function bind_param() on bool in /home/edep2025/public_html/actions/telegram_webhook.php:34
Stack trace:
#0 {main}
  thrown in /home/edep2025/public_html/actions/telegram_webhook.php on line 34
[10-Sep-2025 13:08:54 UTC] PHP Fatal error:  Uncaught Error: Call to undefined function downloadTelegramFile() in /home/edep2025/public_html/actions/telegram_webhook.php:77
Stack trace:
#0 {main}
  thrown in /home/edep2025/public_html/actions/telegram_webhook.php on line 77
[10-Sep-2025 13:09:19 UTC] PHP Fatal error:  Uncaught Error: Call to a member function bind_param() on bool in /home/edep2025/public_html/actions/telegram_webhook.php:34
Stack trace:
#0 {main}
  thrown in /home/edep2025/public_html/actions/telegram_webhook.php on line 34
[10-Sep-2025 13:10:22 UTC] PHP Fatal error:  Uncaught Error: Call to undefined function downloadTelegramFile() in /home/edep2025/public_html/actions/telegram_webhook.php:77
Stack trace:
#0 {main}
  thrown in /home/edep2025/public_html/actions/telegram_webhook.php on line 77
[10-Sep-2025 13:10:26 UTC] PHP Fatal error:  Uncaught Error: Call to a member function bind_param() on bool in /home/edep2025/public_html/actions/telegram_webhook.php:34
Stack trace:
#0 {main}
  thrown in /home/edep2025/public_html/actions/telegram_webhook.php on line 34
[10-Sep-2025 13:11:32 UTC] PHP Fatal error:  Uncaught Error: Call to undefined function downloadTelegramFile() in /home/edep2025/public_html/actions/telegram_webhook.php:77
Stack trace:
#0 {main}
  thrown in /home/edep2025/public_html/actions/telegram_webhook.php on line 77
[10-Sep-2025 13:12:05 UTC] PHP Fatal error:  Uncaught Error: Call to a member function bind_param() on bool in /home/edep2025/public_html/actions/telegram_webhook.php:34
Stack trace:
#0 {main}
  thrown in /home/edep2025/public_html/actions/telegram_webhook.php on line 34
[10-Sep-2025 13:12:56 UTC] PHP Fatal error:  Uncaught Error: Call to undefined function downloadTelegramFile() in /home/edep2025/public_html/actions/telegram_webhook.php:77
Stack trace:
#0 {main}
  thrown in /home/edep2025/public_html/actions/telegram_webhook.php on line 77
[10-Sep-2025 13:13:11 UTC] PHP Fatal error:  Uncaught Error: Call to a member function bind_param() on bool in /home/edep2025/public_html/actions/telegram_webhook.php:34
Stack trace:
#0 {main}
  thrown in /home/edep2025/public_html/actions/telegram_webhook.php on line 34
[10-Sep-2025 13:14:13 UTC] PHP Fatal error:  Uncaught Error: Call to undefined function downloadTelegramFile() in /home/edep2025/public_html/actions/telegram_webhook.php:77
Stack trace:
#0 {main}
  thrown in /home/edep2025/public_html/actions/telegram_webhook.php on line 77
[10-Sep-2025 13:14:17 UTC] PHP Fatal error:  Uncaught Error: Call to a member function bind_param() on bool in /home/edep2025/public_html/actions/telegram_webhook.php:34
Stack trace:
#0 {main}
  thrown in /home/edep2025/public_html/actions/telegram_webhook.php on line 34
[10-Sep-2025 13:15:30 UTC] PHP Fatal error:  Uncaught Error: Call to undefined function downloadTelegramFile() in /home/edep2025/public_html/actions/telegram_webhook.php:77
Stack trace:
#0 {main}
  thrown in /home/edep2025/public_html/actions/telegram_webhook.php on line 77
[10-Sep-2025 13:16:13 UTC] PHP Fatal error:  Uncaught Error: Call to a member function bind_param() on bool in /home/edep2025/public_html/actions/telegram_webhook.php:34
Stack trace:
#0 {main}
  thrown in /home/edep2025/public_html/actions/telegram_webhook.php on line 34
[10-Sep-2025 13:17:21 UTC] PHP Fatal error:  Uncaught Error: Call to undefined function downloadTelegramFile() in /home/edep2025/public_html/actions/telegram_webhook.php:77
Stack trace:
#0 {main}
  thrown in /home/edep2025/public_html/actions/telegram_webhook.php on line 77
[10-Sep-2025 13:17:23 UTC] PHP Fatal error:  Uncaught Error: Call to a member function bind_param() on bool in /home/edep2025/public_html/actions/telegram_webhook.php:34
Stack trace:
#0 {main}
  thrown in /home/edep2025/public_html/actions/telegram_webhook.php on line 34
[10-Sep-2025 13:18:31 UTC] PHP Fatal error:  Uncaught Error: Call to undefined function downloadTelegramFile() in /home/edep2025/public_html/actions/telegram_webhook.php:77
Stack trace:
#0 {main}
  thrown in /home/edep2025/public_html/actions/telegram_webhook.php on line 77
[10-Sep-2025 13:19:00 UTC] PHP Fatal error:  Uncaught Error: Call to a member function bind_param() on bool in /home/edep2025/public_html/actions/telegram_webhook.php:34
Stack trace:
#0 {main}
  thrown in /home/edep2025/public_html/actions/telegram_webhook.php on line 34
[10-Sep-2025 13:19:46 UTC] PHP Fatal error:  Uncaught Error: Call to undefined function downloadTelegramFile() in /home/edep2025/public_html/actions/telegram_webhook.php:77
Stack trace:
#0 {main}
  thrown in /home/edep2025/public_html/actions/telegram_webhook.php on line 77
[10-Sep-2025 13:20:39 UTC] PHP Fatal error:  Uncaught Error: Call to a member function bind_param() on bool in /home/edep2025/public_html/actions/telegram_webhook.php:34
Stack trace:
#0 {main}
  thrown in /home/edep2025/public_html/actions/telegram_webhook.php on line 34
[10-Sep-2025 13:21:19 UTC] PHP Fatal error:  Uncaught Error: Call to undefined function downloadTelegramFile() in /home/edep2025/public_html/actions/telegram_webhook.php:77
Stack trace:
#0 {main}
  thrown in /home/edep2025/public_html/actions/telegram_webhook.php on line 77
[10-Sep-2025 13:21:58 UTC] PHP Fatal error:  Uncaught Error: Call to a member function bind_param() on bool in /home/edep2025/public_html/actions/telegram_webhook.php:34
Stack trace:
#0 {main}
  thrown in /home/edep2025/public_html/actions/telegram_webhook.php on line 34
[10-Sep-2025 13:22:35 UTC] PHP Fatal error:  Uncaught Error: Call to undefined function downloadTelegramFile() in /home/edep2025/public_html/actions/telegram_webhook.php:77
Stack trace:
#0 {main}
  thrown in /home/edep2025/public_html/actions/telegram_webhook.php on line 77
[10-Sep-2025 13:23:44 UTC] PHP Fatal error:  Uncaught Error: Call to a member function bind_param() on bool in /home/edep2025/public_html/actions/telegram_webhook.php:34
Stack trace:
#0 {main}
  thrown in /home/edep2025/public_html/actions/telegram_webhook.php on line 34
[10-Sep-2025 13:24:15 UTC] PHP Fatal error:  Uncaught Error: Call to undefined function downloadTelegramFile() in /home/edep2025/public_html/actions/telegram_webhook.php:77
Stack trace:
#0 {main}
  thrown in /home/edep2025/public_html/actions/telegram_webhook.php on line 77
[10-Sep-2025 13:25:34 UTC] PHP Fatal error:  Uncaught Error: Call to a member function bind_param() on bool in /home/edep2025/public_html/actions/telegram_webhook.php:34
Stack trace:
#0 {main}
  thrown in /home/edep2025/public_html/actions/telegram_webhook.php on line 34
[10-Sep-2025 13:26:14 UTC] PHP Fatal error:  Uncaught Error: Call to undefined function downloadTelegramFile() in /home/edep2025/public_html/actions/telegram_webhook.php:77
Stack trace:
#0 {main}
  thrown in /home/edep2025/public_html/actions/telegram_webhook.php on line 77
[10-Sep-2025 13:26:44 UTC] PHP Fatal error:  Uncaught Error: Call to a member function bind_param() on bool in /home/edep2025/public_html/actions/telegram_webhook.php:34
Stack trace:
#0 {main}
  thrown in /home/edep2025/public_html/actions/telegram_webhook.php on line 34
[10-Sep-2025 13:27:40 UTC] PHP Fatal error:  Uncaught Error: Call to undefined function downloadTelegramFile() in /home/edep2025/public_html/actions/telegram_webhook.php:77
Stack trace:
#0 {main}
  thrown in /home/edep2025/public_html/actions/telegram_webhook.php on line 77
[10-Sep-2025 13:28:37 UTC] PHP Fatal error:  Uncaught Error: Call to a member function bind_param() on bool in /home/edep2025/public_html/actions/telegram_webhook.php:34
Stack trace:
#0 {main}
  thrown in /home/edep2025/public_html/actions/telegram_webhook.php on line 34
[10-Sep-2025 13:29:09 UTC] PHP Fatal error:  Uncaught Error: Call to undefined function downloadTelegramFile() in /home/edep2025/public_html/actions/telegram_webhook.php:77
Stack trace:
#0 {main}
  thrown in /home/edep2025/public_html/actions/telegram_webhook.php on line 77
[10-Sep-2025 13:30:21 UTC] PHP Fatal error:  Uncaught Error: Call to undefined function downloadTelegramFile() in /home/edep2025/public_html/actions/telegram_webhook.php:77
Stack trace:
#0 {main}
  thrown in /home/edep2025/public_html/actions/telegram_webhook.php on line 77
[10-Sep-2025 13:30:26 UTC] PHP Fatal error:  Uncaught Error: Call to a member function bind_param() on bool in /home/edep2025/public_html/actions/telegram_webhook.php:34
Stack trace:
#0 {main}
  thrown in /home/edep2025/public_html/actions/telegram_webhook.php on line 34
[10-Sep-2025 13:31:29 UTC] PHP Fatal error:  Uncaught Error: Call to a member function bind_param() on bool in /home/edep2025/public_html/actions/telegram_webhook.php:34
Stack trace:
#0 {main}
  thrown in /home/edep2025/public_html/actions/telegram_webhook.php on line 34
[10-Sep-2025 13:32:17 UTC] PHP Fatal error:  Uncaught Error: Call to undefined function downloadTelegramFile() in /home/edep2025/public_html/actions/telegram_webhook.php:77
Stack trace:
#0 {main}
  thrown in /home/edep2025/public_html/actions/telegram_webhook.php on line 77
[10-Sep-2025 13:32:31 UTC] PHP Fatal error:  Uncaught Error: Call to a member function bind_param() on bool in /home/edep2025/public_html/actions/telegram_webhook.php:34
Stack trace:
#0 {main}
  thrown in /home/edep2025/public_html/actions/telegram_webhook.php on line 34
[10-Sep-2025 13:33:47 UTC] PHP Fatal error:  Uncaught Error: Call to a member function bind_param() on bool in /home/edep2025/public_html/actions/telegram_webhook.php:34
Stack trace:
#0 {main}
  thrown in /home/edep2025/public_html/actions/telegram_webhook.php on line 34
[10-Sep-2025 13:34:10 UTC] PHP Fatal error:  Uncaught Error: Call to undefined function downloadTelegramFile() in /home/edep2025/public_html/actions/telegram_webhook.php:77
Stack trace:
#0 {main}
  thrown in /home/edep2025/public_html/actions/telegram_webhook.php on line 77
[10-Sep-2025 13:35:44 UTC] PHP Fatal error:  Uncaught Error: Call to a member function bind_param() on bool in /home/edep2025/public_html/actions/telegram_webhook.php:34
Stack trace:
#0 {main}
  thrown in /home/edep2025/public_html/actions/telegram_webhook.php on line 34
[10-Sep-2025 13:36:03 UTC] PHP Fatal error:  Uncaught Error: Call to undefined function downloadTelegramFile() in /home/edep2025/public_html/actions/telegram_webhook.php:77
Stack trace:
#0 {main}
  thrown in /home/edep2025/public_html/actions/telegram_webhook.php on line 77
[10-Sep-2025 13:36:53 UTC] PHP Fatal error:  Uncaught Error: Call to a member function bind_param() on bool in /home/edep2025/public_html/actions/telegram_webhook.php:34
Stack trace:
#0 {main}
  thrown in /home/edep2025/public_html/actions/telegram_webhook.php on line 34
[10-Sep-2025 13:37:11 UTC] PHP Fatal error:  Uncaught Error: Call to undefined function downloadTelegramFile() in /home/edep2025/public_html/actions/telegram_webhook.php:77
Stack trace:
#0 {main}
  thrown in /home/edep2025/public_html/actions/telegram_webhook.php on line 77
[10-Sep-2025 13:38:10 UTC] PHP Fatal error:  Uncaught Error: Call to a member function bind_param() on bool in /home/edep2025/public_html/actions/telegram_webhook.php:34
Stack trace:
#0 {main}
  thrown in /home/edep2025/public_html/actions/telegram_webhook.php on line 34
[10-Sep-2025 13:38:55 UTC] PHP Fatal error:  Uncaught Error: Call to undefined function downloadTelegramFile() in /home/edep2025/public_html/actions/telegram_webhook.php:77
Stack trace:
#0 {main}
  thrown in /home/edep2025/public_html/actions/telegram_webhook.php on line 77
[10-Sep-2025 13:39:33 UTC] PHP Fatal error:  Uncaught Error: Call to a member function bind_param() on bool in /home/edep2025/public_html/actions/telegram_webhook.php:34
Stack trace:
#0 {main}
  thrown in /home/edep2025/public_html/actions/telegram_webhook.php on line 34
[10-Sep-2025 13:40:02 UTC] PHP Fatal error:  Uncaught Error: Call to undefined function downloadTelegramFile() in /home/edep2025/public_html/actions/telegram_webhook.php:77
Stack trace:
#0 {main}
  thrown in /home/edep2025/public_html/actions/telegram_webhook.php on line 77
[10-Sep-2025 13:40:43 UTC] PHP Fatal error:  Uncaught Error: Call to a member function bind_param() on bool in /home/edep2025/public_html/actions/telegram_webhook.php:34
Stack trace:
#0 {main}
  thrown in /home/edep2025/public_html/actions/telegram_webhook.php on line 34
[10-Sep-2025 13:41:57 UTC] PHP Fatal error:  Uncaught Error: Call to undefined function downloadTelegramFile() in /home/edep2025/public_html/actions/telegram_webhook.php:77
Stack trace:
#0 {main}
  thrown in /home/edep2025/public_html/actions/telegram_webhook.php on line 77
[10-Sep-2025 13:42:39 UTC] PHP Fatal error:  Uncaught Error: Call to a member function bind_param() on bool in /home/edep2025/public_html/actions/telegram_webhook.php:34
Stack trace:
#0 {main}
  thrown in /home/edep2025/public_html/actions/telegram_webhook.php on line 34
[10-Sep-2025 13:43:23 UTC] PHP Fatal error:  Uncaught Error: Call to undefined function downloadTelegramFile() in /home/edep2025/public_html/actions/telegram_webhook.php:77
Stack trace:
#0 {main}
  thrown in /home/edep2025/public_html/actions/telegram_webhook.php on line 77
[10-Sep-2025 13:44:11 UTC] PHP Fatal error:  Uncaught Error: Call to a member function bind_param() on bool in /home/edep2025/public_html/actions/telegram_webhook.php:34
Stack trace:
#0 {main}
  thrown in /home/edep2025/public_html/actions/telegram_webhook.php on line 34
[10-Sep-2025 13:45:16 UTC] PHP Fatal error:  Uncaught Error: Call to undefined function downloadTelegramFile() in /home/edep2025/public_html/actions/telegram_webhook.php:77
Stack trace:
#0 {main}
  thrown in /home/edep2025/public_html/actions/telegram_webhook.php on line 77
[10-Sep-2025 13:45:40 UTC] PHP Fatal error:  Uncaught Error: Call to a member function bind_param() on bool in /home/edep2025/public_html/actions/telegram_webhook.php:34
Stack trace:
#0 {main}
  thrown in /home/edep2025/public_html/actions/telegram_webhook.php on line 34
[10-Sep-2025 13:47:08 UTC] PHP Fatal error:  Uncaught Error: Call to undefined function downloadTelegramFile() in /home/edep2025/public_html/actions/telegram_webhook.php:77
Stack trace:
#0 {main}
  thrown in /home/edep2025/public_html/actions/telegram_webhook.php on line 77
[10-Sep-2025 13:47:34 UTC] PHP Fatal error:  Uncaught Error: Call to a member function bind_param() on bool in /home/edep2025/public_html/actions/telegram_webhook.php:34
Stack trace:
#0 {main}
  thrown in /home/edep2025/public_html/actions/telegram_webhook.php on line 34
[10-Sep-2025 13:48:32 UTC] PHP Fatal error:  Uncaught Error: Call to undefined function downloadTelegramFile() in /home/edep2025/public_html/actions/telegram_webhook.php:77
Stack trace:
#0 {main}
  thrown in /home/edep2025/public_html/actions/telegram_webhook.php on line 77
[10-Sep-2025 13:49:01 UTC] PHP Fatal error:  Uncaught Error: Call to a member function bind_param() on bool in /home/edep2025/public_html/actions/telegram_webhook.php:34
Stack trace:
#0 {main}
  thrown in /home/edep2025/public_html/actions/telegram_webhook.php on line 34
[10-Sep-2025 13:50:23 UTC] PHP Fatal error:  Uncaught Error: Call to undefined function downloadTelegramFile() in /home/edep2025/public_html/actions/telegram_webhook.php:77
Stack trace:
#0 {main}
  thrown in /home/edep2025/public_html/actions/telegram_webhook.php on line 77
[10-Sep-2025 13:50:51 UTC] PHP Fatal error:  Uncaught Error: Call to a member function bind_param() on bool in /home/edep2025/public_html/actions/telegram_webhook.php:34
Stack trace:
#0 {main}
  thrown in /home/edep2025/public_html/actions/telegram_webhook.php on line 34
[10-Sep-2025 13:51:26 UTC] PHP Fatal error:  Uncaught Error: Call to undefined function downloadTelegramFile() in /home/edep2025/public_html/actions/telegram_webhook.php:77
Stack trace:
#0 {main}
  thrown in /home/edep2025/public_html/actions/telegram_webhook.php on line 77
[10-Sep-2025 13:52:26 UTC] PHP Fatal error:  Uncaught Error: Call to undefined function downloadTelegramFile() in /home/edep2025/public_html/actions/telegram_webhook.php:77
Stack trace:
#0 {main}
  thrown in /home/edep2025/public_html/actions/telegram_webhook.php on line 77
[10-Sep-2025 13:52:31 UTC] PHP Fatal error:  Uncaught Error: Call to a member function bind_param() on bool in /home/edep2025/public_html/actions/telegram_webhook.php:34
Stack trace:
#0 {main}
  thrown in /home/edep2025/public_html/actions/telegram_webhook.php on line 34
[10-Sep-2025 13:53:44 UTC] PHP Fatal error:  Uncaught Error: Call to a member function bind_param() on bool in /home/edep2025/public_html/actions/telegram_webhook.php:34
Stack trace:
#0 {main}
  thrown in /home/edep2025/public_html/actions/telegram_webhook.php on line 34
[10-Sep-2025 13:53:51 UTC] PHP Fatal error:  Uncaught Error: Call to undefined function downloadTelegramFile() in /home/edep2025/public_html/actions/telegram_webhook.php:77
Stack trace:
#0 {main}
  thrown in /home/edep2025/public_html/actions/telegram_webhook.php on line 77
[10-Sep-2025 13:55:21 UTC] PHP Fatal error:  Uncaught Error: Call to undefined function downloadTelegramFile() in /home/edep2025/public_html/actions/telegram_webhook.php:77
Stack trace:
#0 {main}
  thrown in /home/edep2025/public_html/actions/telegram_webhook.php on line 77
[10-Sep-2025 13:55:23 UTC] PHP Fatal error:  Uncaught Error: Call to a member function bind_param() on bool in /home/edep2025/public_html/actions/telegram_webhook.php:34
Stack trace:
#0 {main}
  thrown in /home/edep2025/public_html/actions/telegram_webhook.php on line 34
[10-Sep-2025 13:56:26 UTC] PHP Fatal error:  Uncaught Error: Call to undefined function downloadTelegramFile() in /home/edep2025/public_html/actions/telegram_webhook.php:77
Stack trace:
#0 {main}
  thrown in /home/edep2025/public_html/actions/telegram_webhook.php on line 77
[10-Sep-2025 13:57:22 UTC] PHP Fatal error:  Uncaught Error: Call to a member function bind_param() on bool in /home/edep2025/public_html/actions/telegram_webhook.php:34
Stack trace:
#0 {main}
  thrown in /home/edep2025/public_html/actions/telegram_webhook.php on line 34
[10-Sep-2025 13:57:55 UTC] PHP Fatal error:  Uncaught Error: Call to undefined function downloadTelegramFile() in /home/edep2025/public_html/actions/telegram_webhook.php:77
Stack trace:
#0 {main}
  thrown in /home/edep2025/public_html/actions/telegram_webhook.php on line 77
[10-Sep-2025 13:58:53 UTC] PHP Fatal error:  Uncaught Error: Call to a member function bind_param() on bool in /home/edep2025/public_html/actions/telegram_webhook.php:34
Stack trace:
#0 {main}
  thrown in /home/edep2025/public_html/actions/telegram_webhook.php on line 34
[10-Sep-2025 13:59:28 UTC] PHP Fatal error:  Uncaught Error: Call to undefined function downloadTelegramFile() in /home/edep2025/public_html/actions/telegram_webhook.php:77
Stack trace:
#0 {main}
  thrown in /home/edep2025/public_html/actions/telegram_webhook.php on line 77
[10-Sep-2025 14:00:51 UTC] PHP Fatal error:  Uncaught Error: Call to a member function bind_param() on bool in /home/edep2025/public_html/actions/telegram_webhook.php:34
Stack trace:
#0 {main}
  thrown in /home/edep2025/public_html/actions/telegram_webhook.php on line 34
[10-Sep-2025 14:00:54 UTC] PHP Fatal error:  Uncaught Error: Call to undefined function downloadTelegramFile() in /home/edep2025/public_html/actions/telegram_webhook.php:77
Stack trace:
#0 {main}
  thrown in /home/edep2025/public_html/actions/telegram_webhook.php on line 77
[10-Sep-2025 14:02:01 UTC] PHP Fatal error:  Uncaught Error: Call to a member function bind_param() on bool in /home/edep2025/public_html/actions/telegram_webhook.php:34
Stack trace:
#0 {main}
  thrown in /home/edep2025/public_html/actions/telegram_webhook.php on line 34
[10-Sep-2025 14:02:25 UTC] PHP Fatal error:  Uncaught Error: Call to undefined function downloadTelegramFile() in /home/edep2025/public_html/actions/telegram_webhook.php:77
Stack trace:
#0 {main}
  thrown in /home/edep2025/public_html/actions/telegram_webhook.php on line 77
[10-Sep-2025 14:03:35 UTC] PHP Fatal error:  Uncaught Error: Call to a member function bind_param() on bool in /home/edep2025/public_html/actions/telegram_webhook.php:34
Stack trace:
#0 {main}
  thrown in /home/edep2025/public_html/actions/telegram_webhook.php on line 34
[10-Sep-2025 14:03:51 UTC] PHP Fatal error:  Uncaught Error: Call to undefined function downloadTelegramFile() in /home/edep2025/public_html/actions/telegram_webhook.php:77
Stack trace:
#0 {main}
  thrown in /home/edep2025/public_html/actions/telegram_webhook.php on line 77
[10-Sep-2025 14:04:51 UTC] PHP Fatal error:  Uncaught Error: Call to a member function bind_param() on bool in /home/edep2025/public_html/actions/telegram_webhook.php:34
Stack trace:
#0 {main}
  thrown in /home/edep2025/public_html/actions/telegram_webhook.php on line 34
[10-Sep-2025 14:04:59 UTC] PHP Fatal error:  Uncaught Error: Call to undefined function downloadTelegramFile() in /home/edep2025/public_html/actions/telegram_webhook.php:77
Stack trace:
#0 {main}
  thrown in /home/edep2025/public_html/actions/telegram_webhook.php on line 77
[10-Sep-2025 14:06:14 UTC] PHP Fatal error:  Uncaught Error: Call to a member function bind_param() on bool in /home/edep2025/public_html/actions/telegram_webhook.php:34
Stack trace:
#0 {main}
  thrown in /home/edep2025/public_html/actions/telegram_webhook.php on line 34
[10-Sep-2025 14:06:47 UTC] PHP Fatal error:  Uncaught Error: Call to undefined function downloadTelegramFile() in /home/edep2025/public_html/actions/telegram_webhook.php:77
Stack trace:
#0 {main}
  thrown in /home/edep2025/public_html/actions/telegram_webhook.php on line 77
[10-Sep-2025 14:08:02 UTC] PHP Fatal error:  Uncaught Error: Call to a member function bind_param() on bool in /home/edep2025/public_html/actions/telegram_webhook.php:34
Stack trace:
#0 {main}
  thrown in /home/edep2025/public_html/actions/telegram_webhook.php on line 34
[10-Sep-2025 14:08:15 UTC] PHP Fatal error:  Uncaught Error: Call to undefined function downloadTelegramFile() in /home/edep2025/public_html/actions/telegram_webhook.php:77
Stack trace:
#0 {main}
  thrown in /home/edep2025/public_html/actions/telegram_webhook.php on line 77
[10-Sep-2025 14:09:26 UTC] PHP Fatal error:  Uncaught Error: Call to a member function bind_param() on bool in /home/edep2025/public_html/actions/telegram_webhook.php:34
Stack trace:
#0 {main}
  thrown in /home/edep2025/public_html/actions/telegram_webhook.php on line 34
[10-Sep-2025 14:09:48 UTC] PHP Fatal error:  Uncaught Error: Call to undefined function downloadTelegramFile() in /home/edep2025/public_html/actions/telegram_webhook.php:77
Stack trace:
#0 {main}
  thrown in /home/edep2025/public_html/actions/telegram_webhook.php on line 77
[10-Sep-2025 14:10:39 UTC] PHP Fatal error:  Uncaught Error: Call to a member function bind_param() on bool in /home/edep2025/public_html/actions/telegram_webhook.php:34
Stack trace:
#0 {main}
  thrown in /home/edep2025/public_html/actions/telegram_webhook.php on line 34
[10-Sep-2025 14:11:19 UTC] PHP Fatal error:  Uncaught Error: Call to undefined function downloadTelegramFile() in /home/edep2025/public_html/actions/telegram_webhook.php:77
Stack trace:
#0 {main}
  thrown in /home/edep2025/public_html/actions/telegram_webhook.php on line 77
[10-Sep-2025 14:12:03 UTC] PHP Fatal error:  Uncaught Error: Call to a member function bind_param() on bool in /home/edep2025/public_html/actions/telegram_webhook.php:34
Stack trace:
#0 {main}
  thrown in /home/edep2025/public_html/actions/telegram_webhook.php on line 34
[10-Sep-2025 14:12:21 UTC] PHP Fatal error:  Uncaught Error: Call to undefined function downloadTelegramFile() in /home/edep2025/public_html/actions/telegram_webhook.php:77
Stack trace:
#0 {main}
  thrown in /home/edep2025/public_html/actions/telegram_webhook.php on line 77
[10-Sep-2025 14:13:45 UTC] PHP Fatal error:  Uncaught Error: Call to a member function bind_param() on bool in /home/edep2025/public_html/actions/telegram_webhook.php:34
Stack trace:
#0 {main}
  thrown in /home/edep2025/public_html/actions/telegram_webhook.php on line 34
[10-Sep-2025 14:13:56 UTC] PHP Fatal error:  Uncaught Error: Call to undefined function downloadTelegramFile() in /home/edep2025/public_html/actions/telegram_webhook.php:77
Stack trace:
#0 {main}
  thrown in /home/edep2025/public_html/actions/telegram_webhook.php on line 77
[10-Sep-2025 14:15:01 UTC] PHP Fatal error:  Uncaught Error: Call to undefined function downloadTelegramFile() in /home/edep2025/public_html/actions/telegram_webhook.php:77
Stack trace:
#0 {main}
  thrown in /home/edep2025/public_html/actions/telegram_webhook.php on line 77
[10-Sep-2025 14:15:07 UTC] PHP Fatal error:  Uncaught Error: Call to a member function bind_param() on bool in /home/edep2025/public_html/actions/telegram_webhook.php:34
Stack trace:
#0 {main}
  thrown in /home/edep2025/public_html/actions/telegram_webhook.php on line 34
[10-Sep-2025 14:16:48 UTC] PHP Fatal error:  Uncaught Error: Call to a member function bind_param() on bool in /home/edep2025/public_html/actions/telegram_webhook.php:34
Stack trace:
#0 {main}
  thrown in /home/edep2025/public_html/actions/telegram_webhook.php on line 34
[10-Sep-2025 14:16:53 UTC] PHP Fatal error:  Uncaught Error: Call to undefined function downloadTelegramFile() in /home/edep2025/public_html/actions/telegram_webhook.php:77
Stack trace:
#0 {main}
  thrown in /home/edep2025/public_html/actions/telegram_webhook.php on line 77
[10-Sep-2025 14:18:02 UTC] PHP Fatal error:  Uncaught Error: Call to undefined function downloadTelegramFile() in /home/edep2025/public_html/actions/telegram_webhook.php:77
Stack trace:
#0 {main}
  thrown in /home/edep2025/public_html/actions/telegram_webhook.php on line 77
[10-Sep-2025 14:18:12 UTC] PHP Fatal error:  Uncaught Error: Call to a member function bind_param() on bool in /home/edep2025/public_html/actions/telegram_webhook.php:34
Stack trace:
#0 {main}
  thrown in /home/edep2025/public_html/actions/telegram_webhook.php on line 34
[10-Sep-2025 14:19:28 UTC] PHP Fatal error:  Uncaught Error: Call to undefined function downloadTelegramFile() in /home/edep2025/public_html/actions/telegram_webhook.php:77
Stack trace:
#0 {main}
  thrown in /home/edep2025/public_html/actions/telegram_webhook.php on line 77
[10-Sep-2025 14:20:06 UTC] PHP Fatal error:  Uncaught Error: Call to a member function bind_param() on bool in /home/edep2025/public_html/actions/telegram_webhook.php:34
Stack trace:
#0 {main}
  thrown in /home/edep2025/public_html/actions/telegram_webhook.php on line 34
[10-Sep-2025 14:20:39 UTC] PHP Fatal error:  Uncaught Error: Call to undefined function downloadTelegramFile() in /home/edep2025/public_html/actions/telegram_webhook.php:77
Stack trace:
#0 {main}
  thrown in /home/edep2025/public_html/actions/telegram_webhook.php on line 77
[10-Sep-2025 14:21:18 UTC] PHP Fatal error:  Uncaught Error: Call to a member function bind_param() on bool in /home/edep2025/public_html/actions/telegram_webhook.php:34
Stack trace:
#0 {main}
  thrown in /home/edep2025/public_html/actions/telegram_webhook.php on line 34
[10-Sep-2025 14:22:28 UTC] PHP Fatal error:  Uncaught Error: Call to undefined function downloadTelegramFile() in /home/edep2025/public_html/actions/telegram_webhook.php:77
Stack trace:
#0 {main}
  thrown in /home/edep2025/public_html/actions/telegram_webhook.php on line 77
[10-Sep-2025 14:22:45 UTC] PHP Fatal error:  Uncaught Error: Call to a member function bind_param() on bool in /home/edep2025/public_html/actions/telegram_webhook.php:34
Stack trace:
#0 {main}
  thrown in /home/edep2025/public_html/actions/telegram_webhook.php on line 34
[10-Sep-2025 14:24:14 UTC] PHP Fatal error:  Uncaught Error: Call to undefined function downloadTelegramFile() in /home/edep2025/public_html/actions/telegram_webhook.php:77
Stack trace:
#0 {main}
  thrown in /home/edep2025/public_html/actions/telegram_webhook.php on line 77
[10-Sep-2025 14:24:15 UTC] PHP Fatal error:  Uncaught Error: Call to a member function bind_param() on bool in /home/edep2025/public_html/actions/telegram_webhook.php:34
Stack trace:
#0 {main}
  thrown in /home/edep2025/public_html/actions/telegram_webhook.php on line 34
[10-Sep-2025 14:26:05 UTC] PHP Fatal error:  Uncaught Error: Call to a member function bind_param() on bool in /home/edep2025/public_html/actions/telegram_webhook.php:34
Stack trace:
#0 {main}
  thrown in /home/edep2025/public_html/actions/telegram_webhook.php on line 34
[10-Sep-2025 14:26:12 UTC] PHP Fatal error:  Uncaught Error: Call to undefined function downloadTelegramFile() in /home/edep2025/public_html/actions/telegram_webhook.php:77
Stack trace:
#0 {main}
  thrown in /home/edep2025/public_html/actions/telegram_webhook.php on line 77
[10-Sep-2025 14:27:29 UTC] PHP Fatal error:  Uncaught Error: Call to a member function bind_param() on bool in /home/edep2025/public_html/actions/telegram_webhook.php:34
Stack trace:
#0 {main}
  thrown in /home/edep2025/public_html/actions/telegram_webhook.php on line 34
[10-Sep-2025 14:28:12 UTC] PHP Fatal error:  Uncaught Error: Call to undefined function downloadTelegramFile() in /home/edep2025/public_html/actions/telegram_webhook.php:77
Stack trace:
#0 {main}
  thrown in /home/edep2025/public_html/actions/telegram_webhook.php on line 77
[10-Sep-2025 14:28:32 UTC] PHP Fatal error:  Uncaught Error: Call to a member function bind_param() on bool in /home/edep2025/public_html/actions/telegram_webhook.php:34
Stack trace:
#0 {main}
  thrown in /home/edep2025/public_html/actions/telegram_webhook.php on line 34
[10-Sep-2025 14:29:35 UTC] PHP Fatal error:  Uncaught Error: Call to a member function bind_param() on bool in /home/edep2025/public_html/actions/telegram_webhook.php:34
Stack trace:
#0 {main}
  thrown in /home/edep2025/public_html/actions/telegram_webhook.php on line 34
[10-Sep-2025 14:29:41 UTC] PHP Fatal error:  Uncaught Error: Call to undefined function downloadTelegramFile() in /home/edep2025/public_html/actions/telegram_webhook.php:77
Stack trace:
#0 {main}
  thrown in /home/edep2025/public_html/actions/telegram_webhook.php on line 77
[10-Sep-2025 14:31:14 UTC] PHP Fatal error:  Uncaught Error: Call to undefined function downloadTelegramFile() in /home/edep2025/public_html/actions/telegram_webhook.php:77
Stack trace:
#0 {main}
  thrown in /home/edep2025/public_html/actions/telegram_webhook.php on line 77
[10-Sep-2025 14:31:28 UTC] PHP Fatal error:  Uncaught Error: Call to a member function bind_param() on bool in /home/edep2025/public_html/actions/telegram_webhook.php:34
Stack trace:
#0 {main}
  thrown in /home/edep2025/public_html/actions/telegram_webhook.php on line 34
[10-Sep-2025 14:32:40 UTC] PHP Fatal error:  Uncaught Error: Call to undefined function downloadTelegramFile() in /home/edep2025/public_html/actions/telegram_webhook.php:77
Stack trace:
#0 {main}
  thrown in /home/edep2025/public_html/actions/telegram_webhook.php on line 77
[10-Sep-2025 14:33:10 UTC] PHP Fatal error:  Uncaught Error: Call to a member function bind_param() on bool in /home/edep2025/public_html/actions/telegram_webhook.php:34
Stack trace:
#0 {main}
  thrown in /home/edep2025/public_html/actions/telegram_webhook.php on line 34
[10-Sep-2025 14:34:19 UTC] PHP Fatal error:  Uncaught Error: Call to a member function bind_param() on bool in /home/edep2025/public_html/actions/telegram_webhook.php:34
Stack trace:
#0 {main}
  thrown in /home/edep2025/public_html/actions/telegram_webhook.php on line 34
[10-Sep-2025 14:34:30 UTC] PHP Fatal error:  Uncaught Error: Call to undefined function downloadTelegramFile() in /home/edep2025/public_html/actions/telegram_webhook.php:77
Stack trace:
#0 {main}
  thrown in /home/edep2025/public_html/actions/telegram_webhook.php on line 77
[10-Sep-2025 14:35:43 UTC] PHP Fatal error:  Uncaught Error: Call to undefined function downloadTelegramFile() in /home/edep2025/public_html/actions/telegram_webhook.php:77
Stack trace:
#0 {main}
  thrown in /home/edep2025/public_html/actions/telegram_webhook.php on line 77
[10-Sep-2025 14:36:18 UTC] PHP Fatal error:  Uncaught Error: Call to a member function bind_param() on bool in /home/edep2025/public_html/actions/telegram_webhook.php:34
Stack trace:
#0 {main}
  thrown in /home/edep2025/public_html/actions/telegram_webhook.php on line 34
[10-Sep-2025 14:37:01 UTC] PHP Fatal error:  Uncaught Error: Call to undefined function downloadTelegramFile() in /home/edep2025/public_html/actions/telegram_webhook.php:77
Stack trace:
#0 {main}
  thrown in /home/edep2025/public_html/actions/telegram_webhook.php on line 77
[10-Sep-2025 14:37:43 UTC] PHP Fatal error:  Uncaught Error: Call to a member function bind_param() on bool in /home/edep2025/public_html/actions/telegram_webhook.php:34
Stack trace:
#0 {main}
  thrown in /home/edep2025/public_html/actions/telegram_webhook.php on line 34
[10-Sep-2025 14:38:33 UTC] PHP Fatal error:  Uncaught Error: Call to undefined function downloadTelegramFile() in /home/edep2025/public_html/actions/telegram_webhook.php:77
Stack trace:
#0 {main}
  thrown in /home/edep2025/public_html/actions/telegram_webhook.php on line 77
[10-Sep-2025 14:39:34 UTC] PHP Fatal error:  Uncaught Error: Call to undefined function downloadTelegramFile() in /home/edep2025/public_html/actions/telegram_webhook.php:77
Stack trace:
#0 {main}
  thrown in /home/edep2025/public_html/actions/telegram_webhook.php on line 77
[10-Sep-2025 14:39:40 UTC] PHP Fatal error:  Uncaught Error: Call to a member function bind_param() on bool in /home/edep2025/public_html/actions/telegram_webhook.php:34
Stack trace:
#0 {main}
  thrown in /home/edep2025/public_html/actions/telegram_webhook.php on line 34
[10-Sep-2025 14:41:06 UTC] PHP Fatal error:  Uncaught Error: Call to a member function bind_param() on bool in /home/edep2025/public_html/actions/telegram_webhook.php:34
Stack trace:
#0 {main}
  thrown in /home/edep2025/public_html/actions/telegram_webhook.php on line 34
[10-Sep-2025 14:41:09 UTC] PHP Fatal error:  Uncaught Error: Call to undefined function downloadTelegramFile() in /home/edep2025/public_html/actions/telegram_webhook.php:77
Stack trace:
#0 {main}
  thrown in /home/edep2025/public_html/actions/telegram_webhook.php on line 77
[10-Sep-2025 14:42:10 UTC] PHP Fatal error:  Uncaught Error: Call to a member function bind_param() on bool in /home/edep2025/public_html/actions/telegram_webhook.php:34
Stack trace:
#0 {main}
  thrown in /home/edep2025/public_html/actions/telegram_webhook.php on line 34
[10-Sep-2025 14:42:37 UTC] PHP Fatal error:  Uncaught Error: Call to undefined function downloadTelegramFile() in /home/edep2025/public_html/actions/telegram_webhook.php:77
Stack trace:
#0 {main}
  thrown in /home/edep2025/public_html/actions/telegram_webhook.php on line 77
[10-Sep-2025 14:43:12 UTC] PHP Fatal error:  Uncaught Error: Call to a member function bind_param() on bool in /home/edep2025/public_html/actions/telegram_webhook.php:34
Stack trace:
#0 {main}
  thrown in /home/edep2025/public_html/actions/telegram_webhook.php on line 34
[10-Sep-2025 14:44:25 UTC] PHP Fatal error:  Uncaught Error: Call to undefined function downloadTelegramFile() in /home/edep2025/public_html/actions/telegram_webhook.php:77
Stack trace:
#0 {main}
  thrown in /home/edep2025/public_html/actions/telegram_webhook.php on line 77
[10-Sep-2025 14:44:51 UTC] PHP Fatal error:  Uncaught Error: Call to a member function bind_param() on bool in /home/edep2025/public_html/actions/telegram_webhook.php:34
Stack trace:
#0 {main}
  thrown in /home/edep2025/public_html/actions/telegram_webhook.php on line 34
[10-Sep-2025 14:46:00 UTC] PHP Fatal error:  Uncaught Error: Call to a member function bind_param() on bool in /home/edep2025/public_html/actions/telegram_webhook.php:34
Stack trace:
#0 {main}
  thrown in /home/edep2025/public_html/actions/telegram_webhook.php on line 34
[10-Sep-2025 14:46:22 UTC] PHP Fatal error:  Uncaught Error: Call to undefined function downloadTelegramFile() in /home/edep2025/public_html/actions/telegram_webhook.php:77
Stack trace:
#0 {main}
  thrown in /home/edep2025/public_html/actions/telegram_webhook.php on line 77
[10-Sep-2025 14:47:23 UTC] PHP Fatal error:  Uncaught Error: Call to a member function bind_param() on bool in /home/edep2025/public_html/actions/telegram_webhook.php:34
Stack trace:
#0 {main}
  thrown in /home/edep2025/public_html/actions/telegram_webhook.php on line 34
[10-Sep-2025 14:47:46 UTC] PHP Fatal error:  Uncaught Error: Call to undefined function downloadTelegramFile() in /home/edep2025/public_html/actions/telegram_webhook.php:77
Stack trace:
#0 {main}
  thrown in /home/edep2025/public_html/actions/telegram_webhook.php on line 77
[10-Sep-2025 14:48:35 UTC] PHP Fatal error:  Uncaught Error: Call to a member function bind_param() on bool in /home/edep2025/public_html/actions/telegram_webhook.php:34
Stack trace:
#0 {main}
  thrown in /home/edep2025/public_html/actions/telegram_webhook.php on line 34
[10-Sep-2025 14:48:56 UTC] PHP Fatal error:  Uncaught Error: Call to undefined function downloadTelegramFile() in /home/edep2025/public_html/actions/telegram_webhook.php:77
Stack trace:
#0 {main}
  thrown in /home/edep2025/public_html/actions/telegram_webhook.php on line 77
[10-Sep-2025 14:50:02 UTC] PHP Fatal error:  Uncaught Error: Call to a member function bind_param() on bool in /home/edep2025/public_html/actions/telegram_webhook.php:34
Stack trace:
#0 {main}
  thrown in /home/edep2025/public_html/actions/telegram_webhook.php on line 34
[10-Sep-2025 14:50:08 UTC] PHP Fatal error:  Uncaught Error: Call to undefined function downloadTelegramFile() in /home/edep2025/public_html/actions/telegram_webhook.php:77
Stack trace:
#0 {main}
  thrown in /home/edep2025/public_html/actions/telegram_webhook.php on line 77
[10-Sep-2025 14:51:10 UTC] PHP Fatal error:  Uncaught Error: Call to undefined function downloadTelegramFile() in /home/edep2025/public_html/actions/telegram_webhook.php:77
Stack trace:
#0 {main}
  thrown in /home/edep2025/public_html/actions/telegram_webhook.php on line 77
[10-Sep-2025 14:51:34 UTC] PHP Fatal error:  Uncaught Error: Call to a member function bind_param() on bool in /home/edep2025/public_html/actions/telegram_webhook.php:34
Stack trace:
#0 {main}
  thrown in /home/edep2025/public_html/actions/telegram_webhook.php on line 34
[10-Sep-2025 14:52:39 UTC] PHP Fatal error:  Uncaught Error: Call to undefined function downloadTelegramFile() in /home/edep2025/public_html/actions/telegram_webhook.php:77
Stack trace:
#0 {main}
  thrown in /home/edep2025/public_html/actions/telegram_webhook.php on line 77
[10-Sep-2025 14:53:05 UTC] PHP Fatal error:  Uncaught Error: Call to a member function bind_param() on bool in /home/edep2025/public_html/actions/telegram_webhook.php:34
Stack trace:
#0 {main}
  thrown in /home/edep2025/public_html/actions/telegram_webhook.php on line 34
[10-Sep-2025 14:54:05 UTC] PHP Fatal error:  Uncaught Error: Call to a member function bind_param() on bool in /home/edep2025/public_html/actions/telegram_webhook.php:34
Stack trace:
#0 {main}
  thrown in /home/edep2025/public_html/actions/telegram_webhook.php on line 34
[10-Sep-2025 14:54:39 UTC] PHP Fatal error:  Uncaught Error: Call to undefined function downloadTelegramFile() in /home/edep2025/public_html/actions/telegram_webhook.php:77
Stack trace:
#0 {main}
  thrown in /home/edep2025/public_html/actions/telegram_webhook.php on line 77
[10-Sep-2025 14:55:10 UTC] PHP Fatal error:  Uncaught Error: Call to a member function bind_param() on bool in /home/edep2025/public_html/actions/telegram_webhook.php:34
Stack trace:
#0 {main}
  thrown in /home/edep2025/public_html/actions/telegram_webhook.php on line 34
[10-Sep-2025 14:55:52 UTC] PHP Fatal error:  Uncaught Error: Call to undefined function downloadTelegramFile() in /home/edep2025/public_html/actions/telegram_webhook.php:77
Stack trace:
#0 {main}
  thrown in /home/edep2025/public_html/actions/telegram_webhook.php on line 77
[10-Sep-2025 14:56:45 UTC] PHP Fatal error:  Uncaught Error: Call to a member function bind_param() on bool in /home/edep2025/public_html/actions/telegram_webhook.php:34
Stack trace:
#0 {main}
  thrown in /home/edep2025/public_html/actions/telegram_webhook.php on line 34
[10-Sep-2025 14:57:24 UTC] PHP Fatal error:  Uncaught Error: Call to undefined function downloadTelegramFile() in /home/edep2025/public_html/actions/telegram_webhook.php:77
Stack trace:
#0 {main}
  thrown in /home/edep2025/public_html/actions/telegram_webhook.php on line 77
[10-Sep-2025 14:58:40 UTC] PHP Fatal error:  Uncaught Error: Call to a member function bind_param() on bool in /home/edep2025/public_html/actions/telegram_webhook.php:34
Stack trace:
#0 {main}
  thrown in /home/edep2025/public_html/actions/telegram_webhook.php on line 34
[10-Sep-2025 14:59:15 UTC] PHP Fatal error:  Uncaught Error: Call to undefined function downloadTelegramFile() in /home/edep2025/public_html/actions/telegram_webhook.php:77
Stack trace:
#0 {main}
  thrown in /home/edep2025/public_html/actions/telegram_webhook.php on line 77
[10-Sep-2025 15:00:11 UTC] PHP Fatal error:  Uncaught Error: Call to a member function bind_param() on bool in /home/edep2025/public_html/actions/telegram_webhook.php:34
Stack trace:
#0 {main}
  thrown in /home/edep2025/public_html/actions/telegram_webhook.php on line 34
[10-Sep-2025 15:01:06 UTC] PHP Fatal error:  Uncaught Error: Call to undefined function downloadTelegramFile() in /home/edep2025/public_html/actions/telegram_webhook.php:77
Stack trace:
#0 {main}
  thrown in /home/edep2025/public_html/actions/telegram_webhook.php on line 77
[10-Sep-2025 15:01:30 UTC] PHP Fatal error:  Uncaught Error: Call to a member function bind_param() on bool in /home/edep2025/public_html/actions/telegram_webhook.php:34
Stack trace:
#0 {main}
  thrown in /home/edep2025/public_html/actions/telegram_webhook.php on line 34
[10-Sep-2025 15:02:32 UTC] PHP Fatal error:  Uncaught Error: Call to a member function bind_param() on bool in /home/edep2025/public_html/actions/telegram_webhook.php:34
Stack trace:
#0 {main}
  thrown in /home/edep2025/public_html/actions/telegram_webhook.php on line 34
[10-Sep-2025 15:02:53 UTC] PHP Fatal error:  Uncaught Error: Call to undefined function downloadTelegramFile() in /home/edep2025/public_html/actions/telegram_webhook.php:77
Stack trace:
#0 {main}
  thrown in /home/edep2025/public_html/actions/telegram_webhook.php on line 77
[10-Sep-2025 15:04:16 UTC] PHP Fatal error:  Uncaught Error: Call to a member function bind_param() on bool in /home/edep2025/public_html/actions/telegram_webhook.php:34
Stack trace:
#0 {main}
  thrown in /home/edep2025/public_html/actions/telegram_webhook.php on line 34
[10-Sep-2025 15:04:31 UTC] PHP Fatal error:  Uncaught Error: Call to undefined function downloadTelegramFile() in /home/edep2025/public_html/actions/telegram_webhook.php:77
Stack trace:
#0 {main}
  thrown in /home/edep2025/public_html/actions/telegram_webhook.php on line 77
[10-Sep-2025 15:05:57 UTC] PHP Fatal error:  Uncaught Error: Call to undefined function downloadTelegramFile() in /home/edep2025/public_html/actions/telegram_webhook.php:77
Stack trace:
#0 {main}
  thrown in /home/edep2025/public_html/actions/telegram_webhook.php on line 77
[10-Sep-2025 15:06:16 UTC] PHP Fatal error:  Uncaught Error: Call to a member function bind_param() on bool in /home/edep2025/public_html/actions/telegram_webhook.php:34
Stack trace:
#0 {main}
  thrown in /home/edep2025/public_html/actions/telegram_webhook.php on line 34
